period	date	equity
development	20100104	1.000000
development	20100105	1.000000
development	20100106	1.000000
development	20100107	1.000000
development	20100108	1.000000
development	20100111	1.000000
development	20100112	0.997529
development	20100113	0.988941
development	20100114	0.992583
development	20100115	0.997245
development	20100118	0.996710
development	20100119	0.995879
development	20100120	0.985763
development	20100121	0.996699
development	20100122	0.992304
development	20100125	0.970613
development	20100126	0.966667
development	20100127	0.964034
development	20100128	0.967708
development	20100129	0.967708
development	20100201	0.971365
development	20100202	0.967087
development	20100203	0.967894
development	20100204	0.967788
development	20100205	0.969987
development	20100208	0.961901
development	20100209	0.970288
development	20100210	0.985470
development	20100211	0.964019
development	20100212	0.964935
development	20100216	0.970079
development	20100217	0.989270
development	20100218	0.987722
development	20100219	1.004690
development	20100222	0.997503
development	20100223	0.998429
development	20100224	1.007570
development	20100225	1.010885
development	20100226	1.010885
development	20100302	1.010885
development	20100303	1.010885
development	20100304	1.011081
development	20100305	1.007655
development	20100308	1.007655
development	20100309	1.007655
development	20100310	1.004286
development	20100311	1.015059
development	20100312	1.011024
development	20100315	1.010338
development	20100316	1.011690
development	20100317	1.015059
development	20100318	1.008986
development	20100319	1.015604
development	20100322	1.017441
development	20100323	1.013219
development	20100324	1.012423
development	20100325	1.005587
development	20100326	1.005856
development	20100329	0.998212
development	20100330	1.000695
development	20100331	1.011418
development	20100401	1.013161
development	20100402	1.005698
development	20100405	1.000779
development	20100406	1.000676
development	20100407	0.993580
development	20100408	0.997875
development	20100409	1.007021
development	20100412	1.005426
development	20100413	1.006462
development	20100414	1.011642
development	20100415	1.016255
development	20100416	1.016396
development	20100419	1.015831
development	20100420	1.016537
development	20100421	1.019507
development	20100422	1.019151
development	20100423	1.019597
development	20100426	1.022722
development	20100427	1.023615
development	20100428	1.021532
development	20100429	1.018258
development	20100430	1.016560
development	20100503	1.016560
development	20100504	1.016560
development	20100506	1.016560
development	20100507	1.016560
development	20100510	1.016560
development	20100511	1.016560
development	20100512	1.016560
development	20100513	1.023712
development	20100514	1.023069
development	20100517	1.017639
development	20100518	1.013902
development	20100519	1.013902
development	20100520	1.013902
development	20100524	1.013902
development	20100525	1.013902
development	20100526	1.013902
development	20100527	1.013902
development	20100528	1.013902
development	20100531	1.013902
development	20100601	1.013902
development	20100603	1.009226
development	20100604	1.007906
development	20100607	1.000551
development	20100608	1.008025
development	20100609	1.005437
development	20100610	0.995866
development	20100611	0.990459
development	20100614	0.993479
development	20100615	1.006246
development	20100616	1.001620
development	20100617	0.999551
development	20100618	0.999346
development	20100621	0.997484
development	20100622	0.996086
development	20100623	0.995710
development	20100624	0.994203
development	20100625	0.994658
development	20100628	0.996019
development	20100629	0.990571
development	20100630	0.986984
development	20100701	0.986984
development	20100702	0.986984
development	20100705	0.986984
development	20100706	0.990822
development	20100707	0.982637
development	20100708	0.981199
development	20100709	0.981199
development	20100712	0.975933
development	20100713	0.975549
development	20100714	0.977184
development	20100715	0.978902
development	20100716	0.979475
development	20100719	0.978135
development	20100720	0.981576
development	20100721	0.978196
development	20100722	0.978196
development	20100723	0.978196
development	20100726	0.978196
development	20100727	0.977349
development	20100728	0.976754
development	20100729	0.972589
development	20100730	0.971399
development	20100802	0.969020
development	20100803	0.965148
development	20100804	0.965148
development	20100805	0.965148
development	20100806	0.965550
development	20100809	0.965550
development	20100810	0.976515
development	20100811	0.970282
development	20100812	0.974118
development	20100813	0.973758
development	20100816	0.968497
development	20100817	0.966547
development	20100818	0.970474
development	20100819	0.972434
development	20100820	0.969194
development	20100823	0.968528
development	20100824	0.974985
development	20100825	0.974037
development	20100826	0.950578
development	20100827	0.956273
development	20100830	0.961171
development	20100831	0.962893
development	20100901	0.969226
development	20100902	0.961815
development	20100903	0.950658
development	20100906	0.940741
development	20100907	0.941612
development	20100908	0.941452
development	20100909	0.943572
development	20100910	0.947985
development	20100913	0.947985
development	20100914	0.947985
development	20100915	0.947985
development	20100916	0.947985
development	20100917	0.947985
development	20100920	0.947985
development	20100924	0.947873
development	20100927	0.948639
development	20100928	0.947802
development	20100929	0.941064
development	20100930	0.944776
development	20101001	0.944302
development	20101004	0.946207
development	20101005	0.941186
development	20101006	0.935905
development	20101007	0.936842
development	20101008	0.938381
development	20101011	0.938381
development	20101012	0.938381
development	20101013	0.933850
development	20101014	0.938162
development	20101015	0.934570
development	20101018	0.941318
development	20101019	0.940091
development	20101020	0.945302
development	20101021	0.941109
development	20101022	0.940510
development	20101025	0.939229
development	20101026	0.934487
development	20101027	0.927332
development	20101028	0.930976
development	20101029	0.930659
development	20101101	0.925395
development	20101102	0.922862
development	20101103	0.922862
development	20101104	0.922862
development	20101105	0.922862
development	20101108	0.922676
development	20101109	0.922786
development	20101110	0.929366
development	20101111	0.942397
development	20101112	0.945584
development	20101115	0.939736
development	20101116	0.944626
development	20101117	0.938076
development	20101118	0.933195
development	20101119	0.936651
development	20101122	0.938933
development	20101123	0.938933
development	20101124	0.933005
development	20101125	0.929027
development	20101126	0.924796
development	20101129	0.927386
development	20101130	0.927722
development	20101201	0.926743
development	20101202	0.927070
development	20101203	0.936969
development	20101206	0.944415
development	20101207	0.937668
development	20101208	0.929242
development	20101209	0.931759
development	20101210	0.931124
development	20101213	0.928530
development	20101214	0.935324
development	20101215	0.950852
development	20101216	0.932906
development	20101217	0.929430
development	20101220	0.932155
development	20101221	0.933900
development	20101222	0.933551
development	20101223	0.930758
development	20101224	0.926219
development	20101227	0.925521
development	20101228	0.925870
development	20101229	0.927680
development	20101230	0.935362
development	20110103	0.939901
development	20110104	0.938223
development	20110105	0.938223
development	20110106	0.938223
development	20110107	0.938223
development	20110110	0.938223
development	20110111	0.938223
development	20110112	0.938621
development	20110113	0.935329
development	20110114	0.932038
development	20110117	0.932038
development	20110118	0.932449
development	20110119	0.934918
development	20110120	0.934095
development	20110121	0.940530
development	20110124	0.937696
development	20110125	0.935838
development	20110126	0.935517
development	20110127	0.938060
development	20110128	0.937848
development	20110131	0.935393
development	20110201	0.934572
development	20110207	0.932532
development	20110208	0.925117
development	20110209	0.918554
development	20110210	0.924893
development	20110211	0.918511
development	20110214	0.919325
development	20110215	0.934843
development	20110216	0.933876
development	20110217	0.931549
development	20110218	0.939890
development	20110221	0.941790
development	20110222	0.942155
development	20110223	0.955435
development	20110224	0.966073
development	20110225	0.966833
development	20110228	0.969246
development	20110302	0.970816
development	20110303	0.973955
development	20110304	0.974734
development	20110307	0.976651
development	20110308	0.975898
development	20110309	0.967557
development	20110310	0.980129
development	20110311	0.967349
development	20110314	0.941817
development	20110315	0.931196
development	20110316	0.931196
development	20110317	0.931196
development	20110318	0.931196
development	20110321	0.931196
development	20110322	0.931196
development	20110323	0.931196
development	20110324	0.931196
development	20110325	0.931196
development	20110328	0.931196
development	20110329	0.931196
development	20110330	0.931196
development	20110331	0.931196
development	20110401	0.930002
development	20110404	0.928561
development	20110405	0.928561
development	20110406	0.923314
development	20110407	0.922523
development	20110408	0.922163
development	20110411	0.918920
development	20110412	0.912782
development	20110413	0.907565
development	20110414	0.908059
development	20110415	0.907028
development	20110418	0.901113
development	20110419	0.893584
development	20110420	0.897693
development	20110421	0.884069
development	20110422	0.881977
development	20110425	0.881977
development	20110426	0.881977
development	20110427	0.881977
development	20110428	0.881977
development	20110429	0.881288
development	20110502	0.883369
development	20110503	0.886741
development	20110504	0.893909
development	20110506	0.894983
development	20110509	0.879734
development	20110511	0.885077
development	20110512	0.884671
development	20110513	0.886598
development	20110516	0.890408
development	20110517	0.894002
development	20110518	0.893002
development	20110519	0.894335
development	20110520	0.897135
development	20110523	0.897135
development	20110524	0.897135
development	20110525	0.897135
development	20110526	0.897135
development	20110527	0.897436
development	20110530	0.897436
development	20110531	0.897436
development	20110601	0.897132
development	20110602	0.903213
development	20110603	0.893636
development	20110607	0.885883
development	20110608	0.886491
development	20110609	0.886339
development	20110610	0.880066
development	20110613	0.881443
development	20110614	0.877121
development	20110615	0.879275
development	20110616	0.880354
development	20110617	0.874864
development	20110620	0.874442
development	20110621	0.876694
development	20110622	0.871165
development	20110623	0.872362
development	20110624	0.876854
development	20110627	0.875554
development	20110628	0.875364
development	20110629	0.875364
development	20110630	0.875364
development	20110701	0.875364
development	20110704	0.875364
development	20110705	0.875364
development	20110706	0.875364
development	20110707	0.875364
development	20110708	0.875364
development	20110711	0.875364
development	20110712	0.875364
development	20110713	0.875364
development	20110714	0.866707
development	20110715	0.866707
development	20110718	0.866707
development	20110719	0.866707
development	20110720	0.866707
development	20110721	0.866707
development	20110722	0.866707
development	20110725	0.866707
development	20110726	0.870538
development	20110727	0.871206
development	20110728	0.873736
development	20110729	0.873736
development	20110801	0.873736
development	20110802	0.873736
development	20110803	0.873736
development	20110804	0.873736
development	20110805	0.881832
development	20110808	0.881832
development	20110809	0.881832
development	20110810	0.881832
development	20110811	0.881832
development	20110812	0.881832
development	20110816	0.881832
development	20110817	0.881832
development	20110818	0.881832
development	20110819	0.881832
development	20110822	0.881832
development	20110823	0.881832
development	20110824	0.881832
development	20110825	0.881832
development	20110826	0.881832
development	20110829	0.885640
development	20110830	0.876531
development	20110831	0.881918
development	20110901	0.880383
development	20110902	0.882186
development	20110905	0.853800
development	20110906	0.841266
development	20110907	0.846950
development	20110908	0.846069
development	20110909	0.842836
development	20110914	0.837960
development	20110915	0.837960
development	20110916	0.837960
development	20110919	0.839464
development	20110920	0.839464
development	20110921	0.839464
development	20110922	0.839464
development	20110923	0.839464
development	20110926	0.839464
development	20110927	0.839464
development	20110928	0.839464
development	20110929	0.839464
development	20110930	0.839464
development	20111004	0.839464
development	20111005	0.836647
development	20111006	0.841933
development	20111007	0.853477
development	20111010	0.868149
development	20111011	0.884979
development	20111012	0.886489
development	20111013	0.887568
development	20111014	0.902240
development	20111017	0.910224
development	20111018	0.904257
development	20111019	0.912894
development	20111020	0.895708
development	20111021	0.894302
development	20111024	0.894302
development	20111025	0.894697
development	20111026	0.892230
development	20111027	0.887321
development	20111028	0.884470
development	20111031	0.884470
development	20111101	0.883914
development	20111102	0.880608
development	20111103	0.872626
development	20111104	0.880787
development	20111107	0.877633
development	20111108	0.872322
development	20111109	0.873113
development	20111110	0.866819
development	20111111	0.874373
development	20111114	0.877700
development	20111115	0.878124
development	20111116	0.874671
development	20111117	0.879518
development	20111118	0.879518
development	20111121	0.881065
development	20111122	0.881065
development	20111123	0.881065
development	20111124	0.881065
development	20111125	0.881065
development	20111128	0.881065
development	20111129	0.881065
development	20111130	0.877909
development	20111201	0.880004
development	20111202	0.879189
development	20111205	0.882099
development	20111206	0.877003
development	20111207	0.883746
development	20111208	0.882603
development	20111209	0.888104
development	20111212	0.899523
development	20111213	0.892211
development	20111214	0.887215
development	20111215	0.890767
development	20111216	0.894552
development	20111219	0.906443
development	20111220	0.910225
development	20111221	0.910225
development	20111222	0.910231
development	20111223	0.909283
development	20111226	0.906169
development	20111227	0.900222
development	20111228	0.906708
development	20111229	0.905589
development	20120102	0.908526
development	20120103	0.913268
development	20120104	0.929030
development	20120105	0.938965
development	20120106	0.928614
development	20120109	0.925557
development	20120110	0.928906
development	20120111	0.909762
development	20120112	0.912562
development	20120113	0.921503
development	20120116	0.919443
development	20120117	0.916911
development	20120118	0.916911
development	20120119	0.916911
development	20120120	0.915789
development	20120125	0.913121
development	20120126	0.929041
development	20120127	0.939823
development	20120130	0.956779
development	20120131	0.969849
development	20120201	0.964118
development	20120202	0.944094
development	20120203	0.953460
development	20120206	0.949746
development	20120207	0.967671
development	20120208	0.973173
development	20120209	0.958377
development	20120210	0.948420
development	20120213	0.948420
development	20120214	0.948420
development	20120215	0.948420
development	20120216	0.948420
development	20120217	0.948420
development	20120220	0.948420
development	20120221	0.948420
development	20120222	0.948420
development	20120223	0.942040
development	20120224	0.945079
development	20120227	0.934288
development	20120228	0.936378
development	20120229	0.936629
development	20120302	0.935547
development	20120305	0.935327
development	20120306	0.934322
development	20120307	0.931809
development	20120308	0.936668
development	20120309	0.932289
development	20120312	0.932289
development	20120313	0.932289
development	20120314	0.932289
development	20120315	0.932289
development	20120316	0.932289
development	20120319	0.932289
development	20120320	0.932574
development	20120321	0.923970
development	20120322	0.929325
development	20120323	0.927501
development	20120326	0.922743
development	20120327	0.912408
development	20120328	0.926553
development	20120329	0.928256
development	20120330	0.930632
development	20120402	0.924921
development	20120403	0.917698
development	20120404	0.914132
development	20120405	0.914025
development	20120406	0.915863
development	20120409	0.916726
development	20120410	0.918347
development	20120412	0.916511
development	20120413	0.914242
development	20120416	0.914456
development	20120417	0.915230
development	20120418	0.915230
development	20120419	0.915230
development	20120420	0.915230
development	20120423	0.915230
development	20120424	0.915230
development	20120425	0.915230
development	20120426	0.915230
development	20120427	0.915230
development	20120430	0.915230
development	20120502	0.915230
development	20120503	0.915230
development	20120504	0.915230
development	20120507	0.914994
development	20120508	0.917446
development	20120509	0.915663
development	20120510	0.912907
development	20120511	0.912907
development	20120514	0.912907
development	20120515	0.912907
development	20120516	0.912907
development	20120517	0.912907
development	20120518	0.912907
development	20120521	0.912907
development	20120522	0.912907
development	20120523	0.913136
development	20120524	0.920639
development	20120525	0.919139
development	20120529	0.916138
development	20120530	0.909392
development	20120531	0.911636
development	20120601	0.909013
development	20120604	0.913515
development	20120605	0.909770
development	20120607	0.913888
development	20120608	0.913890
development	20120611	0.914868
development	20120612	0.914169
development	20120613	0.911235
development	20120614	0.910816
development	20120615	0.911654
development	20120618	0.916964
development	20120619	0.917942
development	20120620	0.917383
development	20120621	0.925556
development	20120622	0.925556
development	20120625	0.925556
development	20120626	0.925556
development	20120627	0.925556
development	20120628	0.925556
development	20120629	0.925556
development	20120702	0.925556
development	20120703	0.925556
development	20120704	0.925556
development	20120705	0.925556
development	20120706	0.925556
development	20120709	0.925556
development	20120710	0.925556
development	20120711	0.925556
development	20120712	0.925556
development	20120713	0.925556
development	20120716	0.925556
development	20120717	0.925556
development	20120718	0.925556
development	20120719	0.925556
development	20120720	0.925556
development	20120723	0.925556
development	20120724	0.925556
development	20120725	0.925556
development	20120726	0.925556
development	20120727	0.925556
development	20120730	0.925556
development	20120731	0.925556
development	20120801	0.925556
development	20120802	0.926933
development	20120803	0.926933
development	20120806	0.926933
development	20120807	0.926933
development	20120808	0.926933
development	20120809	0.926933
development	20120810	0.926933
development	20120813	0.926933
development	20120814	0.926933
development	20120816	0.926933
development	20120817	0.926933
development	20120820	0.926933
development	20120821	0.926933
development	20120822	0.926933
development	20120823	0.926933
development	20120824	0.925609
development	20120827	0.909422
development	20120828	0.909422
development	20120829	0.910343
development	20120830	0.910965
development	20120831	0.909778
development	20120903	0.906854
development	20120904	0.895803
development	20120905	0.892339
development	20120906	0.903628
development	20120907	0.902273
development	20120910	0.903068
development	20120911	0.906045
development	20120912	0.924223
development	20120913	0.945779
development	20120914	0.941392
development	20120917	0.952985
development	20120918	0.932404
development	20120919	0.918334
development	20120920	0.919406
development	20120921	0.910652
development	20120924	0.909951
development	20120925	0.900873
development	20120926	0.901258
development	20120927	0.902453
development	20120928	0.902553
development	20121002	0.898169
development	20121004	0.896674
development	20121005	0.898734
development	20121008	0.895645
development	20121009	0.901225
development	20121010	0.905020
development	20121011	0.903326
development	20121012	0.902145
development	20121015	0.902264
development	20121016	0.887602
development	20121017	0.882821
development	20121018	0.879152
development	20121019	0.880144
development	20121022	0.880144
development	20121023	0.877148
development	20121024	0.880131
development	20121025	0.882175
development	20121026	0.882175
development	20121029	0.882175
development	20121030	0.882175
development	20121031	0.883475
development	20121101	0.877727
development	20121102	0.875427
development	20121105	0.875591
development	20121106	0.873579
development	20121107	0.870626
development	20121108	0.870626
development	20121109	0.870626
development	20121112	0.870626
development	20121113	0.870626
development	20121114	0.870626
development	20121115	0.868882
development	20121116	0.865914
development	20121119	0.871602
development	20121120	0.869252
development	20121121	0.871501
development	20121122	0.876831
development	20121123	0.880938
development	20121126	0.871035
development	20121127	0.866642
development	20121128	0.870179
development	20121129	0.865759
development	20121130	0.860819
development	20121203	0.858384
development	20121204	0.860362
development	20121205	0.851252
development	20121206	0.854262
development	20121207	0.854262
development	20121210	0.854262
development	20121211	0.854262
development	20121212	0.854262
development	20121213	0.854374
development	20121214	0.853990
development	20121217	0.851189
development	20121218	0.851509
development	20121220	0.850249
development	20121221	0.848016
development	20121224	0.842948
development	20121226	0.849978
development	20121227	0.863057
development	20121228	0.867144
development	20130102	0.871395
development	20130103	0.869604
development	20130104	0.868950
development	20130107	0.866007
development	20130108	0.866320
development	20130109	0.863510
development	20130110	0.859109
development	20130111	0.859109
development	20130114	0.859109
development	20130115	0.859109
development	20130116	0.854642
development	20130117	0.855437
development	20130118	0.855437
development	20130121	0.855510
development	20130122	0.854732
development	20130123	0.849635
development	20130124	0.848641
development	20130125	0.850682
development	20130128	0.848982
development	20130129	0.843880
development	20130130	0.840401
development	20130131	0.840401
development	20130201	0.840401
development	20130204	0.840401
development	20130205	0.842408
development	20130206	0.855227
development	20130207	0.861724
development	20130208	0.862602
development	20130212	0.861549
development	20130213	0.877178
development	20130214	0.890699
development	20130215	0.874614
development	20130218	0.874087
development	20130219	0.855122
development	20130220	0.860847
development	20130221	0.860847
development	20130222	0.860847
development	20130225	0.860847
development	20130226	0.860847
development	20130227	0.860847
development	20130228	0.860847
development	20130304	0.861394
development	20130305	0.861394
development	20130306	0.861394
development	20130307	0.861394
development	20130308	0.861394
development	20130311	0.861394
development	20130312	0.861394
development	20130313	0.861394
development	20130314	0.861394
development	20130315	0.861394
development	20130318	0.871426
development	20130319	0.874720
development	20130320	0.878672
development	20130321	0.877025
development	20130322	0.874462
development	20130325	0.871899
development	20130326	0.882099
development	20130327	0.880233
development	20130328	0.885718
development	20130329	0.879385
development	20130401	0.879829
development	20130402	0.880028
development	20130403	0.880927
development	20130404	0.877932
development	20130405	0.875138
development	20130408	0.868976
development	20130409	0.868976
development	20130410	0.868976
development	20130411	0.868976
development	20130412	0.868108
development	20130415	0.869070
development	20130416	0.871785
development	20130417	0.871785
development	20130418	0.871785
development	20130419	0.871785
development	20130422	0.871785
development	20130423	0.871785
development	20130424	0.871785
development	20130425	0.871785
development	20130426	0.871785
development	20130429	0.871785
development	20130430	0.871785
development	20130502	0.871785
development	20130503	0.871785
development	20130506	0.870338
development	20130507	0.869979
development	20130508	0.867827
development	20130509	0.867468
development	20130510	0.863881
development	20130513	0.859761
development	20130514	0.854709
development	20130515	0.854709
development	20130516	0.854709
development	20130520	0.851591
development	20130521	0.853647
development	20130522	0.848723
development	20130523	0.845450
development	20130524	0.844004
development	20130527	0.840219
development	20130528	0.842701
development	20130529	0.840877
development	20130530	0.838585
development	20130531	0.835599
development	20130603	0.835598
development	20130604	0.838143
development	20130605	0.833676
development	20130607	0.833676
development	20130610	0.833676
development	20130611	0.833676
development	20130612	0.833676
development	20130613	0.830965
development	20130614	0.828566
development	20130617	0.830066
development	20130618	0.832164
development	20130619	0.830665
development	20130620	0.830216
development	20130621	0.826005
development	20130624	0.822055
development	20130625	0.818472
development	20130626	0.818472
development	20130627	0.818472
development	20130628	0.818472
development	20130701	0.818472
development	20130702	0.818472
development	20130703	0.812735
development	20130704	0.812735
development	20130705	0.810305
development	20130708	0.807402
development	20130709	0.807402
development	20130710	0.807402
development	20130711	0.809111
development	20130712	0.807307
development	20130715	0.805107
development	20130716	0.806108
development	20130717	0.808308
development	20130718	0.806108
development	20130719	0.807230
development	20130722	0.805124
development	20130723	0.806898
development	20130724	0.805908
development	20130725	0.804135
development	20130726	0.804462
development	20130729	0.809026
development	20130730	0.813985
development	20130731	0.813639
development	20130801	0.812345
development	20130802	0.817783
development	20130805	0.814557
development	20130806	0.817705
development	20130807	0.813892
development	20130808	0.800800
development	20130809	0.801322
development	20130812	0.793838
development	20130813	0.795258
development	20130814	0.794613
development	20130816	0.794483
development	20130819	0.792465
development	20130820	0.789238
development	20130821	0.791517
development	20130822	0.791517
development	20130823	0.791517
development	20130826	0.791517
development	20130827	0.790237
development	20130828	0.793408
development	20130829	0.793827
development	20130830	0.793827
development	20130902	0.793827
development	20130903	0.793827
development	20130904	0.793827
development	20130905	0.793827
development	20130906	0.793827
development	20130909	0.793827
development	20130910	0.793827
development	20130911	0.793827
development	20130912	0.793827
development	20130913	0.793827
development	20130916	0.793827
development	20130917	0.793827
development	20130923	0.793827
development	20130924	0.791359
development	20130925	0.791973
development	20130926	0.788552
development	20130927	0.799603
development	20130930	0.799603
development	20131001	0.808286
development	20131002	0.818810
development	20131004	0.812669
development	20131007	0.822906
development	20131008	0.823105
development	20131010	0.824173
development	20131011	0.824173
development	20131014	0.824173
development	20131015	0.824173
development	20131016	0.824173
development	20131017	0.824173
development	20131018	0.824173
development	20131021	0.824173
development	20131022	0.824173
development	20131023	0.824173
development	20131024	0.824200
development	20131025	0.826381
development	20131028	0.826694
development	20131029	0.827008
development	20131030	0.826068
development	20131031	0.826068
development	20131101	0.825441
development	20131104	0.830454
development	20131105	0.831081
development	20131106	0.829201
development	20131107	0.825441
development	20131108	0.822447
development	20131111	0.822447
development	20131112	0.822447
development	20131113	0.822447
development	20131114	0.822447
development	20131115	0.822447
development	20131118	0.821565
development	20131119	0.812675
development	20131120	0.814043
development	20131121	0.812287
development	20131122	0.813261
development	20131125	0.814043
development	20131126	0.815292
development	20131127	0.815292
development	20131128	0.815686
development	20131129	0.815686
development	20131202	0.814482
development	20131203	0.814606
development	20131204	0.814606
development	20131205	0.814606
development	20131206	0.814606
development	20131209	0.812668
development	20131210	0.810748
development	20131211	0.813391
development	20131212	0.810988
development	20131213	0.807654
development	20131216	0.807654
development	20131217	0.807654
development	20131218	0.807654
development	20131219	0.811466
development	20131220	0.813783
development	20131223	0.826759
development	20131224	0.835796
development	20131226	0.819460
development	20131227	0.806831
development	20131230	0.814246
development	20140102	0.823051
development	20140103	0.812508
development	20140106	0.823862
development	20140107	0.837989
development	20140108	0.837989
development	20140109	0.837989
development	20140110	0.837989
development	20140113	0.837989
development	20140114	0.837989
development	20140115	0.837989
development	20140116	0.837989
development	20140117	0.837989
development	20140120	0.837989
development	20140121	0.837989
development	20140122	0.837989
development	20140123	0.837989
development	20140124	0.837989
development	20140127	0.837989
development	20140128	0.837989
development	20140129	0.836417
development	20140203	0.837531
development	20140204	0.835080
development	20140205	0.837754
development	20140206	0.839425
development	20140207	0.837643
development	20140210	0.834163
development	20140211	0.839354
development	20140212	0.838351
development	20140213	0.836323
development	20140214	0.837442
development	20140217	0.830747
development	20140218	0.830747
development	20140219	0.830747
development	20140220	0.830747
development	20140221	0.830747
development	20140224	0.830747
development	20140225	0.830747
development	20140226	0.830747
development	20140227	0.830747
development	20140228	0.830747
development	20140303	0.830747
development	20140304	0.830747
development	20140305	0.830747
development	20140306	0.830558
development	20140307	0.835943
development	20140310	0.836472
development	20140311	0.833648
development	20140312	0.835766
development	20140313	0.835413
development	20140314	0.834089
development	20140317	0.833443
development	20140318	0.835995
development	20140319	0.833721
development	20140320	0.833575
development	20140321	0.835911
development	20140324	0.838021
development	20140325	0.838388
development	20140326	0.839015
development	20140327	0.835024
development	20140328	0.836596
development	20140331	0.830684
development	20140401	0.835004
development	20140402	0.835960
development	20140403	0.838847
development	20140404	0.835908
development	20140407	0.833830
development	20140408	0.835337
development	20140409	0.833452
development	20140410	0.831265
development	20140411	0.830603
development	20140414	0.831170
development	20140415	0.833429
development	20140416	0.831371
development	20140417	0.829940
development	20140418	0.828663
development	20140421	0.830507
development	20140422	0.832510
development	20140423	0.835322
development	20140424	0.835068
development	20140425	0.833544
development	20140428	0.835459
development	20140429	0.830464
development	20140430	0.832225
development	20140502	0.830396
development	20140507	0.828483
development	20140508	0.829707
development	20140509	0.831030
development	20140512	0.830903
development	20140513	0.827669
development	20140514	0.829428
development	20140515	0.835081
development	20140516	0.830476
development	20140519	0.826788
development	20140520	0.818697
development	20140521	0.818054
development	20140522	0.813343
development	20140523	0.812459
development	20140526	0.808918
development	20140527	0.808918
development	20140528	0.808918
development	20140529	0.808918
development	20140530	0.808918
development	20140602	0.808918
development	20140603	0.808918
development	20140605	0.808918
development	20140609	0.808918
development	20140610	0.808918
development	20140611	0.808918
development	20140612	0.808918
development	20140613	0.808918
development	20140616	0.808918
development	20140617	0.808918
development	20140618	0.808918
development	20140619	0.808918
development	20140620	0.808918
development	20140623	0.806089
development	20140624	0.804879
development	20140625	0.801088
development	20140626	0.801088
development	20140627	0.804039
development	20140630	0.807343
development	20140701	0.807343
development	20140702	0.806125
development	20140703	0.803690
development	20140704	0.802821
development	20140707	0.803801
development	20140708	0.803942
development	20140709	0.804104
development	20140710	0.804903
development	20140711	0.801708
development	20140714	0.802507
development	20140715	0.801708
development	20140716	0.801708
development	20140717	0.800670
development	20140718	0.800670
development	20140721	0.799782
development	20140722	0.799782
development	20140723	0.799782
development	20140724	0.799782
development	20140725	0.799782
development	20140728	0.799782
development	20140729	0.799782
development	20140730	0.799782
development	20140731	0.799782
development	20140801	0.799782
development	20140804	0.799782
development	20140805	0.799782
development	20140806	0.799782
development	20140807	0.799782
development	20140808	0.799782
development	20140811	0.799782
development	20140812	0.799782
development	20140813	0.799782
development	20140814	0.799782
development	20140818	0.799782
development	20140819	0.799782
development	20140820	0.800731
development	20140821	0.797971
development	20140822	0.795224
development	20140825	0.795420
development	20140826	0.807087
development	20140827	0.808538
development	20140828	0.809509
development	20140829	0.801243
development	20140901	0.783161
development	20140902	0.780053
development	20140903	0.779204
development	20140904	0.779204
development	20140905	0.780903
development	20140911	0.785500
development	20140912	0.785500
development	20140915	0.785500
development	20140916	0.785500
development	20140917	0.784055
development	20140918	0.785202
development	20140919	0.784055
development	20140922	0.792941
development	20140923	0.793514
development	20140924	0.793801
development	20140925	0.795521
development	20140926	0.797403
development	20140929	0.796829
development	20140930	0.794793
development	20141001	0.788269
development	20141002	0.788269
development	20141006	0.788269
development	20141007	0.788269
development	20141008	0.788269
development	20141010	0.788861
development	20141013	0.784331
development	20141014	0.781910
development	20141015	0.781910
development	20141016	0.782319
development	20141017	0.786988
development	20141020	0.786988
development	20141021	0.786988
development	20141022	0.786807
development	20141023	0.786807
development	20141024	0.785764
development	20141027	0.783364
development	20141028	0.786830
development	20141029	0.781244
development	20141030	0.775373
development	20141031	0.774839
development	20141103	0.771639
development	20141104	0.772439
development	20141105	0.769239
development	20141106	0.768293
development	20141107	0.768293
development	20141110	0.768293
development	20141111	0.768293
development	20141112	0.768293
development	20141113	0.768293
development	20141114	0.768293
development	20141117	0.768293
development	20141118	0.768293
development	20141119	0.769348
development	20141120	0.763574
development	20141121	0.763574
development	20141124	0.761105
development	20141125	0.760403
development	20141126	0.760228
development	20141127	0.757379
development	20141128	0.759007
development	20141201	0.759007
development	20141202	0.759007
development	20141203	0.759007
development	20141204	0.759007
development	20141205	0.759007
development	20141208	0.759007
development	20141209	0.758749
development	20141210	0.766539
development	20141211	0.767172
development	20141212	0.768942
development	20141215	0.768942
development	20141216	0.773875
development	20141217	0.771725
development	20141218	0.769955
development	20141219	0.771471
development	20141222	0.768007
development	20141223	0.762198
development	20141224	0.772193
development	20141226	0.766054
development	20141229	0.769647
development	20141230	0.771360
development	20150102	0.773385
development	20150105	0.780258
development	20150106	0.780716
development	20150107	0.769932
development	20150108	0.776829
development	20150109	0.777177
development	20150112	0.781000
development	20150113	0.779619
development	20150114	0.777894
development	20150115	0.779104
development	20150116	0.779104
development	20150119	0.779104
development	20150120	0.779104
development	20150121	0.779104
development	20150122	0.779104
development	20150123	0.779104
development	20150126	0.779104
development	20150127	0.779104
development	20150128	0.779104
development	20150129	0.779104
development	20150130	0.779104
development	20150202	0.779104
development	20150203	0.779104
development	20150204	0.779104
development	20150205	0.783113
development	20150206	0.783113
development	20150209	0.783113
development	20150210	0.783113
development	20150211	0.783113
development	20150212	0.783113
development	20150213	0.783113
development	20150216	0.779760
development	20150217	0.778507
development	20150223	0.779134
development	20150224	0.780595
development	20150225	0.776215
development	20150226	0.777731
development	20150227	0.778241
development	20150302	0.768385
development	20150303	0.771298
development	20150304	0.768750
development	20150305	0.763991
development	20150306	0.763991
development	20150309	0.763991
development	20150310	0.763991
development	20150311	0.763991
development	20150312	0.763991
development	20150313	0.764059
development	20150316	0.763882
development	20150317	0.763882
development	20150318	0.763271
development	20150319	0.766657
development	20150320	0.766968
development	20150323	0.768138
development	20150324	0.768138
development	20150325	0.768138
development	20150326	0.768138
development	20150327	0.768138
development	20150330	0.768138
development	20150331	0.768138
development	20150401	0.768138
development	20150402	0.761393
development	20150403	0.761393
development	20150406	0.761393
development	20150407	0.758026
development	20150408	0.751371
development	20150409	0.751809
development	20150410	0.753215
development	20150413	0.752339
development	20150414	0.746000
development	20150415	0.744100
development	20150416	0.746535
development	20150417	0.752654
development	20150420	0.760023
development	20150421	0.754147
development	20150422	0.746930
development	20150423	0.744628
development	20150424	0.740023
development	20150427	0.741604
development	20150428	0.736752
development	20150429	0.741490
development	20150430	0.709259
development	20150504	0.711657
development	20150506	0.706252
development	20150507	0.699862
development	20150508	0.709375
development	20150511	0.719838
development	20150512	0.727515
development	20150513	0.732607
development	20150514	0.739326
development	20150515	0.739326
development	20150518	0.734285
development	20150519	0.736325
development	20150520	0.735365
development	20150521	0.735125
development	20150522	0.731487
development	20150526	0.729059
development	20150527	0.727977
development	20150528	0.732916
development	20150529	0.728003
development	20150601	0.719127
development	20150602	0.711751
development	20150603	0.712664
development	20150604	0.719831
development	20150605	0.724449
development	20150608	0.722073
development	20150609	0.717360
development	20150610	0.710964
development	20150611	0.714883
development	20150612	0.713562
development	20150615	0.713562
development	20150616	0.718613
development	20150617	0.716757
development	20150618	0.716552
development	20150619	0.721575
development	20150622	0.726148
development	20150623	0.726167
development	20150624	0.728627
development	20150625	0.729037
development	20150626	0.730133
development	20150629	0.725109
development	20150630	0.724653
development	20150701	0.729079
development	20150702	0.729079
development	20150703	0.729079
development	20150706	0.729079
development	20150707	0.717956
development	20150708	0.718210
development	20150709	0.717857
development	20150710	0.716963
development	20150713	0.717414
development	20150714	0.717366
development	20150715	0.711424
development	20150716	0.713205
development	20150717	0.716501
development	20150720	0.710852
development	20150721	0.714247
development	20150722	0.705282
development	20150723	0.702583
development	20150724	0.703116
development	20150727	0.687629
development	20150728	0.682329
development	20150729	0.682329
development	20150730	0.682329
development	20150731	0.684629
development	20150803	0.684629
development	20150804	0.684629
development	20150805	0.682948
development	20150806	0.689614
development	20150807	0.690039
development	20150810	0.687410
development	20150811	0.684949
development	20150812	0.678939
development	20150813	0.678789
development	20150817	0.683240
development	20150818	0.673978
development	20150819	0.669798
development	20150820	0.664730
development	20150821	0.659517
development	20150824	0.659517
development	20150825	0.659517
development	20150826	0.659517
development	20150827	0.656867
development	20150828	0.663354
development	20150831	0.663354
development	20150901	0.663354
development	20150902	0.663354
development	20150903	0.663354
development	20150904	0.661042
development	20150907	0.658959
development	20150908	0.657205
development	20150909	0.661590
development	20150910	0.658428
development	20150911	0.652816
development	20150914	0.647734
development	20150915	0.649879
development	20150916	0.648724
development	20150917	0.646906
development	20150918	0.647420
development	20150921	0.643431
development	20150922	0.646260
development	20150923	0.641112
development	20150924	0.638683
development	20150925	0.633665
development	20150930	0.628132
development	20151001	0.627796
development	20151002	0.625759
development	20151005	0.629244
development	20151006	0.634224
development	20151007	0.634224
development	20151008	0.634224
development	20151012	0.634224
development	20151013	0.633222
development	20151014	0.636899
development	20151015	0.634962
development	20151016	0.644263
development	20151019	0.644263
development	20151020	0.651559
development	20151021	0.651995
development	20151022	0.651767
development	20151023	0.648657
development	20151026	0.648173
development	20151027	0.643267
development	20151028	0.648248
development	20151029	0.649134
development	20151030	0.653940
development	20151102	0.651232
development	20151103	0.646685
development	20151104	0.646104
development	20151105	0.650211
development	20151106	0.654607
development	20151109	0.654572
development	20151110	0.651257
development	20151111	0.646626
development	20151112	0.651492
development	20151113	0.644587
development	20151116	0.640147
development	20151117	0.643988
development	20151118	0.639113
development	20151119	0.639456
development	20151120	0.638627
development	20151123	0.640194
development	20151124	0.640872
development	20151125	0.634561
development	20151126	0.632650
development	20151127	0.645068
development	20151130	0.642739
development	20151201	0.646592
development	20151202	0.639637
development	20151203	0.637738
development	20151204	0.635890
development	20151207	0.637356
development	20151208	0.635762
development	20151209	0.635252
development	20151210	0.634038
development	20151211	0.634038
development	20151214	0.634038
development	20151215	0.634038
development	20151216	0.634038
development	20151217	0.634038
development	20151218	0.635063
development	20151221	0.635063
development	20151222	0.635063
development	20151223	0.635063
development	20151224	0.635063
development	20151228	0.635063
development	20151229	0.637139
development	20151230	0.644299
development	20160104	0.644740
development	20160105	0.654711
development	20160106	0.656947
development	20160107	0.652858
development	20160108	0.657363
development	20160111	0.649402
development	20160112	0.640945
development	20160113	0.655196
development	20160114	0.666160
development	20160115	0.668122
development	20160118	0.676313
development	20160119	0.672242
development	20160120	0.662670
development	20160121	0.662968
development	20160122	0.661339
development	20160125	0.661311
development	20160126	0.662056
development	20160127	0.663615
development	20160128	0.664057
development	20160129	0.667101
development	20160201	0.668394
development	20160202	0.678137
development	20160203	0.673952
development	20160204	0.676546
development	20160205	0.678515
development	20160211	0.671516
development	20160212	0.678825
development	20160215	0.678535
development	20160216	0.679725
development	20160217	0.675923
development	20160218	0.682419
development	20160219	0.677877
development	20160222	0.677389
development	20160223	0.681615
development	20160224	0.679808
development	20160225	0.668771
development	20160226	0.664272
development	20160229	0.654821
development	20160302	0.653950
development	20160303	0.651353
development	20160304	0.652240
development	20160307	0.649363
development	20160308	0.646911
development	20160309	0.647234
development	20160310	0.640679
development	20160311	0.641509
development	20160314	0.642157
development	20160315	0.639568
development	20160316	0.641291
development	20160317	0.645271
development	20160318	0.643507
development	20160321	0.644403
development	20160322	0.640167
development	20160323	0.634629
development	20160324	0.635168
development	20160325	0.632905
development	20160328	0.630016
development	20160329	0.627852
development	20160330	0.629900
development	20160331	0.628822
development	20160401	0.628714
development	20160404	0.629145
development	20160405	0.626814
development	20160406	0.626948
development	20160407	0.621257
development	20160408	0.625592
development	20160411	0.621025
development	20160412	0.627252
development	20160414	0.623155
development	20160415	0.619943
development	20160418	0.615217
development	20160419	0.615491
development	20160420	0.622976
development	20160421	0.620539
development	20160422	0.624391
development	20160425	0.622426
development	20160426	0.623583
development	20160427	0.632134
development	20160428	0.632393
development	20160429	0.632393
development	20160502	0.631139
development	20160503	0.631867
development	20160504	0.629614
development	20160509	0.627114
development	20160510	0.628557
development	20160511	0.627604
development	20160512	0.627710
development	20160513	0.625804
development	20160516	0.629258
development	20160517	0.632436
development	20160518	0.632436
development	20160519	0.632675
development	20160520	0.635030
development	20160523	0.635030
development	20160524	0.635030
development	20160525	0.631978
development	20160526	0.629340
development	20160527	0.629340
development	20160530	0.623317
development	20160531	0.626476
development	20160601	0.627048
development	20160602	0.623198
development	20160603	0.635927
development	20160607	0.634152
development	20160608	0.621905
development	20160609	0.620029
development	20160610	0.623176
development	20160613	0.617244
development	20160614	0.614102
development	20160615	0.615378
development	20160616	0.607338
development	20160617	0.609138
development	20160620	0.610735
development	20160621	0.609992
development	20160622	0.605834
development	20160623	0.604005
development	20160624	0.600177
development	20160627	0.600177
development	20160628	0.600177
development	20160629	0.600177
development	20160630	0.600177
development	20160701	0.600177
development	20160704	0.599062
development	20160705	0.601971
development	20160706	0.599571
development	20160707	0.602364
development	20160708	0.599006
development	20160711	0.601431
development	20160712	0.601696
development	20160713	0.623494
development	20160714	0.638700
development	20160715	0.643082
development	20160718	0.625681
development	20160719	0.622591
development	20160720	0.608143
development	20160721	0.616260
development	20160722	0.626166
development	20160725	0.645230
development	20160726	0.645467
development	20160727	0.642478
development	20160728	0.635934
development	20160729	0.630152
development	20160801	0.630152
development	20160802	0.637903
development	20160803	0.637903
development	20160804	0.637903
development	20160805	0.636364
development	20160808	0.640450
development	20160809	0.640300
development	20160810	0.640300
development	20160811	0.640300
development	20160812	0.640300
development	20160816	0.640300
development	20160817	0.640300
development	20160818	0.640300
development	20160819	0.640300
development	20160822	0.638353
development	20160823	0.633859
development	20160824	0.635827
development	20160825	0.631159
development	20160826	0.632580
development	20160829	0.629319
development	20160830	0.628629
development	20160831	0.637098
development	20160901	0.638014
development	20160902	0.635943
development	20160905	0.638119
development	20160906	0.636990
development	20160907	0.635847
development	20160908	0.627510
development	20160909	0.624596
development	20160912	0.621671
development	20160913	0.622454
development	20160919	0.623040
development	20160920	0.626225
development	20160921	0.626225
development	20160922	0.624734
development	20160923	0.624971
development	20160926	0.625425
development	20160927	0.628936
development	20160928	0.628699
development	20160929	0.635165
development	20160930	0.633506
development	20161004	0.640391
development	20161005	0.634276
development	20161006	0.631970
development	20161007	0.622478
development	20161010	0.623587
development	20161011	0.622956
development	20161012	0.620177
development	20161013	0.612722
development	20161014	0.614289
development	20161017	0.614879
development	20161018	0.615207
development	20161019	0.615862
development	20161020	0.617501
development	20161021	0.617028
development	20161024	0.613537
development	20161025	0.614195
development	20161026	0.612090
development	20161027	0.612090
development	20161028	0.612090
development	20161031	0.612090
development	20161101	0.612090
development	20161102	0.612090
development	20161103	0.612090
development	20161104	0.611029
development	20161107	0.607347
development	20161108	0.607347
development	20161109	0.606996
development	20161110	0.610854
development	20161111	0.614361
development	20161114	0.616114
development	20161115	0.614887
development	20161116	0.612783
development	20161117	0.612241
development	20161118	0.604987
development	20161121	0.608587
development	20161122	0.608717
development	20161123	0.608793
development	20161124	0.607881
development	20161125	0.608339
development	20161128	0.606549
development	20161129	0.601769
development	20161130	0.598908
development	20161201	0.603115
development	20161202	0.603871
development	20161205	0.608594
development	20161206	0.609770
development	20161207	0.607815
development	20161208	0.606945
development	20161209	0.606292
development	20161212	0.614917
development	20161213	0.608145
development	20161214	0.605702
development	20161215	0.607191
development	20161216	0.605433
development	20161219	0.606888
development	20161220	0.609090
development	20161221	0.610251
development	20161222	0.606595
development	20161223	0.603916
development	20161226	0.595473
development	20161227	0.595473
development	20161228	0.595473
development	20161229	0.593930
development	20170102	0.590996
development	20170103	0.590798
development	20170104	0.587608
development	20170105	0.585867
development	20170106	0.586875
development	20170109	0.585599
development	20170110	0.582596
development	20170111	0.586555
development	20170112	0.585434
development	20170113	0.589261
development	20170116	0.589919
development	20170117	0.589919
development	20170118	0.587155
development	20170119	0.587588
development	20170120	0.586686
development	20170123	0.585122
development	20170124	0.584830
development	20170125	0.586420
development	20170126	0.588609
development	20170131	0.587932
development	20170201	0.589278
development	20170202	0.593474
development	20170203	0.595217
development	20170206	0.595217
development	20170207	0.595217
development	20170208	0.595217
development	20170209	0.595217
development	20170210	0.601806
development	20170213	0.601806
development	20170214	0.597955
development	20170215	0.590259
development	20170216	0.590259
development	20170217	0.590259
development	20170220	0.590259
development	20170221	0.590259
development	20170222	0.590259
development	20170223	0.590259
development	20170224	0.590259
development	20170227	0.590259
development	20170228	0.590259
development	20170302	0.590259
development	20170303	0.590259
development	20170306	0.590259
development	20170307	0.589156
development	20170308	0.587678
development	20170309	0.584101
development	20170310	0.581172
development	20170313	0.581172
development	20170314	0.581172
development	20170315	0.579258
development	20170316	0.578243
development	20170317	0.579937
development	20170320	0.577430
development	20170321	0.579882
development	20170322	0.578191
development	20170323	0.574687
development	20170324	0.574183
development	20170327	0.573426
development	20170328	0.579641
development	20170329	0.577040
development	20170330	0.576175
development	20170331	0.576175
development	20170403	0.574146
development	20170404	0.572892
development	20170405	0.572404
development	20170406	0.572474
development	20170407	0.573658
development	20170410	0.566380
development	20170411	0.563511
development	20170412	0.563511
development	20170413	0.563511
development	20170414	0.563511
development	20170417	0.563511
development	20170418	0.564927
development	20170419	0.564927
development	20170420	0.564927
development	20170421	0.564927
development	20170424	0.559007
development	20170425	0.567400
development	20170426	0.572935
development	20170427	0.566043
development	20170428	0.563751
development	20170502	0.565923
development	20170504	0.565073
development	20170508	0.564383
development	20170510	0.564498
development	20170511	0.562814
development	20170512	0.560426
development	20170515	0.562887
development	20170516	0.562876
development	20170517	0.562020
development	20170518	0.565425
development	20170519	0.574208
development	20170522	0.573569
development	20170523	0.579096
development	20170524	0.575281
development	20170525	0.574757
development	20170526	0.575924
development	20170529	0.574982
development	20170530	0.575372
development	20170531	0.580955
development	20170601	0.581573
development	20170602	0.583144
development	20170605	0.583395
development	20170607	0.582990
development	20170608	0.582476
development	20170609	0.581979
development	20170612	0.582523
development	20170613	0.581477
development	20170614	0.580549
development	20170615	0.575252
development	20170616	0.575279
development	20170619	0.577652
development	20170620	0.576328
development	20170621	0.578099
development	20170622	0.578713
development	20170623	0.579826
development	20170626	0.579646
development	20170627	0.580939
development	20170628	0.587656
development	20170629	0.589475
development	20170630	0.589475
development	20170703	0.589475
development	20170704	0.590774
development	20170705	0.590774
development	20170706	0.588947
development	20170707	0.589360
development	20170710	0.590352
development	20170711	0.591839
development	20170712	0.591756
development	20170713	0.594033
development	20170714	0.592709
development	20170717	0.591767
development	20170718	0.591301
development	20170719	0.587508
development	20170720	0.589359
development	20170721	0.586677
development	20170724	0.584159
development	20170725	0.586182
development	20170726	0.579088
development	20170727	0.579894
development	20170728	0.577040
development	20170731	0.588118
development	20170801	0.594024
development	20170802	0.590584
development	20170803	0.588710
development	20170804	0.587280
development	20170807	0.587280
development	20170808	0.587280
development	20170809	0.587280
development	20170810	0.587280
development	20170811	0.587280
development	20170814	0.585503
development	20170816	0.583892
development	20170817	0.586684
development	20170818	0.586684
development	20170821	0.584758
development	20170822	0.584518
development	20170823	0.583397
development	20170824	0.582531
development	20170825	0.580197
development	20170828	0.581883
development	20170829	0.584283
development	20170830	0.583078
development	20170831	0.581441
development	20170901	0.592685
development	20170904	0.590645
development	20170905	0.590645
development	20170906	0.590645
development	20170907	0.590645
development	20170908	0.590645
development	20170911	0.590645
development	20170912	0.587797
development	20170913	0.588252
development	20170914	0.594193
development	20170915	0.594193
development	20170918	0.594193
development	20170919	0.594193
development	20170920	0.594193
development	20170921	0.594193
development	20170922	0.594193
development	20170925	0.594193
development	20170926	0.594193
development	20170927	0.594193
development	20170928	0.594193
development	20170929	0.594193
development	20171010	0.594193
development	20171011	0.594193
development	20171012	0.594193
development	20171013	0.594193
development	20171016	0.594193
development	20171017	0.594193
development	20171018	0.594193
development	20171019	0.594193
development	20171020	0.594439
development	20171023	0.593408
development	20171024	0.592404
development	20171025	0.595108
development	20171026	0.598970
development	20171027	0.599403
development	20171030	0.605298
development	20171031	0.605189
development	20171101	0.602270
development	20171102	0.599174
development	20171103	0.601232
development	20171106	0.605770
development	20171107	0.609120
development	20171108	0.614625
development	20171109	0.618792
development	20171110	0.622414
development	20171113	0.631540
development	20171114	0.640238
development	20171115	0.638228
development	20171116	0.638056
development	20171117	0.624920
development	20171120	0.633952
development	20171121	0.629506
development	20171122	0.633727
development	20171123	0.631113
development	20171124	0.632715
development	20171127	0.634455
development	20171128	0.625841
development	20171129	0.628683
development	20171130	0.629606
development	20171201	0.629047
development	20171204	0.622000
development	20171205	0.619527
development	20171206	0.620039
development	20171207	0.619128
development	20171208	0.616781
development	20171211	0.618130
development	20171212	0.618834
development	20171213	0.612785
development	20171214	0.613232
development	20171215	0.615023
development	20171218	0.617034
development	20171219	0.613144
development	20171220	0.614390
development	20171221	0.615760
development	20171222	0.616164
development	20171226	0.619287
development	20171227	0.624368
development	20171228	0.627130
development	20180102	0.622586
development	20180103	0.622967
development	20180104	0.623665
development	20180105	0.637980
development	20180108	0.645640
development	20180109	0.642106
development	20180110	0.642312
development	20180111	0.642528
development	20180112	0.642935
development	20180115	0.649851
development	20180116	0.650154
development	20180117	0.654479
development	20180118	0.657629
development	20180119	0.659289
development	20180122	0.666562
development	20180123	0.669274
development	20180124	0.668844
development	20180125	0.680109
development	20180126	0.685576
development	20180129	0.681593
development	20180130	0.681467
development	20180131	0.681393
development	20180201	0.688888
development	20180202	0.686547
development	20180205	0.658792
development	20180206	0.649636
development	20180207	0.649636
development	20180208	0.649636
development	20180209	0.649636
development	20180212	0.649636
development	20180213	0.646464
development	20180214	0.645815
development	20180219	0.649661
development	20180220	0.648810
development	20180221	0.658396
development	20180222	0.659861
development	20180223	0.654007
development	20180226	0.654052
development	20180227	0.649451
development	20180228	0.639759
development	20180302	0.630195
development	20180305	0.627528
development	20180306	0.625006
development	20180307	0.620754
development	20180308	0.622248
development	20180309	0.626425
development	20180312	0.630638
development	20180313	0.635795
development	20180314	0.640492
development	20180315	0.644615
development	20180316	0.642228
development	20180319	0.635599
development	20180320	0.636525
development	20180321	0.642142
development	20180322	0.635752
development	20180323	0.621317
development	20180326	0.619387
development	20180327	0.619171
development	20180328	0.625189
development	20180329	0.629004
development	20180330	0.638288
development	20180402	0.643543
development	20180403	0.642251
development	20180404	0.638775
development	20180405	0.639177
development	20180406	0.640118
development	20180409	0.661010
development	20180410	0.661967
development	20180411	0.672111
development	20180412	0.686397
development	20180413	0.689030
development	20180416	0.691091
development	20180417	0.689336
development	20180418	0.682901
development	20180419	0.674896
development	20180420	0.673692
development	20180423	0.669090
development	20180424	0.675852
development	20180425	0.672931
development	20180426	0.678292
development	20180427	0.677465
development	20180430	0.691720
development	20180502	0.708364
development	20180503	0.702188
development	20180504	0.708988
development	20180508	0.686495
development	20180509	0.682043
development	20180510	0.681036
development	20180511	0.680857
development	20180514	0.680751
development	20180515	0.687225
development	20180516	0.666558
development	20180517	0.668337
development	20180518	0.669243
development	20180521	0.662431
development	20180523	0.660775
development	20180524	0.656518
development	20180525	0.652255
development	20180528	0.649891
development	20180529	0.647276
development	20180530	0.640279
development	20180531	0.636247
development	20180601	0.630280
development	20180604	0.631620
development	20180605	0.629417
development	20180607	0.625790
development	20180608	0.625910
development	20180611	0.625007
development	20180612	0.624179
development	20180614	0.627137
development	20180615	0.628080
development	20180618	0.618421
development	20180619	0.614325
development	20180620	0.616851
development	20180621	0.616659
development	20180622	0.618408
development	20180625	0.621519
development	20180626	0.621519
development	20180627	0.621515
development	20180628	0.621515
development	20180629	0.621515
development	20180702	0.624086
development	20180703	0.626224
development	20180704	0.625102
development	20180705	0.625200
development	20180706	0.624327
development	20180709	0.626868
development	20180710	0.630471
development	20180711	0.628054
development	20180712	0.638439
development	20180713	0.637049
development	20180716	0.638674
development	20180717	0.631335
development	20180718	0.632555
development	20180719	0.628927
development	20180720	0.626518
development	20180723	0.629375
development	20180724	0.631644
development	20180725	0.631644
development	20180726	0.631644
development	20180727	0.631373
development	20180730	0.630506
development	20180731	0.629313
development	20180801	0.630670
development	20180802	0.631512
development	20180803	0.636024
development	20180806	0.630599
development	20180807	0.623522
development	20180808	0.626191
development	20180809	0.623052
development	20180810	0.622555
development	20180813	0.611809
development	20180814	0.615182
development	20180816	0.615302
development	20180817	0.617240
development	20180820	0.615518
development	20180821	0.615788
development	20180822	0.616713
development	20180823	0.620395
development	20180824	0.623783
development	20180827	0.618221
development	20180828	0.637365
development	20180829	0.640957
development	20180830	0.638995
development	20180831	0.640437
development	20180903	0.643811
development	20180904	0.651016
development	20180905	0.652517
development	20180906	0.649685
development	20180907	0.651695
development	20180910	0.661169
development	20180911	0.662104
development	20180912	0.660926
development	20180913	0.662069
development	20180914	0.660108
development	20180917	0.659535
development	20180918	0.652957
development	20180919	0.648553
development	20180920	0.645328
development	20180921	0.645328
development	20180927	0.645328
development	20180928	0.645328
development	20181001	0.644204
development	20181002	0.642731
development	20181004	0.640078
development	20181005	0.638840
development	20181008	0.645960
development	20181010	0.628865
development	20181011	0.618776
development	20181012	0.618776
development	20181015	0.617143
development	20181016	0.623546
development	20181017	0.629919
development	20181018	0.634518
development	20181019	0.640468
development	20181022	0.640468
development	20181023	0.640468
development	20181024	0.640468
development	20181025	0.640468
development	20181026	0.640468
development	20181029	0.640468
development	20181030	0.640468
development	20181031	0.640468
development	20181101	0.640468
development	20181102	0.640468
development	20181105	0.640857
development	20181106	0.640192
development	20181107	0.636207
development	20181108	0.638067
development	20181109	0.634161
development	20181112	0.635589
development	20181113	0.636921
development	20181114	0.635725
development	20181115	0.635424
development	20181116	0.633345
development	20181119	0.637989
development	20181120	0.631754
development	20181121	0.630514
development	20181122	0.630514
development	20181123	0.630514
development	20181126	0.630514
development	20181127	0.630369
development	20181128	0.630586
development	20181129	0.626620
development	20181130	0.627283
development	20181203	0.630002
development	20181204	0.632044
development	20181205	0.629948
development	20181206	0.625788
development	20181207	0.624729
development	20181210	0.620612
development	20181211	0.614085
development	20181212	0.609399
development	20181213	0.612382
development	20181214	0.610946
development	20181217	0.606371
development	20181218	0.606587
development	20181219	0.606587
development	20181220	0.606587
development	20181221	0.606587
development	20181224	0.606587
development	20181226	0.609830
development	20181227	0.607917
development	20181228	0.608378
development	20190102	0.612778
development	20190103	0.614954
development	20190104	0.616887
development	20190107	0.615799
development	20190108	0.609777
development	20190109	0.611245
development	20190110	0.610157
development	20190111	0.611487
development	20190114	0.611282
development	20190115	0.610905
development	20190116	0.610362
development	20190117	0.608987
development	20190118	0.608461
development	20190121	0.610884
development	20190122	0.609666
development	20190123	0.609388
development	20190124	0.607361
development	20190125	0.607169
development	20190128	0.607260
development	20190129	0.614711
development	20190130	0.604423
development	20190131	0.596714
development	20190201	0.596148
development	20190207	0.598718
development	20190208	0.599795
development	20190211	0.601019
development	20190212	0.602685
development	20190213	0.602752
development	20190214	0.596521
development	20190215	0.590324
development	20190218	0.592597
development	20190219	0.592242
development	20190220	0.587032
development	20190221	0.589459
development	20190222	0.587020
development	20190225	0.584726
development	20190226	0.584683
development	20190227	0.584410
development	20190228	0.573573
development	20190304	0.576315
development	20190305	0.575300
development	20190306	0.574975
development	20190307	0.571408
development	20190308	0.570617
development	20190311	0.569565
development	20190312	0.574705
development	20190313	0.582141
development	20190314	0.580927
development	20190315	0.580747
development	20190318	0.581522
development	20190319	0.577299
development	20190320	0.587160
development	20190321	0.581132
development	20190322	0.579157
development	20190325	0.571695
development	20190326	0.575007
development	20190327	0.568120
development	20190328	0.563375
development	20190329	0.561758
development	20190401	0.563129
development	20190402	0.563514
development	20190403	0.561420
development	20190404	0.558217
development	20190405	0.557236
development	20190408	0.560002
development	20190409	0.558801
development	20190410	0.557568
development	20190411	0.557306
development	20190412	0.568576
development	20190415	0.564467
development	20190416	0.555944
development	20190417	0.558314
development	20190418	0.558203
development	20190419	0.562040
development	20190422	0.560851
development	20190423	0.558906
development	20190424	0.543117
development	20190425	0.535927
development	20190426	0.535927
development	20190429	0.535927
development	20190430	0.532755
development	20190502	0.530945
development	20190503	0.529853
development	20190507	0.527611
development	20190508	0.522049
development	20190509	0.519386
development	20190510	0.512514
development	20190513	0.513691
development	20190514	0.513503
development	20190515	0.518610
development	20190516	0.510888
development	20190517	0.509146
development	20190520	0.506025
development	20190521	0.505434
development	20190522	0.509478
development	20190523	0.508887
development	20190524	0.509246
development	20190527	0.509807
development	20190528	0.513248
development	20190529	0.513240
development	20190530	0.509314
development	20190531	0.509722
development	20190603	0.509779
development	20190604	0.510492
development	20190605	0.512471
development	20190607	0.513191
development	20190610	0.516354
development	20190611	0.518497
development	20190612	0.517329
development	20190613	0.518302
development	20190614	0.513264
development	20190617	0.515589
development	20190618	0.517212
development	20190619	0.517154
development	20190620	0.520491
development	20190621	0.523020
development	20190624	0.522407
development	20190625	0.520414
development	20190626	0.525693
development	20190627	0.524800
development	20190628	0.524265
development	20190701	0.524595
development	20190702	0.521236
development	20190703	0.523792
development	20190704	0.526828
development	20190705	0.526828
development	20190708	0.526828
development	20190709	0.526828
development	20190710	0.526828
development	20190711	0.528602
development	20190712	0.530476
development	20190715	0.530476
development	20190716	0.525811
development	20190717	0.515229
development	20190718	0.518220
development	20190719	0.516113
development	20190722	0.515578
development	20190723	0.511835
development	20190724	0.506275
development	20190725	0.504648
development	20190726	0.507073
development	20190729	0.489587
development	20190730	0.487238
development	20190731	0.488653
development	20190801	0.488653
development	20190802	0.488653
development	20190805	0.485916
development	20190806	0.474808
development	20190807	0.474808
development	20190808	0.474808
development	20190809	0.477133
development	20190812	0.473040
development	20190813	0.470389
development	20190814	0.470047
development	20190816	0.474863
development	20190819	0.474863
development	20190820	0.474863
development	20190821	0.474863
development	20190822	0.474863
development	20190823	0.472898
development	20190826	0.475775
development	20190827	0.475775
development	20190828	0.477323
development	20190829	0.477323
development	20190830	0.477890
development	20190902	0.480233
development	20190903	0.481071
development	20190904	0.481526
development	20190905	0.480365
development	20190906	0.478962
development	20190909	0.477311
development	20190910	0.478303
development	20190911	0.483551
development	20190916	0.483866
development	20190917	0.483445
development	20190918	0.484972
development	20190919	0.486750
development	20190920	0.486376
development	20190923	0.485193
development	20190924	0.484757
development	20190925	0.483698
development	20190926	0.484445
development	20190927	0.484058
development	20190930	0.482080
development	20191001	0.484447
development	20191002	0.482166
development	20191004	0.482166
development	20191007	0.482166
development	20191008	0.481168
development	20191010	0.480060
development	20191011	0.479302
development	20191014	0.479302
development	20191015	0.479302
development	20191016	0.483902
development	20191017	0.483963
development	20191018	0.482739
development	20191021	0.479650
development	20191022	0.481319
development	20191023	0.482845
development	20191024	0.485814
development	20191025	0.485308
development	20191028	0.490313
development	20191029	0.489814
development	20191030	0.489392
development	20191031	0.489071
development	20191101	0.490328
development	20191104	0.490328
development	20191105	0.490226
development	20191106	0.490305
development	20191107	0.491393
development	20191108	0.489212
development	20191111	0.486932
development	20191112	0.481684
development	20191113	0.482674
development	20191114	0.486945
development	20191115	0.495792
development	20191118	0.493995
development	20191119	0.496983
development	20191120	0.495212
development	20191121	0.493137
development	20191122	0.495767
development	20191125	0.496805
development	20191126	0.495691
development	20191127	0.492735
development	20191128	0.494477
development	20191129	0.492005
development	20191202	0.497747
development	20191203	0.498591
development	20191204	0.498591
development	20191205	0.493059
development	20191206	0.490193
development	20191209	0.486932
development	20191210	0.487233
development	20191211	0.485034
development	20191212	0.486932
development	20191213	0.487386
development	20191216	0.487821
development	20191217	0.487821
development	20191218	0.487821
development	20191219	0.487821
development	20191220	0.487821
development	20191223	0.487821
development	20191224	0.487821
development	20191226	0.487821
development	20191227	0.490086
development	20191230	0.489012
development	20200102	0.490655
development	20200103	0.488891
development	20200106	0.479010
development	20200107	0.479697
development	20200108	0.477178
development	20200109	0.482063
development	20200110	0.484864
development	20200113	0.489112
development	20200114	0.488859
development	20200115	0.486942
development	20200116	0.487245
development	20200117	0.490026
development	20200120	0.485535
development	20200121	0.482867
development	20200122	0.485308
development	20200123	0.484607
development	20200128	0.478387
development	20200129	0.480885
development	20200130	0.480941
development	20200131	0.476503
development	20200203	0.475029
development	20200204	0.475231
development	20200205	0.472406
development	20200206	0.469612
development	20200207	0.473065
development	20200210	0.474457
development	20200211	0.475127
development	20200212	0.474567
development	20200213	0.474138
development	20200214	0.472373
development	20200217	0.462482
development	20200218	0.461350
development	20200219	0.462533
development	20200220	0.466621
development	20200221	0.467068
development	20200224	0.467068
development	20200225	0.467068
development	20200226	0.467867
development	20200227	0.467867
development	20200228	0.467867
development	20200302	0.464479
development	20200303	0.466315
development	20200304	0.470831
development	20200305	0.461890
development	20200306	0.462120
development	20200309	0.465111
development	20200310	0.457890
development	20200311	0.457890
development	20200312	0.457890
development	20200313	0.457890
development	20200316	0.457890
development	20200317	0.457890
development	20200318	0.457890
development	20200319	0.457890
development	20200320	0.457890
development	20200323	0.457890
development	20200324	0.457890
development	20200325	0.457890
development	20200326	0.457890
development	20200327	0.457890
development	20200330	0.457890
development	20200331	0.457890
development	20200401	0.457056
development	20200402	0.460449
development	20200403	0.460449
development	20200406	0.460449
development	20200407	0.478263
development	20200408	0.484447
development	20200409	0.481495
development	20200410	0.471708
development	20200413	0.472596
development	20200414	0.472383
development	20200416	0.480962
development	20200417	0.485351
development	20200420	0.481230
development	20200421	0.464209
development	20200422	0.462173
development	20200423	0.465161
development	20200424	0.459217
development	20200427	0.458856
development	20200428	0.459862
development	20200429	0.456163
development	20200504	0.448705
development	20200506	0.452711
development	20200507	0.459522
development	20200508	0.456478
development	20200511	0.456609
development	20200512	0.455467
development	20200513	0.461513
development	20200514	0.465411
development	20200515	0.461087
development	20200518	0.460972
development	20200519	0.466640
development	20200520	0.472449
development	20200521	0.472604
development	20200522	0.472705
development	20200525	0.475328
development	20200526	0.470884
development	20200527	0.470963
development	20200528	0.461642
development	20200529	0.462619
development	20200601	0.468816
development	20200602	0.468481
development	20200603	0.479032
development	20200604	0.472120
development	20200605	0.477315
development	20200608	0.481388
development	20200609	0.473845
development	20200610	0.467401
development	20200611	0.466104
development	20200612	0.454981
development	20200615	0.437487
development	20200616	0.440879
development	20200617	0.438852
development	20200618	0.438477
development	20200619	0.437114
development	20200622	0.438831
development	20200623	0.437187
development	20200624	0.435098
development	20200625	0.433245
development	20200626	0.434062
development	20200629	0.436259
development	20200630	0.437990
development	20200701	0.430839
development	20200702	0.438301
development	20200703	0.437469
development	20200706	0.447081
development	20200707	0.441310
development	20200708	0.444672
development	20200709	0.443743
development	20200710	0.440415
development	20200713	0.447859
development	20200714	0.451579
development	20200715	0.449541
development	20200716	0.450734
development	20200717	0.452431
development	20200720	0.449146
development	20200721	0.452705
development	20200722	0.448169
development	20200723	0.443409
development	20200724	0.441532
development	20200727	0.443776
development	20200728	0.440494
development	20200729	0.442002
development	20200730	0.462383
development	20200731	0.455181
development	20200803	0.457058
development	20200804	0.455853
development	20200805	0.460167
development	20200806	0.458271
development	20200807	0.461642
development	20200810	0.465858
development	20200811	0.465609
development	20200812	0.461553
development	20200813	0.457601
development	20200814	0.444519
development	20200818	0.428119
development	20200819	0.428644
development	20200820	0.427305
development	20200821	0.429502
development	20200824	0.432432
development	20200825	0.432404
development	20200826	0.434259
development	20200827	0.438004
development	20200828	0.435842
development	20200831	0.438115
development	20200901	0.442181
development	20200902	0.446083
development	20200903	0.448866
development	20200904	0.439543
development	20200907	0.466024
development	20200908	0.443442
development	20200909	0.428153
development	20200910	0.432944
development	20200911	0.437634
development	20200914	0.434204
development	20200915	0.432565
development	20200916	0.430219
development	20200917	0.426006
development	20200918	0.421197
development	20200921	0.412856
development	20200922	0.403971
development	20200923	0.399128
development	20200924	0.395739
development	20200925	0.397525
development	20200928	0.398976
development	20200929	0.397044
development	20201005	0.398886
development	20201006	0.397727
development	20201007	0.397551
development	20201008	0.399241
development	20201012	0.399396
development	20201013	0.403575
development	20201014	0.392960
development	20201015	0.390892
development	20201016	0.383960
development	20201019	0.379856
development	20201020	0.378008
development	20201021	0.378144
development	20201022	0.378199
development	20201023	0.378212
development	20201026	0.376961
development	20201027	0.376961
development	20201028	0.376961
development	20201029	0.376961
development	20201030	0.380065
development	20201102	0.380253
development	20201103	0.389832
development	20201104	0.391803
development	20201105	0.392116
development	20201106	0.393707
development	20201109	0.392336
development	20201110	0.394273
development	20201111	0.397898
development	20201112	0.396625
development	20201113	0.392612
development	20201116	0.392612
development	20201117	0.392612
development	20201118	0.393511
development	20201119	0.394680
development	20201120	0.389080
development	20201123	0.386531
development	20201124	0.385312
development	20201125	0.379491
development	20201126	0.378827
development	20201127	0.376964
development	20201130	0.379089
development	20201201	0.376715
development	20201202	0.376783
development	20201203	0.375494
development	20201204	0.384280
development	20201207	0.381598
development	20201208	0.376946
development	20201209	0.372530
development	20201210	0.375551
development	20201211	0.377695
development	20201214	0.380705
development	20201215	0.380841
development	20201216	0.393128
development	20201217	0.394745
development	20201218	0.398141
development	20201221	0.399870
development	20201222	0.389905
development	20201223	0.389120
development	20201224	0.392728
development	20201228	0.395775
development	20201229	0.398792
development	20201230	0.400655
development	20210104	0.410185
development	20210105	0.418526
development	20210106	0.412812
development	20210107	0.414795
development	20210108	0.417096
development	20210111	0.409502
development	20210112	0.403651
development	20210113	0.405612
development	20210114	0.405338
development	20210115	0.404854
development	20210118	0.407562
development	20210119	0.401218
development	20210120	0.404294
development	20210121	0.412629
development	20210122	0.403563
development	20210125	0.402884
development	20210126	0.398830
development	20210127	0.399498
development	20210128	0.384204
development	20210129	0.362600
development	20210201	0.363117
development	20210202	0.363745
development	20210203	0.364937
development	20210204	0.365660
development	20210205	0.367685
development	20210208	0.366788
development	20210209	0.370312
development	20210210	0.369804
development	20210215	0.369557
development	20210216	0.370469
development	20210217	0.368906
development	20210218	0.362176
development	20210219	0.352618
development	20210222	0.356346
development	20210223	0.352368
development	20210224	0.337904
development	20210225	0.342114
development	20210226	0.339800
development	20210302	0.344903
development	20210303	0.343373
development	20210304	0.350124
development	20210305	0.348685
development	20210308	0.343987
development	20210309	0.344943
development	20210310	0.343022
development	20210311	0.345115
development	20210312	0.349573
development	20210315	0.347735
development	20210316	0.350036
development	20210317	0.351910
development	20210318	0.357902
development	20210319	0.358105
development	20210322	0.360054
development	20210323	0.359407
development	20210324	0.369366
development	20210325	0.373934
development	20210326	0.374469
development	20210329	0.372624
development	20210330	0.378547
development	20210331	0.374101
development	20210401	0.379403
development	20210402	0.377852
development	20210405	0.382911
development	20210406	0.383601
development	20210407	0.386313
development	20210408	0.380939
development	20210409	0.382701
development	20210412	0.391647
development	20210413	0.392355
development	20210414	0.392639
development	20210415	0.391883
development	20210416	0.396699
development	20210419	0.397227
development	20210420	0.402613
development	20210421	0.403702
development	20210422	0.410220
development	20210423	0.402621
development	20210426	0.399297
development	20210427	0.397742
development	20210428	0.397433
development	20210429	0.400974
development	20210430	0.398506
development	20210503	0.403304
development	20210504	0.404427
development	20210506	0.401416
development	20210507	0.404646
development	20210510	0.404428
development	20210511	0.402413
development	20210512	0.395195
development	20210513	0.393309
development	20210514	0.400262
development	20210517	0.399337
development	20210518	0.398588
development	20210520	0.393501
development	20210521	0.393487
development	20210524	0.391249
development	20210525	0.397408
development	20210526	0.397866
development	20210527	0.400941
development	20210528	0.401971
development	20210531	0.396513
development	20210601	0.397162
development	20210602	0.398147
development	20210603	0.397174
development	20210604	0.401090
development	20210607	0.400515
development	20210608	0.403035
development	20210609	0.403318
development	20210610	0.404342
development	20210611	0.401694
development	20210614	0.399608
development	20210615	0.400705
development	20210616	0.404766
development	20210617	0.399680
development	20210618	0.399295
development	20210621	0.393763
development	20210622	0.397858
development	20210623	0.391096
development	20210624	0.388339
development	20210625	0.385975
development	20210628	0.390342
development	20210629	0.389145
development	20210630	0.387905
development	20210701	0.386307
development	20210702	0.384261
development	20210705	0.386020
development	20210706	0.391767
development	20210707	0.390646
development	20210708	0.384734
development	20210709	0.378937
development	20210712	0.377118
development	20210713	0.371427
development	20210714	0.368893
development	20210715	0.368319
development	20210716	0.366161
development	20210719	0.364670
development	20210720	0.367604
development	20210721	0.366467
development	20210722	0.368936
development	20210723	0.373952
development	20210726	0.361264
development	20210727	0.356048
development	20210728	0.352825
development	20210729	0.353675
development	20210730	0.351413
development	20210802	0.353809
development	20210803	0.353893
development	20210804	0.351379
development	20210805	0.350906
development	20210806	0.350098
development	20210809	0.346095
development	20210810	0.344191
development	20210811	0.341966
development	20210812	0.342911
development	20210813	0.340545
development	20210817	0.339352
development	20210818	0.340298
development	20210819	0.337311
development	20210820	0.336838
development	20210823	0.337076
development	20210824	0.337076
development	20210825	0.336992
development	20210826	0.336254
development	20210827	0.335870
development	20210830	0.336506
development	20210831	0.336703
development	20210901	0.340734
development	20210902	0.340483
development	20210903	0.339487
development	20210906	0.335446
development	20210907	0.334040
development	20210908	0.327403
development	20210909	0.328750
development	20210910	0.336266
development	20210913	0.337040
development	20210914	0.335056
development	20210915	0.331315
development	20210916	0.329819
development	20210917	0.328213
development	20210923	0.328580
development	20210924	0.324452
development	20210927	0.330140
development	20210928	0.324195
development	20210929	0.321168
development	20210930	0.314226
development	20211001	0.314848
development	20211005	0.315459
development	20211006	0.310608
development	20211007	0.310344
development	20211008	0.309714
development	20211012	0.311711
development	20211013	0.310602
development	20211014	0.312386
development	20211015	0.314629
development	20211018	0.317649
development	20211019	0.314971
development	20211020	0.313804
development	20211021	0.308735
development	20211022	0.309600
development	20211025	0.310150
development	20211026	0.311167
development	20211027	0.310297
development	20211028	0.306165
development	20211029	0.303621
development	20211101	0.297943
development	20211102	0.298254
development	20211103	0.299151
development	20211104	0.295324
development	20211105	0.294818
development	20211108	0.294918
development	20211109	0.297966
development	20211110	0.290786
development	20211111	0.294335
development	20211112	0.293870
development	20211115	0.293539
development	20211116	0.302676
development	20211117	0.305603
development	20211118	0.303612
development	20211119	0.306952
development	20211122	0.299714
development	20211123	0.296722
development	20211124	0.294749
development	20211125	0.295855
development	20211126	0.293193
development	20211129	0.291998
development	20211130	0.286896
development	20211201	0.286510
development	20211202	0.286429
development	20211203	0.288381
development	20211206	0.290653
development	20211207	0.290293
development	20211208	0.294621
development	20211209	0.293872
development	20211210	0.290390
development	20211213	0.291526
development	20211214	0.290351
development	20211215	0.291421
development	20211216	0.286456
development	20211217	0.287122
development	20211220	0.284180
development	20211221	0.284460
development	20211222	0.283381
development	20211223	0.282522
development	20211224	0.281533
development	20211227	0.281032
development	20211228	0.284414
development	20211229	0.283983
development	20211230	0.282814
development	20220103	0.291580
development	20220104	0.297493
development	20220105	0.293469
development	20220106	0.290976
development	20220107	0.290648
development	20220110	0.285846
development	20220111	0.280934
development	20220112	0.280671
development	20220113	0.277371
development	20220114	0.273291
development	20220117	0.273099
development	20220118	0.274713
development	20220119	0.274234
development	20220120	0.274553
development	20220121	0.273876
development	20220124	0.271276
development	20220125	0.271475
development	20220126	0.272272
development	20220127	0.271895
development	20220128	0.270867
development	20220203	0.270867
development	20220204	0.270867
development	20220207	0.272294
development	20220208	0.272443
development	20220209	0.273767
development	20220210	0.273256
development	20220211	0.270824
development	20220214	0.268730
development	20220215	0.267549
development	20220216	0.267549
development	20220217	0.267549
development	20220218	0.266770
development	20220221	0.266412
development	20220222	0.266412
development	20220223	0.270910
development	20220224	0.269954
development	20220225	0.272059
development	20220228	0.272153
development	20220302	0.273624
development	20220303	0.271001
development	20220304	0.273479
development	20220307	0.271715
development	20220308	0.271214
development	20220310	0.274899
development	20220311	0.276691
development	20220314	0.276504
development	20220315	0.271996
development	20220316	0.272826
development	20220317	0.274679
development	20220318	0.273682
development	20220321	0.273395
development	20220322	0.274234
development	20220323	0.278182
development	20220324	0.283666
development	20220325	0.280774
development	20220328	0.280117
development	20220329	0.282258
development	20220330	0.282136
development	20220331	0.283101
development	20220401	0.281407
development	20220404	0.282758
development	20220405	0.281933
development	20220406	0.282571
development	20220407	0.281503
development	20220408	0.282926
development	20220411	0.286294
development	20220412	0.283298
development	20220413	0.282630
development	20220414	0.280900
development	20220415	0.280689
development	20220418	0.278517
development	20220419	0.278610
development	20220420	0.277299
development	20220421	0.277222
development	20220422	0.276914
development	20220425	0.277253
development	20220426	0.276624
development	20220427	0.277129
development	20220428	0.275713
development	20220429	0.275213
development	20220502	0.278590
development	20220503	0.279113
development	20220504	0.279482
development	20220506	0.277260
development	20220509	0.272522
development	20220510	0.271388
development	20220511	0.269428
development	20220512	0.268017
development	20220513	0.268508
development	20220516	0.269541
development	20220517	0.268876
development	20220518	0.270821
development	20220519	0.271199
development	20220520	0.269360
development	20220523	0.265609
development	20220524	0.259915
development	20220525	0.259241
development	20220526	0.257176
development	20220527	0.258006
development	20220530	0.260216
development	20220531	0.261497
development	20220602	0.263540
development	20220603	0.263376
development	20220607	0.261775
development	20220608	0.261124
development	20220609	0.262034
development	20220610	0.260366
development	20220613	0.258700
development	20220614	0.257342
development	20220615	0.256830
development	20220616	0.256666
development	20220617	0.256698
development	20220620	0.257050
development	20220621	0.258870
development	20220622	0.257816
development	20220623	0.257318
development	20220624	0.261393
development	20220627	0.262026
development	20220628	0.262256
development	20220629	0.260288
development	20220630	0.257555
development	20220701	0.254006
development	20220704	0.251635
development	20220705	0.251635
development	20220706	0.247499
development	20220707	0.249370
development	20220708	0.249044
development	20220711	0.248278
development	20220712	0.246769
development	20220713	0.246706
development	20220714	0.245496
development	20220715	0.243899
development	20220718	0.242627
development	20220719	0.242627
development	20220720	0.243173
development	20220721	0.242382
development	20220722	0.241537
development	20220725	0.241910
development	20220726	0.240896
development	20220727	0.240094
development	20220728	0.239908
development	20220729	0.248356
development	20220801	0.250943
development	20220802	0.249887
development	20220803	0.250699
development	20220804	0.249977
development	20220805	0.251409
development	20220808	0.254682
development	20220809	0.253351
development	20220810	0.252953
development	20220811	0.256192
development	20220812	0.253621
development	20220816	0.254764
development	20220817	0.254326
development	20220818	0.256370
development	20220819	0.256750
development	20220822	0.253081
development	20220823	0.257725
development	20220824	0.260150
development	20220825	0.260124
development	20220826	0.268352
development	20220829	0.264717
development	20220830	0.270988
development	20220831	0.270626
development	20220901	0.268455
development	20220902	0.270898
development	20220905	0.268233
development	20220906	0.268475
development	20220907	0.267807
development	20220908	0.267940
development	20220913	0.269094
development	20220914	0.269726
development	20220915	0.269755
development	20220916	0.264554
development	20220919	0.263602
development	20220920	0.264926
development	20220921	0.264337
development	20220922	0.263810
development	20220923	0.262756
development	20220926	0.261886
development	20220927	0.261886
development	20220928	0.261886
development	20220929	0.261886
development	20220930	0.261886
development	20221004	0.262145
development	20221005	0.260508
development	20221006	0.262610
development	20221007	0.261390
development	20221011	0.259610
development	20221012	0.258799
development	20221013	0.256428
development	20221014	0.258475
development	20221017	0.257993
development	20221018	0.257518
development	20221019	0.257777
development	20221020	0.257682
development	20221021	0.251030
development	20221024	0.253590
development	20221025	0.254883
development	20221026	0.254409
development	20221027	0.252615
development	20221028	0.250472
development	20221031	0.250563
development	20221101	0.251313
development	20221102	0.250607
development	20221103	0.253121
development	20221104	0.253374
development	20221107	0.252512
development	20221108	0.252205
development	20221109	0.252368
development	20221110	0.250204
development	20221111	0.252486
development	20221114	0.252143
development	20221115	0.254138
development	20221116	0.254049
development	20221117	0.253579
development	20221118	0.254045
development	20221121	0.249599
development	20221122	0.251145
development	20221123	0.251317
development	20221124	0.252692
development	20221125	0.250383
development	20221128	0.244943
development	20221129	0.244600
development	20221130	0.242841
development	20221201	0.244816
development	20221202	0.243341
development	20221205	0.241325
development	20221206	0.239705
development	20221207	0.243349
development	20221208	0.240536
development	20221209	0.242391
development	20221212	0.245162
development	20221213	0.245404
development	20221214	0.245942
development	20221215	0.245807
development	20221216	0.247969
development	20221219	0.243393
development	20221220	0.241821
development	20221221	0.244471
development	20221222	0.245526
development	20221223	0.241288
development	20221226	0.239669
development	20221227	0.240358
development	20221228	0.238231
development	20221229	0.234456
validation	20230102	1.000000
validation	20230103	1.000000
validation	20230104	1.000000
validation	20230105	1.000000
validation	20230106	1.000000
validation	20230109	1.000000
validation	20230110	0.996282
validation	20230111	0.999985
validation	20230112	1.007776
validation	20230113	1.011989
validation	20230116	1.007174
validation	20230117	1.006135
validation	20230118	1.006312
validation	20230119	1.024076
validation	20230120	1.024076
validation	20230125	1.024076
validation	20230126	1.019943
validation	20230127	1.027624
validation	20230130	1.041043
validation	20230131	1.040057
validation	20230201	1.039513
validation	20230202	1.044507
validation	20230203	1.039901
validation	20230206	1.028236
validation	20230207	1.036423
validation	20230208	1.036566
validation	20230209	1.036341
validation	20230210	1.021615
validation	20230213	1.016401
validation	20230214	1.003428
validation	20230215	0.992062
validation	20230216	0.996175
validation	20230217	0.996264
validation	20230220	1.004333
validation	20230221	1.007410
validation	20230222	0.999452
validation	20230223	0.997877
validation	20230224	0.993497
validation	20230227	0.989144
validation	20230228	0.992931
validation	20230302	0.978443
validation	20230303	0.974810
validation	20230306	0.978615
validation	20230307	0.974014
validation	20230308	0.964600
validation	20230309	0.947171
validation	20230310	0.938915
validation	20230313	0.932725
validation	20230314	0.930890
validation	20230315	0.931961
validation	20230316	0.928902
validation	20230317	0.923987
validation	20230320	0.938742
validation	20230321	0.935579
validation	20230322	0.944918
validation	20230323	0.931286
validation	20230324	0.918208
validation	20230327	0.919088
validation	20230328	0.909752
validation	20230329	0.930130
validation	20230330	0.947741
validation	20230331	0.939768
validation	20230403	0.944631
validation	20230404	0.950275
validation	20230405	0.963637
validation	20230406	0.973897
validation	20230407	0.986606
validation	20230410	0.969307
validation	20230411	0.957369
validation	20230412	0.960523
validation	20230413	0.957350
validation	20230414	0.972075
validation	20230417	0.966107
validation	20230418	0.954575
validation	20230419	0.945764
validation	20230420	0.904133
validation	20230421	0.887599
validation	20230424	0.883262
validation	20230425	0.869431
validation	20230426	0.867180
validation	20230427	0.857234
validation	20230428	0.840447
validation	20230502	0.834316
validation	20230503	0.845472
validation	20230504	0.845362
validation	20230508	0.857672
validation	20230509	0.849783
validation	20230510	0.860680
validation	20230511	0.877039
validation	20230512	0.866535
validation	20230515	0.877064
validation	20230516	0.866013
validation	20230517	0.866391
validation	20230518	0.862601
validation	20230519	0.851803
validation	20230522	0.847442
validation	20230523	0.842102
validation	20230524	0.852365
validation	20230525	0.857921
validation	20230526	0.849555
validation	20230530	0.852961
validation	20230531	0.854212
validation	20230601	0.845944
validation	20230602	0.854878
validation	20230605	0.863050
validation	20230607	0.867847
validation	20230608	0.869175
validation	20230609	0.880410
validation	20230612	0.879303
validation	20230613	0.901701
validation	20230614	0.908834
validation	20230615	0.906753
validation	20230616	0.901340
validation	20230619	0.891247
validation	20230620	0.880492
validation	20230621	0.879487
validation	20230622	0.874579
validation	20230623	0.875396
validation	20230626	0.879453
validation	20230627	0.922755
validation	20230628	0.944293
validation	20230629	0.947933
validation	20230630	0.953074
validation	20230703	0.952727
validation	20230704	0.951556
validation	20230705	0.941061
validation	20230706	0.946284
validation	20230707	0.945266
validation	20230710	0.939879
validation	20230711	0.963349
validation	20230712	0.965099
validation	20230713	0.981388
validation	20230714	0.947606
validation	20230717	0.937910
validation	20230718	0.947662
validation	20230719	0.924032
validation	20230720	0.927396
validation	20230721	0.931026
validation	20230724	0.914774
validation	20230725	0.904939
validation	20230726	0.881104
validation	20230727	0.864116
validation	20230728	0.868501
validation	20230731	0.881630
validation	20230801	0.881298
validation	20230802	0.867526
validation	20230803	0.871621
validation	20230804	0.871621
validation	20230807	0.859606
validation	20230808	0.854929
validation	20230809	0.855240
validation	20230810	0.846054
validation	20230811	0.849342
validation	20230814	0.836834
validation	20230816	0.815854
validation	20230817	0.799464
validation	20230818	0.785005
validation	20230821	0.782625
validation	20230822	0.785152
validation	20230823	0.781173
validation	20230824	0.777783
validation	20230825	0.784171
validation	20230828	0.788121
validation	20230829	0.801277
validation	20230830	0.808338
validation	20230831	0.810516
validation	20230901	0.800042
validation	20230904	0.800347
validation	20230905	0.833581
validation	20230906	0.836009
validation	20230907	0.833313
validation	20230908	0.830120
validation	20230911	0.826820
validation	20230912	0.823686
validation	20230913	0.816856
validation	20230914	0.823764
validation	20230915	0.818508
validation	20230918	0.806772
validation	20230919	0.799866
validation	20230920	0.785990
validation	20230921	0.787103
validation	20230922	0.802732
validation	20230925	0.788460
validation	20230926	0.756854
validation	20230927	0.766363
validation	20231004	0.749622
validation	20231005	0.750675
validation	20231006	0.756682
validation	20231010	0.756128
validation	20231011	0.752962
validation	20231012	0.751867
validation	20231013	0.748364
validation	20231016	0.745910
validation	20231017	0.747560
validation	20231018	0.744569
validation	20231019	0.740108
validation	20231020	0.740708
validation	20231023	0.738383
validation	20231024	0.746096
validation	20231025	0.747344
validation	20231026	0.744072
validation	20231027	0.743643
validation	20231030	0.744673
validation	20231031	0.741454
validation	20231101	0.746402
validation	20231102	0.750623
validation	20231103	0.754430
validation	20231106	0.766547
validation	20231107	0.756461
validation	20231108	0.765087
validation	20231109	0.761585
validation	20231110	0.757762
validation	20231113	0.752068
validation	20231114	0.756825
validation	20231115	0.763936
validation	20231116	0.768230
validation	20231117	0.765036
validation	20231120	0.778316
validation	20231121	0.779720
validation	20231122	0.794543
validation	20231123	0.792390
validation	20231124	0.790085
validation	20231127	0.790522
validation	20231128	0.782603
validation	20231129	0.786950
validation	20231130	0.784962
validation	20231201	0.781745
validation	20231204	0.798179
validation	20231205	0.795034
validation	20231206	0.803564
validation	20231207	0.798196
validation	20231208	0.802963
validation	20231211	0.810877
validation	20231212	0.816422
validation	20231213	0.807438
validation	20231214	0.799032
validation	20231215	0.799141
validation	20231218	0.810552
validation	20231219	0.809955
validation	20231220	0.822238
validation	20231221	0.813211
validation	20231222	0.825340
validation	20231226	0.830537
validation	20231227	0.840228
validation	20231228	0.842204
validation	20240102	0.859125
validation	20240103	0.852010
validation	20240104	0.849695
validation	20240105	0.849940
validation	20240108	0.843499
validation	20240109	0.881491
validation	20240110	0.859369
validation	20240111	0.861439
validation	20240112	0.846255
validation	20240115	0.836339
validation	20240116	0.838062
validation	20240117	0.829786
validation	20240118	0.813453
validation	20240119	0.811113
validation	20240122	0.804105
validation	20240123	0.818669
validation	20240124	0.816547
validation	20240125	0.818243
validation	20240126	0.818712
validation	20240129	0.806738
validation	20240130	0.805066
validation	20240131	0.798444
validation	20240201	0.794301
validation	20240202	0.804086
validation	20240205	0.803698
validation	20240206	0.809374
validation	20240207	0.812676
validation	20240208	0.810910
validation	20240213	0.811366
validation	20240214	0.812065
validation	20240215	0.790417
validation	20240216	0.798658
validation	20240219	0.800333
validation	20240220	0.803083
validation	20240221	0.797808
validation	20240222	0.802910
validation	20240223	0.800821
validation	20240226	0.806207
validation	20240227	0.817808
validation	20240228	0.828669
validation	20240229	0.829208
validation	20240304	0.848113
validation	20240305	0.847782
validation	20240306	0.855999
validation	20240307	0.852439
validation	20240308	0.864590
validation	20240311	0.864562
validation	20240312	0.877544
validation	20240313	0.886650
validation	20240314	0.879707
validation	20240315	0.883147
validation	20240318	0.896900
validation	20240319	0.891862
validation	20240320	0.883591
validation	20240321	0.920258
validation	20240322	0.910930
validation	20240325	0.896184
validation	20240326	0.890178
validation	20240327	0.914945
validation	20240328	0.914702
validation	20240329	0.918782
validation	20240401	0.920134
validation	20240402	0.893286
validation	20240403	0.882594
validation	20240404	0.895979
validation	20240405	0.903678
validation	20240408	0.892174
validation	20240409	0.895892
validation	20240411	0.912934
validation	20240412	0.919355
validation	20240415	0.916655
validation	20240416	0.916249
validation	20240417	0.931943
validation	20240418	0.943681
validation	20240419	0.939400
validation	20240422	0.937115
validation	20240423	0.933033
validation	20240424	0.938275
validation	20240425	0.927796
validation	20240426	0.947861
validation	20240429	0.947963
validation	20240430	0.952220
validation	20240502	0.949159
validation	20240503	0.950270
validation	20240507	0.951475
validation	20240508	0.959697
validation	20240509	0.949737
validation	20240510	0.951184
validation	20240513	0.970736
validation	20240514	0.959283
validation	20240516	0.966932
validation	20240517	0.969317
validation	20240520	0.972187
validation	20240521	0.963174
validation	20240522	0.957060
validation	20240523	0.962686
validation	20240524	0.971281
validation	20240527	0.980767
validation	20240528	0.979897
validation	20240529	0.990115
validation	20240530	0.979163
validation	20240531	0.973215
validation	20240603	0.970038
validation	20240604	0.967271
validation	20240605	0.962675
validation	20240607	0.957408
validation	20240610	0.945767
validation	20240611	0.941342
validation	20240612	0.941261
validation	20240613	0.968316
validation	20240614	0.984843
validation	20240617	0.977893
validation	20240618	0.965815
validation	20240619	0.943742
validation	20240620	0.931634
validation	20240621	0.930372
validation	20240624	0.915197
validation	20240625	0.896093
validation	20240626	0.890239
validation	20240627	0.887689
validation	20240628	0.891969
validation	20240701	0.895913
validation	20240702	0.878260
validation	20240703	0.870110
validation	20240704	0.869855
validation	20240705	0.868342
validation	20240708	0.872650
validation	20240709	0.860528
validation	20240710	0.865367
validation	20240711	0.860276
validation	20240712	0.850947
validation	20240715	0.850765
validation	20240716	0.844590
validation	20240717	0.850524
validation	20240718	0.847037
validation	20240719	0.841592
validation	20240722	0.839222
validation	20240723	0.842392
validation	20240724	0.840165
validation	20240725	0.835677
validation	20240726	0.845714
validation	20240729	0.842658
validation	20240730	0.839067
validation	20240731	0.842330
validation	20240801	0.838487
validation	20240802	0.812415
validation	20240805	0.807056
validation	20240806	0.807056
validation	20240807	0.807056
validation	20240808	0.807056
validation	20240809	0.805185
validation	20240812	0.807549
validation	20240813	0.790172
validation	20240814	0.793602
validation	20240816	0.802707
validation	20240819	0.813549
validation	20240820	0.831088
validation	20240821	0.810817
validation	20240822	0.792740
validation	20240823	0.786732
validation	20240826	0.783538
validation	20240827	0.792156
validation	20240828	0.794007
validation	20240829	0.788102
validation	20240830	0.790637
validation	20240902	0.787021
validation	20240903	0.776838
validation	20240904	0.761448
validation	20240905	0.759250
validation	20240906	0.753020
validation	20240909	0.753435
validation	20240910	0.759003
validation	20240911	0.759457
validation	20240912	0.764447
validation	20240913	0.763712
validation	20240919	0.776912
validation	20240920	0.786652
validation	20240923	0.782201
validation	20240924	0.799695
validation	20240925	0.767837
validation	20240926	0.793181
validation	20240927	0.787479
validation	20240930	0.775781
validation	20241002	0.761882
validation	20241004	0.763233
validation	20241007	0.777050
validation	20241008	0.766200
validation	20241010	0.768034
validation	20241011	0.765802
validation	20241014	0.774523
validation	20241015	0.774908
validation	20241016	0.776037
validation	20241017	0.770125
validation	20241018	0.767314
validation	20241021	0.764781
validation	20241022	0.755637
validation	20241023	0.760391
validation	20241024	0.754478
validation	20241025	0.752858
validation	20241028	0.761914
validation	20241029	0.761109
validation	20241030	0.750697
validation	20241031	0.733232
validation	20241101	0.731886
validation	20241104	0.725448
validation	20241105	0.724434
validation	20241106	0.726705
validation	20241107	0.721265
validation	20241108	0.719077
validation	20241111	0.711342
validation	20241112	0.711402
validation	20241113	0.700341
validation	20241114	0.707602
validation	20241115	0.706661
validation	20241118	0.705944
validation	20241119	0.697120
validation	20241120	0.695500
validation	20241121	0.698916
validation	20241122	0.705142
validation	20241125	0.720152
validation	20241126	0.722770
validation	20241127	0.714952
validation	20241128	0.703193
validation	20241129	0.693800
validation	20241202	0.686468
validation	20241203	0.692381
validation	20241204	0.687616
validation	20241205	0.681959
validation	20241206	0.665258
validation	20241209	0.662162
validation	20241210	0.662162
validation	20241211	0.659453
validation	20241212	0.658406
validation	20241213	0.655901
validation	20241216	0.648858
validation	20241217	0.644527
validation	20241218	0.640326
validation	20241219	0.624749
validation	20241220	0.612501
validation	20241223	0.623878
validation	20241224	0.626860
validation	20241226	0.621962
validation	20241227	0.621279
validation	20241230	0.630731
validation	20250102	0.631622
validation	20250103	0.637601
validation	20250106	0.637500
validation	20250107	0.635911
validation	20250108	0.632421
validation	20250109	0.632743
validation	20250110	0.636046
validation	20250113	0.644294
validation	20250114	0.659323
validation	20250115	0.650656
validation	20250116	0.651655
validation	20250117	0.647801
validation	20250120	0.646617
validation	20250121	0.644016
validation	20250122	0.641211
validation	20250123	0.639833
validation	20250124	0.627292
validation	20250131	0.630904
validation	20250203	0.635081
validation	20250204	0.636509
validation	20250205	0.638508
validation	20250206	0.643527
validation	20250207	0.642538
validation	20250210	0.639185
validation	20250211	0.644267
validation	20250212	0.653192
validation	20250213	0.666147
validation	20250214	0.661481
validation	20250217	0.659354
validation	20250218	0.667131
validation	20250219	0.662625
validation	20250220	0.648579
validation	20250221	0.638365
validation	20250224	0.631855
validation	20250225	0.628235
validation	20250226	0.632086
validation	20250227	0.633089
validation	20250228	0.644198
validation	20250304	0.639223
validation	20250305	0.630091
validation	20250306	0.626941
validation	20250307	0.617832
validation	20250310	0.617607
validation	20250311	0.618402
validation	20250312	0.613010
validation	20250313	0.607900
validation	20250314	0.608741
validation	20250317	0.625246
validation	20250318	0.619584
validation	20250319	0.612527
validation	20250320	0.611163
validation	20250321	0.612070
validation	20250324	0.604112
validation	20250325	0.586793
validation	20250326	0.583646
validation	20250327	0.581355
validation	20250328	0.582659
validation	20250331	0.593546
validation	20250401	0.594382
validation	20250402	0.588679
validation	20250403	0.586194
validation	20250404	0.581572
validation	20250407	0.578134
validation	20250408	0.578134
validation	20250409	0.573787
validation	20250410	0.576818
validation	20250411	0.574312
validation	20250414	0.572441
validation	20250415	0.575550
validation	20250416	0.566476
validation	20250417	0.567326
validation	20250418	0.558873
validation	20250421	0.562076
validation	20250422	0.559260
validation	20250423	0.563940
validation	20250424	0.563972
validation	20250425	0.566853
validation	20250428	0.559581
validation	20250429	0.568189
validation	20250430	0.567341
validation	20250502	0.567356
validation	20250507	0.567452
validation	20250508	0.570217
validation	20250509	0.566457
validation	20250512	0.566177
validation	20250513	0.561742
validation	20250514	0.568647
validation	20250515	0.565930
validation	20250516	0.561238
validation	20250519	0.553282
validation	20250520	0.551973
validation	20250521	0.555702
validation	20250522	0.553623
validation	20250523	0.555121
validation	20250526	0.544840
validation	20250527	0.540113
validation	20250528	0.527801
validation	20250529	0.524298
validation	20250530	0.519458
validation	20250602	0.525781
validation	20250604	0.522354
validation	20250605	0.512654
validation	20250609	0.518548
validation	20250610	0.507626
validation	20250611	0.506991
validation	20250612	0.516114
validation	20250613	0.501833
validation	20250616	0.506419
validation	20250617	0.503514
validation	20250618	0.527621
validation	20250619	0.526679
validation	20250620	0.516575
validation	20250623	0.514999
validation	20250624	0.518658
validation	20250625	0.508087
validation	20250626	0.503185
validation	20250627	0.503116
validation	20250630	0.496745
validation	20250701	0.486080
validation	20250702	0.480697
validation	20250703	0.485561
validation	20250704	0.481095
validation	20250707	0.484719
validation	20250708	0.480012
validation	20250709	0.480286
validation	20250710	0.479283
validation	20250711	0.488719
validation	20250714	0.485753
validation	20250715	0.480789
validation	20250716	0.482625
validation	20250717	0.488940
validation	20250718	0.490695
validation	20250721	0.481697
validation	20250722	0.480069
validation	20250723	0.479901
validation	20250724	0.486777
validation	20250725	0.477974
validation	20250728	0.473963
validation	20250729	0.467675
validation	20250730	0.464954
validation	20250731	0.452508
validation	20250801	0.443986
validation	20250804	0.443782
validation	20250805	0.443885
validation	20250806	0.445489
validation	20250807	0.446788
validation	20250808	0.447581
validation	20250811	0.442534
validation	20250812	0.436511
validation	20250813	0.438954
validation	20250814	0.438006
validation	20250818	0.438310
validation	20250819	0.441025
validation	20250820	0.437682
validation	20250821	0.435786
validation	20250822	0.432521
validation	20250825	0.439344
validation	20250826	0.442917
validation	20250827	0.444499
validation	20250828	0.445475
validation	20250829	0.444544
validation	20250901	0.443036
validation	20250902	0.446795
validation	20250903	0.443637
validation	20250904	0.447448
validation	20250905	0.449067
validation	20250908	0.449193
validation	20250909	0.450615
validation	20250910	0.454690
validation	20250911	0.456799
validation	20250912	0.475579
validation	20250915	0.481892
validation	20250916	0.485283
validation	20250917	0.490162
validation	20250918	0.500596
validation	20250919	0.500749
validation	20250922	0.496915
validation	20250923	0.499487
validation	20250924	0.498130
validation	20250925	0.498798
validation	20250926	0.495717
validation	20250929	0.492564
validation	20250930	0.488559
recent_1y	20251001	1.000000
recent_1y	20251002	1.000000
recent_1y	20251010	1.000000
recent_1y	20251013	1.000000
recent_1y	20251014	0.997807
recent_1y	20251015	0.999787
recent_1y	20251016	0.988114
recent_1y	20251017	0.990832
recent_1y	20251020	0.990832
recent_1y	20251021	0.991514
recent_1y	20251022	0.994276
recent_1y	20251023	1.003022
recent_1y	20251024	1.004872
recent_1y	20251027	1.002503
recent_1y	20251028	0.990638
recent_1y	20251029	0.998229
recent_1y	20251030	0.980403
recent_1y	20251031	0.973109
recent_1y	20251103	0.984075
recent_1y	20251104	0.985365
recent_1y	20251105	0.965178
recent_1y	20251106	0.965680
recent_1y	20251107	0.937044
recent_1y	20251110	0.932383
recent_1y	20251111	0.913277
recent_1y	20251112	0.908244
recent_1y	20251113	0.915349
recent_1y	20251114	0.889163
recent_1y	20251117	0.888011
recent_1y	20251118	0.885975
recent_1y	20251119	0.892984
recent_1y	20251120	0.896863
recent_1y	20251121	0.890826
recent_1y	20251124	0.878760
recent_1y	20251125	0.883605
recent_1y	20251126	0.889302
recent_1y	20251127	0.891877
recent_1y	20251128	0.892423
recent_1y	20251201	0.890518
recent_1y	20251202	0.906183
recent_1y	20251203	0.913679
recent_1y	20251204	0.904358
recent_1y	20251205	0.885893
recent_1y	20251208	0.899287
recent_1y	20251209	0.905634
recent_1y	20251210	0.891926
recent_1y	20251211	0.901130
recent_1y	20251212	0.903422
recent_1y	20251215	0.901180
recent_1y	20251216	0.872900
recent_1y	20251217	0.869279
recent_1y	20251218	0.864194
recent_1y	20251219	0.875190
recent_1y	20251222	0.884312
recent_1y	20251223	0.867191
recent_1y	20251224	0.875502
recent_1y	20251226	0.870088
recent_1y	20251229	0.879769
recent_1y	20251230	0.860739
recent_1y	20260102	0.896249
recent_1y	20260105	0.902918
recent_1y	20260106	0.900780
recent_1y	20260107	0.895793
recent_1y	20260108	0.897526
recent_1y	20260109	0.893228
recent_1y	20260112	0.890010
recent_1y	20260113	0.901173
recent_1y	20260114	0.922834
recent_1y	20260115	0.944334
recent_1y	20260116	0.935114
recent_1y	20260119	0.932624
recent_1y	20260120	0.921350
recent_1y	20260121	0.909099
recent_1y	20260122	0.892204
recent_1y	20260123	0.917320
recent_1y	20260126	0.928171
recent_1y	20260127	0.940419
recent_1y	20260128	0.983909
recent_1y	20260129	0.976071
recent_1y	20260130	0.951079
recent_1y	20260202	0.911973
recent_1y	20260203	0.943041
recent_1y	20260204	0.947008
recent_1y	20260205	0.924701
recent_1y	20260206	0.912815
recent_1y	20260209	0.937545
recent_1y	20260210	0.924901
recent_1y	20260211	0.943453
recent_1y	20260212	0.946126
recent_1y	20260213	0.948186
recent_1y	20260219	0.946750
recent_1y	20260220	0.958530
recent_1y	20260223	0.968276
recent_1y	20260224	0.979868
recent_1y	20260225	0.999584
recent_1y	20260226	0.988530
recent_1y	20260227	0.996704
recent_1y	20260303	0.993265
recent_1y	20260304	0.959046
recent_1y	20260305	0.972076
recent_1y	20260306	0.968858
recent_1y	20260309	0.961358
recent_1y	20260310	0.961358
recent_1y	20260311	0.956590
recent_1y	20260312	0.956857
recent_1y	20260313	0.949130
recent_1y	20260316	0.950104
recent_1y	20260317	0.946089
recent_1y	20260318	0.959310
recent_1y	20260319	0.916548
recent_1y	20260320	0.918984
recent_1y	20260323	0.871208
recent_1y	20260324	0.870933
recent_1y	20260325	0.888374
recent_1y	20260326	0.880306
recent_1y	20260327	0.880333
recent_1y	20260330	0.898438
recent_1y	20260331	0.860024
recent_1y	20260401	0.869025
recent_1y	20260402	0.873725
recent_1y	20260403	0.881643
recent_1y	20260406	0.882243
recent_1y	20260407	0.879994
recent_1y	20260408	0.882993
recent_1y	20260409	0.862221
recent_1y	20260410	0.882145
recent_1y	20260413	0.900188
recent_1y	20260414	0.904477
recent_1y	20260415	0.929302
recent_1y	20260416	0.925793
recent_1y	20260417	0.941935
recent_1y	20260420	0.941670
recent_1y	20260421	0.956374
recent_1y	20260422	0.954567
recent_1y	20260423	0.949073
recent_1y	20260424	0.963101
recent_1y	20260427	0.979730
recent_1y	20260428	0.951803
recent_1y	20260429	0.957633
recent_1y	20260430	0.935087
recent_1y	20260504	0.963516
recent_1y	20260506	0.956955
recent_1y	20260507	0.939567
recent_1y	20260508	0.943867
recent_1y	20260511	0.930676
recent_1y	20260512	0.880752
recent_1y	20260513	0.882834
recent_1y	20260514	0.872366
recent_1y	20260515	0.867021
recent_1y	20260518	0.861458
recent_1y	20260519	0.861458
recent_1y	20260520	0.861458
recent_1y	20260521	0.863107
recent_1y	20260522	0.863589
recent_1y	20260526	0.847966
recent_1y	20260527	0.833761
recent_1y	20260528	0.809644
recent_1y	20260529	0.803509
recent_1y	20260601	0.806078
recent_1y	20260602	0.800032
recent_1y	20260604	0.799311
recent_1y	20260605	0.796588
recent_1y	20260608	0.796588
recent_1y	20260609	0.796588
recent_1y	20260610	0.796588
recent_1y	20260611	0.796588
recent_1y	20260612	0.794717
recent_1y	20260615	0.795668
recent_1y	20260616	0.797855
recent_1y	20260617	0.800091
recent_1y	20260618	0.783340
recent_1y	20260619	0.778736
recent_1y	20260622	0.772194
recent_1y	20260623	0.770335
recent_1y	20260624	0.773624
recent_1y	20260625	0.767762
recent_1y	20260626	0.767762
recent_1y	20260629	0.767762
recent_1y	20260630	0.767762
recent_1y	20260701	0.767762
recent_1y	20260702	0.767762
recent_1y	20260703	0.766020
recent_1y	20260706	0.767529
recent_1y	20260707	0.775407
recent_1y	20260708	0.770950
recent_1y	20260709	0.761722
recent_1y	20260710	0.768905
recent_1y	20260713	0.765386
recent_1y	20260714	0.761804
recent_1y	20260715	0.761030
recent_1y	20260716	0.761493
recent_1y	20260720	0.756758
recent_1y	20260721	0.753283
recent_1y	20260722	0.748065
recent_1y	20260723	0.748065
recent_1y	20260724	0.748065
recent_1y	20260727	0.748065
recent_1y	20260728	0.741311
recent_1y	20260729	0.741311
recent_1y	20260730	0.741311
recent_1y	20260731	0.741311
recent_1y	20260803	0.745209
recent_1y	20260804	0.759342
recent_1y	20260805	0.756952
recent_1y	20260806	0.765813
recent_1y	20260807	0.766080
recent_1y	20260810	0.797723
recent_1y	20260811	0.777493
recent_1y	20260812	0.772048
recent_1y	20260813	0.793138
recent_1y	20260814	0.797408
recent_1y	20260818	0.784953
recent_1y	20260819	0.767475
recent_1y	20260820	0.768616
recent_1y	20260821	0.769242
recent_1y	20260824	0.772413
recent_1y	20260825	0.774871
recent_1y	20260826	0.782121
recent_1y	20260827	0.771598
recent_1y	20260828	0.784046
recent_1y	20260831	0.787922
recent_1y	20260901	0.796574
recent_1y	20260902	0.786234
recent_1y	20260903	0.801465
recent_1y	20260904	0.798963
recent_1y	20260907	0.797727
recent_1y	20260908	0.803994
recent_1y	20260909	0.799114
recent_1y	20260910	0.799125
recent_1y	20260911	0.798003
recent_1y	20260914	0.786353
recent_1y	20260915	0.789427
recent_1y	20260916	0.782891
recent_1y	20260917	0.777123
recent_1y	20260918	0.777212
recent_1y	20260921	0.781256
recent_1y	20260922	0.766247
recent_1y	20260923	0.763905
recent_1y	20260928	0.746413
recent_1y	20260929	0.740013
