run	period	date	code	rank	gain_0930	value_0930	prev_close	factor	minute_source	regime_score_open	armed_hhmm	signal_hhmm	fill_hhmm	entry	pullback_low	stop	stop_widened	risk_per_share	exit_hhmm	exit	exit_reason	gross_bp	net_bp	net_r	quantity	notional_krw	net_krw	portfolio_reject	c1_net_bp	c1_net_r	c2_triggered	c2_net_bp	c2_net_r	c3_net_bp_mean	c3_net_r_mean
G5|B0.5|K10|paper_1억	development	20250918	450140	3	0.153313	68454541950.000000	12980.000000	1.000000	study	0.000000	950	954	955	14250.000000	14020.000000	13970.000000	False	280.000000	1000	13950.000000	stop	-210.526316	-233.073684	-1.186179	701	9989250.000000	-232823.130000								
G5|B0.5|K10|paper_1억	development	20250918	090710	6	0.059524	40771597371.000000	3360.000000	1.000000	shared	0.000000	1056	1059	1100	3560.000000	3525.000000	3510.000000	False	50.000000	1211	3500.000000	stop	-168.539326	-191.176966	-1.361180	2808	9996480.000000	-191109.672000								
G5|B0.5|K10|paper_1억	development	20250919	201490	6	0.117745	43359464640.000000	6030.000000	1.000000	study	3.000000	936	939	940	6740.000000	6560.000000	6540.000000	False	200.000000	949	6520.000000	stop	-326.409496	-348.707715	-1.175145	1000	6740000.000000	-235029.000000								
G5|B0.5|K10|paper_1억	development	20250919	226950	7	0.050888	37998969200.000000	84500.000000	1.000000	shared	3.000000	1011	1013	1014	89850.000000	89100.000000	88800.000000	False	1050.000000	1510	99800.000000	time	1107.401224	1082.020312	9.259002	111	9973350.000000	1079136.727500								
G5|B0.5|K10|paper_1억	development	20250922	332570	7	0.081600	42863582290.000000	6250.000000	1.000000	shared	4.000000	1133	1140	1141	6860.000000	6770.000000	6740.000000	False	120.000000	1200	6720.000000	stop	-204.081633	-226.642857	-1.295642	1457	9995020.000000	-226529.989000								
G5|B0.5|K10|paper_1억	development	20250923	032820	3	0.076736	55498197335.000000	4105.000000	1.000000	shared	0.000000	955	957	958	4360.000000	4330.000000	4315.000000	False	45.000000	1003	4305.000000	stop	-126.146789	-148.875573	-1.442439	2293	9997480.000000	-148838.056750								
G5|B0.5|K10|paper_1억	development	20250924	459510	8	0.080169	22806880550.000000	23700.000000	1.000000	shared	-2.000000	936	942	943	25350.000000	25000.000000	24900.000000	False	450.000000	946	24800.000000	stop	-216.962525	-239.496055	-1.349161	394	9987900.000000	-239206.265000								
G5|B0.5|K10|paper_1억	development	20250924	448900	7	0.094769	23614648390.000000	16250.000000	1.000000	shared	-2.000000	951	952	953	17790.000000	17450.000000	17390.000000	False	400.000000	1006	17370.000000	stop	-236.087690	-258.580101	-1.150035	500	8895000.000000	-230007.000000								
G5|B0.5|K10|paper_1억	development	20250925	376900	7	0.053600	22554571130.000000	19030.000000	1.000000	shared	0.000000	933	935	936	20050.000000	19780.000000	19720.000000	False	330.000000	1510	20200.000000	time	74.812968	51.652120	0.313826	498	9984900.000000	51574.125000								
G5|B0.5|K10|paper_1억	development	20250925	263750	8	0.084425	15159542050.000000	34350.000000	1.000000	study	0.000000	947	950	951	36950.000000	36700.000000	36550.000000	False	400.000000	1223	36450.000000	stop	-135.317997	-158.027064	-1.459775	270	9976500.000000	-157655.700000								
G5|B0.5|K10|paper_1억	development	20250926	0010V0	9	0.064356	10738762800.000000	20200.000000	1.000000	study	-3.000000	931	934	935	21350.000000	21000.000000	20900.000000	False	450.000000	1510	21450.000000	time	46.838407	23.737705	0.112622	444	9479400.000000	22501.920000								
G5|B0.5|K10|paper_1억	development	20250926	234340	6	0.062703	23993209280.000000	18500.000000	1.000000	study	-3.000000	933	936	937	19350.000000	19120.000000	19060.000000	False	290.000000	938	19040.000000	stop	-160.206718	-182.862274	-1.220133	516	9984600.000000	-182580.666000								
G5|B0.5|K10|paper_1억	development	20250926	060250	1	0.075888	103469038455.000000	18580.000000	1.000000	study	-3.000000	938	940	941	19470.000000	19170.000000	19110.000000	False	360.000000	1510	19990.000000	time	267.077555	243.503338	1.316947	513	9988110.000000	243213.813000								
G5|B0.5|K10|paper_1억	development	20250926	199480	2	0.143705	76476698210.000000	8420.000000	1.000000	study	-3.000000	940	945	946	9220.000000	9110.000000	9080.000000	False	140.000000	957	9060.000000	stop	-173.535792	-196.162690	-1.291871	1084	9994480.000000	-196054.408000								
G5|B0.5|K10|paper_1억	development	20250929	108490	2	0.059959	109579228800.000000	145100.000000	1.026887	shared	4.000000	943	955	956	154697.381738	153000.000000	152499.801980	False	2197.579758	1510	156102.618262	time	90.837770	67.642469	0.476165	64	9900632.431243	66970.322376								
G5|B0.5|K10|paper_1억	development	20251001	476040	3	0.072559	32429350400.000000	37900.000000	1.000000	study	0.000000	938	942	943	40650.000000	40250.000000	40100.000000	False	550.000000	945	40000.000000	stop	-159.901599	-182.557811	-1.349268	246	9999900.000000	-182555.985000								
G5|B0.5|K10|paper_1억	development	20251001	376900	2	0.063340	45264856850.000000	26050.000000	1.000000	study	0.000000	944	947	948	27950.000000	27500.000000	27400.000000	False	550.000000	1041	27300.000000	stop	-232.558140	-255.058140	-1.296159	357	9978150.000000	-254500.837500								
G5|B0.5|K10|paper_1억	development	20251001	353200	5	0.053097	22538400750.000000	28250.000000	1.000000	shared	0.000000	954	955	956	29750.000000	29550.000000	29450.000000	False	300.000000	1006	29350.000000	stop	-134.453782	-157.164706	-1.558550	336	9996000.000000	-157101.840000								
G5|B0.5|K10|paper_1억	development	20251002	007660	4	0.061281	51309871850.000000	71800.000000	1.000000	shared	3.000000	1022	1023	1024	75500.000000	75000.000000	74700.000000	False	800.000000	1035	74500.000000	stop	-132.450331	-155.165563	-1.464375	132	9966000.000000	-154638.000000								
G5|B0.5|K10|paper_1억	development	20251010	035420	2	0.071146	368546118000.000000	253000.000000	1.000000	shared	1.000000	952	1000	1001	269000.000000	266000.000000	265000.000000	False	4000.000000	1351	264000.000000	stop	-185.873606	-208.473978	-1.401987	37	9953000.000000	-207494.150000								
G5|B0.5|K10|paper_1억	development	20251010	226950	8	0.062159	33325431500.000000	91700.000000	1.000000	shared	1.000000	1112	1122	1123	96500.000000	95000.000000	94700.000000	False	1800.000000	1510	95900.000000	time	-62.176166	-85.042487	-0.455922	103	9939500.000000	-84527.980000								
G5|B0.5|K10|paper_1억	development	20251013	466100	1	0.065656	213177786318.000000	34620.000000	1.055768	study	-8.000000	934	935	936	36277.358885	35662.000000	35519.163763	False	758.195122	1510	37271.641115	time	274.077899	250.488631	1.198513	263	9540945.386760	238989.835204								
G5|B0.5|K10|paper_1억	development	20251013	010130	5	0.071503	22661659000.000000	965000.000000	1.000000	shared	-8.000000	934	938	939	1067000.000000	1053000.000000	1049000.000000	False	18000.000000	1510	1148000.000000	time	759.137769	734.505623	4.353986	9	9603000.000000	705345.750000								
G5|B0.5|K10|paper_1억	development	20251013	160190	8	0.052966	15654806650.000000	47200.000000	1.000000	shared	-8.000000	1016	1018	1019	51300.000000	50500.000000	50300.000000	False	1000.000000	1026	50100.000000	stop	-233.918129	-256.415205	-1.315410	194	9952200.000000	-255189.540000								
G5|B0.5|K10|paper_1억	development	20251014	062040	8	0.069030	32455706500.000000	107200.000000	1.000000	shared	6.000000	958	1000	1001	113200.000000	112200.000000	111800.000000	False	1400.000000	1028	111600.000000	stop	-141.342756	-164.038869	-1.326371	88	9961600.000000	-163408.960000								
G5|B0.5|K10|paper_1억	development	20251015	424870	8	0.053525	30720609472.000000	6128.000000	1.039524	shared	-3.000000	934	939	940	6455.619784	6321.000000	6300.958269	False	154.661515	1320	6281.718702	stop	-269.379374	-291.800209	-1.217983	1293	8347116.380216	-243569.030280								
G5|B0.5|K10|paper_1억	development	20251016	007660	5	0.057841	91495961200.000000	77800.000000	1.000000	shared	2.000000	935	942	943	81400.000000	80900.000000	80600.000000	False	800.000000	1510	82400.000000	time	122.850123	99.585995	1.013287	122	9930800.000000	98896.860000								
G5|B0.5|K10|paper_1억	development	20251020	030530	5	0.062640	40236547000.000000	22350.000000	1.000000	shared	5.000000	932	933	934	24150.000000	23700.000000	23600.000000	False	550.000000	1003	23500.000000	stop	-269.151139	-291.572464	-1.280268	363	8766450.000000	-255605.542500								
G5|B0.5|K10|paper_1억	development	20251022	290690	10	0.140527	7757849955.000000	3985.000000	1.000000	study	0.000000	932	936	937	4430.000000	4325.000000	4310.000000	False	120.000000	957	4300.000000	stop	-293.453725	-315.822799	-1.165913	1666	7380380.000000	-233089.227000								
G5|B0.5|K10|paper_1억	development	20251022	488280	6	0.129534	23732010880.000000	19300.000000	1.000000	study	0.000000	936	939	940	21700.000000	21150.000000	21050.000000	False	650.000000	947	20950.000000	stop	-345.622120	-367.879032	-1.228150	307	6661900.000000	-245077.332500								
G5|B0.5|K10|paper_1억	development	20251022	226950	5	0.059471	29276399700.000000	90800.000000	1.000000	shared	0.000000	947	949	950	96100.000000	94900.000000	94600.000000	False	1500.000000	952	94400.000000	stop	-176.899063	-199.518730	-1.278250	104	9994400.000000	-199407.000000								
G5|B0.5|K10|paper_1억	development	20251023	062040	4	0.064567	69122097400.000000	127000.000000	1.000000	shared	-6.000000	935	948	949	133000.000000	131600.000000	131200.000000	False	1800.000000	1022	131000.000000	stop	-150.375940	-173.052632	-1.278667	75	9975000.000000	-172620.000000								
G5|B0.5|K10|paper_1억	development	20251024	066970	8	0.060739	51167776800.000000	113600.000000	1.000000	shared	6.000000	957	1002	1003	121600.000000	120100.000000	119700.000000	False	1900.000000	1510	133300.000000	time	962.171053	937.102385	5.997455	82	9971200.000000	934403.530000								
G5|B0.5|K10|paper_1억	development	20251024	062040	2	0.051977	154908213900.000000	136600.000000	1.000000	shared	6.000000	1229	1236	1237	146100.000000	144900.000000	144400.000000	False	1700.000000	1510	145000.000000	time	-75.290897	-98.129021	-0.843332	68	9934800.000000	-97489.220000								
G5|B0.5|K10|paper_1억	development	20251027	075580	4	0.081678	62821686025.000000	22650.000000	1.000000	shared	7.000000	953	956	957	24550.000000	24200.000000	24100.000000	False	450.000000	1010	24000.000000	stop	-224.032587	-246.550916	-1.345072	407	9991850.000000	-246349.977500								
G5|B0.5|K10|paper_1억	development	20251027	005690	9	0.075523	41513441040.000000	14830.000000	1.000000	shared	7.000000	1018	1020	1021	16050.000000	15930.000000	15880.000000	False	170.000000	1031	15860.000000	stop	-118.380062	-141.125545	-1.332391	623	9999150.000000	-141113.549500								
G5|B0.5|K10|paper_1억	development	20251027	042660	3	0.050296	116195232050.000000	135200.000000	1.000000	shared	7.000000	1025	1030	1031	141300.000000	140300.000000	139800.000000	False	1500.000000	1049	139600.000000	stop	-120.311394	-143.052725	-1.347557	70	9891000.000000	-141493.450000								
G5|B0.5|K10|paper_1억	development	20251027	047770	10	0.093706	35639081255.000000	3575.000000	1.000000	study	7.000000	1242	1245	1246	3910.000000	3875.000000	3860.000000	False	50.000000	1440	3850.000000	stop	-153.452685	-176.122762	-1.377280	2557	9997870.000000	-176085.248000								
G6|B0.3|K10|paper_1억	development	20250918	450140	3	0.153313	68454541950.000000	12980.000000	1.000000	study	0.000000	950	954	955	14250.000000	14020.000000	13970.000000	False	280.000000	1000	13950.000000	stop	-210.526316	-233.073684	-1.186179	701	9989250.000000	-232823.130000								
G6|B0.3|K10|paper_1억	development	20250919	201490	6	0.117745	43359464640.000000	6030.000000	1.000000	study	3.000000	936	939	940	6740.000000	6560.000000	6540.000000	False	200.000000	949	6520.000000	stop	-326.409496	-348.707715	-1.175145	1000	6740000.000000	-235029.000000								
G6|B0.3|K10|paper_1억	development	20250919	462860	9	0.116228	19813723690.000000	4560.000000	1.000000	study	3.000000	1251	1255	1256	5060.000000	5000.000000	4985.000000	False	75.000000	1510	5095.000000	time	69.169960	46.021245	0.310490	1976	9998560.000000	46014.618000								
G6|B0.3|K10|paper_1억	development	20250922	332570	7	0.081600	42863582290.000000	6250.000000	1.000000	shared	4.000000	1214	1220	1221	6860.000000	6810.000000	6780.000000	False	80.000000	1326	6760.000000	stop	-145.772595	-168.459184	-1.444538	1457	9995020.000000	-168375.291000								
G6|B0.3|K10|paper_1억	development	20250923	032820	3	0.076736	55498197335.000000	4105.000000	1.000000	shared	0.000000	955	957	958	4360.000000	4330.000000	4315.000000	False	45.000000	1003	4305.000000	stop	-126.146789	-148.875573	-1.442439	2293	9997480.000000	-148838.056750								
G6|B0.3|K10|paper_1억	development	20250924	448900	6	0.094769	23614648390.000000	16250.000000	1.000000	shared	-2.000000	952	953	954	17980.000000	17560.000000	17500.000000	False	480.000000	958	17480.000000	stop	-278.086763	-300.488877	-1.125581	416	7479680.000000	-224756.064000								
G6|B0.3|K10|paper_1억	development	20250925	263750	7	0.084425	15159542050.000000	34350.000000	1.000000	study	0.000000	1009	1011	1012	37000.000000	36800.000000	36650.000000	False	350.000000	1200	36550.000000	stop	-121.621622	-144.360135	-1.526093	270	9990000.000000	-144215.775000								
G6|B0.3|K10|paper_1억	development	20250925	476040	9	0.104965	13761856650.000000	35250.000000	1.000000	study	0.000000	1122	1123	1124	38300.000000	38050.000000	37900.000000	False	400.000000	1245	37800.000000	stop	-130.548303	-153.267624	-1.467537	261	9996300.000000	-153210.915000								
G6|B0.3|K10|paper_1억	development	20250926	0010V0	8	0.064356	10738762800.000000	20200.000000	1.000000	study	-3.000000	933	934	935	21350.000000	21050.000000	20950.000000	False	400.000000	1510	21450.000000	time	46.838407	23.737705	0.126700	468	9991800.000000	23718.240000								
G6|B0.3|K10|paper_1억	development	20250926	234340	5	0.062703	23993209280.000000	18500.000000	1.000000	study	-3.000000	933	936	937	19350.000000	19120.000000	19060.000000	False	290.000000	938	19040.000000	stop	-160.206718	-182.862274	-1.220133	516	9984600.000000	-182580.666000								
G6|B0.3|K10|paper_1억	development	20250926	199480	2	0.143705	76476698210.000000	8420.000000	1.000000	study	-3.000000	940	945	946	9220.000000	9110.000000	9080.000000	False	140.000000	957	9060.000000	stop	-173.535792	-196.162690	-1.291871	1084	9994480.000000	-196054.408000								
G6|B0.3|K10|paper_1억	development	20250926	060250	1	0.075888	103469038455.000000	18580.000000	1.000000	study	-3.000000	945	946	947	19520.000000	19200.000000	19140.000000	False	380.000000	1510	19990.000000	time	240.778689	217.261014	1.116036	512	9994240.000000	217135.872000								
G6|B0.3|K10|paper_1억	development	20250929	030530	10	0.060101	21515901670.000000	13810.000000	1.000000	shared	4.000000	936	938	939	14590.000000	14420.000000	14370.000000	False	220.000000	1338	14350.000000	stop	-164.496230	-187.142563	-1.241095	685	9994150.000000	-187033.085000								
G6|B0.3|K10|paper_1억	development	20251001	476040	3	0.072559	32429350400.000000	37900.000000	1.000000	study	0.000000	938	942	943	40650.000000	40250.000000	40100.000000	False	550.000000	945	40000.000000	stop	-159.901599	-182.557811	-1.349268	246	9999900.000000	-182555.985000								
G6|B0.3|K10|paper_1억	development	20251001	475960	8	0.094650	12372739900.000000	48600.000000	1.000000	shared	0.000000	1250	1256	1257	52000.000000	51700.000000	51500.000000	False	500.000000	1304	51300.000000	stop	-134.615385	-157.325962	-1.636190	192	9984000.000000	-157074.240000								
G6|B0.3|K10|paper_1억	development	20251010	035420	2	0.071146	368546118000.000000	253000.000000	1.000000	shared	1.000000	1113	1116	1117	268000.000000	266500.000000	265500.000000	False	2500.000000	1333	264500.000000	stop	-130.597015	-153.316231	-1.643550	37	9916000.000000	-152028.375000								
G6|B0.3|K10|paper_1억	development	20251010	226950	7	0.062159	33325431500.000000	91700.000000	1.000000	shared	1.000000	1120	1122	1123	96500.000000	95700.000000	95400.000000	False	1100.000000	1154	95200.000000	stop	-134.715026	-157.425389	-1.381050	103	9939500.000000	-156472.965000								
G6|B0.3|K10|paper_1억	development	20251013	010130	4	0.071503	22661659000.000000	965000.000000	1.000000	shared	-8.000000	935	938	939	1067000.000000	1053000.000000	1049000.000000	False	18000.000000	1510	1148000.000000	time	759.137769	734.505623	4.353986	9	9603000.000000	705345.750000								
G6|B0.3|K10|paper_1억	development	20251013	466100	1	0.065656	213177786318.000000	34620.000000	1.055768	study	-8.000000	1115	1121	1122	36751.358885	36419.000000	36276.905923	False	474.452962	1510	37271.641115	time	141.568161	118.263790	0.916077	272	9996369.616725	118220.855384								
G6|B0.3|K10|paper_1억	development	20251016	097230	2	0.078512	117348759950.000000	24200.000000	1.000000	shared	2.000000	1221	1225	1226	26150.000000	25850.000000	25750.000000	False	400.000000	1257	25650.000000	stop	-191.204589	-213.793499	-1.397675	382	9989300.000000	-213564.740000								
G6|B0.3|K10|paper_1억	development	20251022	290690	9	0.140527	7757849955.000000	3985.000000	1.000000	study	0.000000	932	936	937	4430.000000	4325.000000	4310.000000	False	120.000000	957	4300.000000	stop	-293.453725	-315.822799	-1.165913	1666	7380380.000000	-233089.227000								
G6|B0.3|K10|paper_1억	development	20251022	488280	5	0.129534	23732010880.000000	19300.000000	1.000000	study	0.000000	949	953	954	21325.000000	20950.000000	20850.000000	False	475.000000	959	20750.000000	stop	-269.636577	-292.056858	-1.311182	421	8977825.000000	-262203.536250								
G6|B0.3|K10|paper_1억	development	20251023	062040	3	0.064567	69122097400.000000	127000.000000	1.000000	shared	-6.000000	935	948	949	133000.000000	131600.000000	131200.000000	False	1800.000000	1022	131000.000000	stop	-150.375940	-173.052632	-1.278667	75	9975000.000000	-172620.000000								
G6|B0.3|K10|paper_1억	development	20251027	075580	3	0.081678	62821686025.000000	22650.000000	1.000000	shared	7.000000	1023	1025	1026	24500.000000	24300.000000	24200.000000	False	300.000000	1136	24100.000000	stop	-163.265306	-185.914286	-1.518300	408	9996000.000000	-185839.920000								
G6|B0.3|K10|paper_1억	development	20251027	047770	9	0.093706	35639081255.000000	3575.000000	1.000000	study	7.000000	1242	1245	1246	3910.000000	3875.000000	3860.000000	False	50.000000	1440	3850.000000	stop	-153.452685	-176.122762	-1.377280	2557	9997870.000000	-176085.248000								
G6|B0.3|K10|paper_1억	development	20251028	267320	10	0.065367	9475906060.000000	4360.000000	1.000000	study	3.000000	933	936	937	4595.000000	4530.000000	4515.000000	False	80.000000	946	4505.000000	stop	-195.865071	-218.443961	-1.254688	2176	9998720.000000	-218416.000000								
G6|B0.3|K10|paper_1억	development	20251028	009470	9	0.071221	10941658200.000000	34400.000000	1.000000	study	3.000000	1140	1141	1142	38050.000000	37700.000000	37550.000000	False	500.000000	1206	37450.000000	stop	-157.687254	-180.348226	-1.372450	262	9969100.000000	-179790.950000								
G6|B0.3|K10|paper_1억	development	20251029	222800	10	0.123288	42680675000.000000	58400.000000	1.000000	shared	2.000000	1035	1039	1040	63300.000000	62700.000000	62500.000000	False	800.000000	1110	62300.000000	stop	-157.977883	-180.638231	-1.429300	157	9938100.000000	-179520.080000								
G6|B0.5|K10|live_200만	development	20250918	450140	3	0.153313	68454541950.000000	12980.000000	1.000000	study	0.000000	950	954	955	14250.000000	14020.000000	13970.000000	False	280.000000	1000	13950.000000	stop	-210.526316	-233.073684	-1.186179	35	498750.000000	-11624.550000								
G6|B0.5|K10|live_200만	development	20250919	201490	6	0.117745	43359464640.000000	6030.000000	1.000000	study	3.000000	936	939	940	6740.000000	6560.000000	6540.000000	False	200.000000	949	6520.000000	stop	-326.409496	-348.707715	-1.175145	50	337000.000000	-11751.450000								
G6|B0.5|K10|live_200만	development	20250922	332570	7	0.081600	42863582290.000000	6250.000000	1.000000	shared	4.000000	1133	1140	1141	6860.000000	6770.000000	6740.000000	False	120.000000	1200	6720.000000	stop	-204.081633	-226.642857	-1.295642	72	493920.000000	-11194.344000								
G6|B0.5|K10|live_200만	development	20250923	032820	3	0.076736	55498197335.000000	4105.000000	1.000000	shared	0.000000	955	957	958	4360.000000	4330.000000	4315.000000	False	45.000000	1003	4305.000000	stop	-126.146789	-148.875573	-1.442439	114	497040.000000	-7399.711500								
G6|B0.5|K10|live_200만	development	20250924	459510	7	0.080169	22806880550.000000	23700.000000	1.000000	shared	-2.000000	936	942	943	25350.000000	25000.000000	24900.000000	False	450.000000	946	24800.000000	stop	-216.962525	-239.496055	-1.349161	19	481650.000000	-11535.327500								
G6|B0.5|K10|live_200만	development	20250924	448900	6	0.094769	23614648390.000000	16250.000000	1.000000	shared	-2.000000	951	952	953	17790.000000	17450.000000	17390.000000	False	400.000000	1006	17370.000000	stop	-236.087690	-258.580101	-1.150035	25	444750.000000	-11500.350000								
G6|B0.5|K10|live_200만	development	20250925	263750	7	0.084425	15159542050.000000	34350.000000	1.000000	study	0.000000	947	950	951	36950.000000	36700.000000	36550.000000	False	400.000000	1223	36450.000000	stop	-135.317997	-158.027064	-1.459775	13	480350.000000	-7590.830000								
G6|B0.5|K10|live_200만	development	20250926	0010V0	8	0.064356	10738762800.000000	20200.000000	1.000000	study	-3.000000	931	934	935	21350.000000	21000.000000	20900.000000	False	450.000000	1510	21450.000000	time	46.838407	23.737705	0.112622	22	469700.000000	1114.960000								
G6|B0.5|K10|live_200만	development	20250929	030530	10	0.060101	21515901670.000000	13810.000000	1.000000	shared	4.000000	932	936	937	14480.000000	14320.000000	14270.000000	False	210.000000	1338	14250.000000	stop	-158.839779	-181.498273	-1.251474	34	492320.000000	-8935.523000								
G6|B0.5|K10|live_200만	development	20250930	440110	9	0.063830	12746264100.000000	21150.000000	1.000000	shared	-1.000000	938	939	940	23000.000000	22700.000000	22600.000000	False	400.000000	1003	22500.000000	stop	-217.391304	-239.923913	-1.379563	21	483000.000000	-11588.325000								
G6|B0.5|K10|live_200만	development	20251001	007810	10	0.070358	10642156540.000000	17340.000000	1.000000	study	0.000000	938	940	941	18340.000000	18190.000000	18130.000000	False	210.000000	1136	18110.000000	stop	-125.408942	-148.139313	-1.293750	27	495180.000000	-7335.562500								
G6|B0.5|K10|live_200만	development	20251002	007660	4	0.061281	51309871850.000000	71800.000000	1.000000	shared	3.000000	1022	1023	1024	75500.000000	75000.000000	74700.000000	False	800.000000	1035	74500.000000	stop	-132.450331	-155.165563	-1.464375	6	453000.000000	-7029.000000								
G6|B0.5|K10|live_200만	development	20251010	035420	2	0.071146	368546118000.000000	253000.000000	1.000000	shared	1.000000	952	1000	1001	269000.000000	266000.000000	265000.000000	False	4000.000000	1351	264000.000000	stop	-185.873606	-208.473978	-1.401987	1	269000.000000	-5607.950000								
G6|B0.5|K10|live_200만	development	20251013	466100	1	0.065656	213177786318.000000	34620.000000	1.055768	study	-8.000000	934	935	936	36277.358885	35662.000000	35519.163763	False	758.195122	1510	37271.641115	time	274.077899	250.488631	1.198513	13	471605.665505	11813.185771								
G6|B0.5|K10|live_200만	development	20251014	062040	8	0.069030	32455706500.000000	107200.000000	1.000000	shared	6.000000	958	1000	1001	113200.000000	112200.000000	111800.000000	False	1400.000000	1028	111600.000000	stop	-141.342756	-164.038869	-1.326371	4	452800.000000	-7427.680000								
G6|B0.5|K10|live_200만	development	20251020	030530	4	0.062640	40236547000.000000	22350.000000	1.000000	shared	5.000000	932	933	934	24150.000000	23700.000000	23600.000000	False	550.000000	1003	23500.000000	stop	-269.151139	-291.572464	-1.280268	18	434700.000000	-12674.655000								
G6|B0.5|K10|live_200만	development	20251022	290690	9	0.140527	7757849955.000000	3985.000000	1.000000	study	0.000000	932	936	937	4430.000000	4325.000000	4310.000000	False	120.000000	957	4300.000000	stop	-293.453725	-315.822799	-1.165913	83	367690.000000	-11612.488500								
G6|B0.5|K10|live_200만	development	20251022	413630	3	0.102750	66869776805.000000	3455.000000	1.000000	shared	0.000000	1123	1124	1125	3905.000000	3810.000000	3795.000000	False	110.000000	1146	3785.000000	stop	-307.298335	-329.637644	-1.170214	90	351450.000000	-11585.115000								
G6|B0.5|K10|live_200만	development	20251023	062040	3	0.064567	69122097400.000000	127000.000000	1.000000	shared	-6.000000	935	948	949	133000.000000	131600.000000	131200.000000	False	1800.000000	1022	131000.000000	stop	-150.375940	-173.052632	-1.278667	3	399000.000000	-6904.800000								
G6|B0.5|K10|live_200만	development	20251024	066970	5	0.060739	51167776800.000000	113600.000000	1.000000	shared	6.000000	957	1002	1003	121600.000000	120100.000000	119700.000000	False	1900.000000	1510	133300.000000	time	962.171053	937.102385	5.997455	4	486400.000000	45580.660000								
G6|B0.5|K10|live_200만	development	20251027	075580	3	0.081678	62821686025.000000	22650.000000	1.000000	shared	7.000000	953	956	957	24550.000000	24200.000000	24100.000000	False	450.000000	1010	24000.000000	stop	-224.032587	-246.550916	-1.345072	20	491000.000000	-12105.650000								
G6|B0.5|K10|live_200만	development	20251027	005690	8	0.075523	41513441040.000000	14830.000000	1.000000	shared	7.000000	1018	1020	1021	16050.000000	15930.000000	15880.000000	False	170.000000	1031	15860.000000	stop	-118.380062	-141.125545	-1.332391	31	497550.000000	-7021.701500								
G6|B0.5|K10|live_200만	development	20251028	267320	10	0.065367	9475906060.000000	4360.000000	1.000000	study	3.000000	933	936	937	4595.000000	4530.000000	4515.000000	False	80.000000	946	4505.000000	stop	-195.865071	-218.443961	-1.254688	108	496260.000000	-10840.500000								
G6|B0.5|K10|live_200만	development	20251028	318060	7	0.097826	12020114710.000000	10120.000000	1.000000	study	3.000000	1052	1055	1056	11080.000000	10940.000000	10900.000000	False	180.000000	1059	10880.000000	stop	-180.505415	-203.117329	-1.250300	45	498600.000000	-10127.430000								
G6|B0.5|K10|live_200만	development	20251029	222800	10	0.123288	42680675000.000000	58400.000000	1.000000	shared	2.000000	1035	1039	1040	63300.000000	62700.000000	62500.000000	False	800.000000	1110	62300.000000	stop	-157.977883	-180.638231	-1.429300	7	443100.000000	-8004.080000								
G6|B0.5|K10|paper_1억	development	20250918	450140	3	0.153313	68454541950.000000	12980.000000	1.000000	study	0.000000	950	954	955	14250.000000	14020.000000	13970.000000	False	280.000000	1000	13950.000000	stop	-210.526316	-233.073684	-1.186179	701	9989250.000000	-232823.130000		-230.885417	-1.184681	False			-208.574279	-1.044870
G6|B0.5|K10|paper_1억	development	20250919	201490	6	0.117745	43359464640.000000	6030.000000	1.000000	study	3.000000	936	939	940	6740.000000	6560.000000	6540.000000	False	200.000000	949	6520.000000	stop	-326.409496	-348.707715	-1.175145	1000	6740000.000000	-235029.000000		-247.404048	-1.269373	True	-256.074453	-1.252936	-267.687076	-0.890048
G6|B0.5|K10|paper_1억	development	20250922	332570	7	0.081600	42863582290.000000	6250.000000	1.000000	shared	4.000000	1133	1140	1141	6860.000000	6770.000000	6740.000000	False	120.000000	1200	6720.000000	stop	-204.081633	-226.642857	-1.295642	1457	9995020.000000	-226529.989000		251.705729	1.301125	False			-21.860264	-0.124854
G6|B0.5|K10|paper_1억	development	20250923	032820	3	0.076736	55498197335.000000	4105.000000	1.000000	shared	0.000000	955	957	958	4360.000000	4330.000000	4315.000000	False	45.000000	1003	4305.000000	stop	-126.146789	-148.875573	-1.442439	2293	9997480.000000	-148838.056750		-236.503941	-1.235385	True	-236.503941	-1.235385	-154.695734	-1.417977
G6|B0.5|K10|paper_1억	development	20250924	459510	7	0.080169	22806880550.000000	23700.000000	1.000000	shared	-2.000000	936	942	943	25350.000000	25000.000000	24900.000000	False	450.000000	946	24800.000000	stop	-216.962525	-239.496055	-1.349161	394	9987900.000000	-239206.265000		-258.712598	-1.314260	False			-243.972934	-1.345966
G6|B0.5|K10|paper_1억	development	20250924	448900	6	0.094769	23614648390.000000	16250.000000	1.000000	shared	-2.000000	951	952	953	17790.000000	17450.000000	17390.000000	False	400.000000	1006	17370.000000	stop	-236.087690	-258.580101	-1.150035	500	8895000.000000	-230007.000000		-227.803877	-1.175200	True	-228.407909	-1.171225	-261.348242	-1.148547
G6|B0.5|K10|paper_1억	development	20250925	263750	7	0.084425	15159542050.000000	34350.000000	1.000000	study	0.000000	947	950	951	36950.000000	36700.000000	36550.000000	False	400.000000	1223	36450.000000	stop	-135.317997	-158.027064	-1.459775	270	9976500.000000	-157655.700000		-250.697315	-1.245130	False			-152.299643	-1.294695
G6|B0.5|K10|paper_1억	development	20250926	0010V0	8	0.064356	10738762800.000000	20200.000000	1.000000	study	-3.000000	931	934	935	21350.000000	21000.000000	20900.000000	False	450.000000	1510	21450.000000	time	46.838407	23.737705	0.112622	444	9479400.000000	22501.920000		142.520142	0.668261	True	114.951613	0.554322	-183.992367	-0.807850
G6|B0.5|K10|paper_1억	development	20250926	234340	5	0.062703	23993209280.000000	18500.000000	1.000000	study	-3.000000	933	936	937	19350.000000	19120.000000	19060.000000	False	290.000000	938	19040.000000	stop	-160.206718	-182.862274	-1.220133	516	9984600.000000	-182580.666000		-226.955033	-1.168818	False			-131.282123	-0.861687
G6|B0.5|K10|paper_1억	development	20250926	060250	1	0.075888	103469038455.000000	18580.000000	1.000000	study	-3.000000	938	940	941	19470.000000	19170.000000	19110.000000	False	360.000000	1510	19990.000000	time	267.077555	243.503338	1.316947	513	9988110.000000	243213.813000		-224.993927	-1.169968	True	-96.551597	-0.503801	10.679467	0.062654
G6|B0.5|K10|paper_1억	development	20250926	199480	2	0.143705	76476698210.000000	8420.000000	1.000000	study	-3.000000	940	945	946	9220.000000	9110.000000	9080.000000	False	140.000000	957	9060.000000	stop	-173.535792	-196.162690	-1.291871	1084	9994480.000000	-196054.408000		-233.961945	-1.229600	False			-200.189659	-1.284999
G6|B0.5|K10|paper_1억	development	20250926	054920	9	0.081967	10709298485.000000	4880.000000	1.000000	study	-3.000000	944	950	951	5210.000000	5100.000000	5080.000000	False	130.000000	1121	5060.000000	stop	-287.907869	-310.288868	-1.243542	1538	0.000000	0.000000	daily_entry_cap							
G6|B0.5|K10|paper_1억	development	20250929	030530	10	0.060101	21515901670.000000	13810.000000	1.000000	shared	4.000000	932	936	937	14480.000000	14320.000000	14270.000000	False	210.000000	1338	14250.000000	stop	-158.839779	-181.498273	-1.251474	690	9991200.000000	-181338.555000		-226.920300	-1.189711	False			-185.068612	-1.244662
G6|B0.5|K10|paper_1억	development	20250930	440110	9	0.063830	12746264100.000000	21150.000000	1.000000	shared	-1.000000	938	939	940	23000.000000	22700.000000	22600.000000	False	400.000000	1003	22500.000000	stop	-217.391304	-239.923913	-1.379563	434	9982000.000000	-239492.050000		-268.555928	-1.333828	False			-244.390800	-1.373796
G6|B0.5|K10|paper_1억	development	20251001	007810	10	0.070358	10642156540.000000	17340.000000	1.000000	study	0.000000	938	940	941	18340.000000	18190.000000	18130.000000	False	210.000000	1136	18110.000000	stop	-125.408942	-148.139313	-1.293750	545	9995300.000000	-148069.687500		-225.880150	-1.172694	False			-125.414406	-1.066774
G6|B0.5|K10|paper_1억	development	20251001	476040	3	0.072559	32429350400.000000	37900.000000	1.000000	study	0.000000	938	942	943	40650.000000	40250.000000	40100.000000	False	550.000000	945	40000.000000	stop	-159.901599	-182.557811	-1.349268	246	9999900.000000	-182555.985000		249.366005	1.256181	False			65.495860	0.483508
G6|B0.5|K10|paper_1억	development	20251001	376900	2	0.063340	45264856850.000000	26050.000000	1.000000	study	0.000000	944	947	948	27950.000000	27500.000000	27400.000000	False	550.000000	1041	27300.000000	stop	-232.558140	-255.058140	-1.296159	357	9978150.000000	-254500.837500		215.895948	1.065741	True	-249.388307	-1.299086	-141.230469	-0.689304
G6|B0.5|K10|paper_1억	development	20251002	007660	4	0.061281	51309871850.000000	71800.000000	1.000000	shared	3.000000	1022	1023	1024	75500.000000	75000.000000	74700.000000	False	800.000000	1035	74500.000000	stop	-132.450331	-155.165563	-1.464375	132	9966000.000000	-154638.000000		-251.415631	-1.240047	True	-243.591027	-1.248810	-98.645365	-0.843751
G6|B0.5|K10|paper_1억	development	20251010	035420	2	0.071146	368546118000.000000	253000.000000	1.000000	shared	1.000000	952	1000	1001	269000.000000	266000.000000	265000.000000	False	4000.000000	1351	264000.000000	stop	-185.873606	-208.473978	-1.401987	37	9953000.000000	-207494.150000		-261.456801	-1.293023	False			-183.951201	-1.154157
G6|B0.5|K10|paper_1억	development	20251010	226950	7	0.062159	33325431500.000000	91700.000000	1.000000	shared	1.000000	1112	1122	1123	96500.000000	95000.000000	94700.000000	False	1800.000000	1510	95900.000000	time	-62.176166	-85.042487	-0.455922	103	9939500.000000	-84527.980000		-237.481576	-1.221155	False			-181.681251	-0.934016
G6|B0.5|K10|paper_1억	development	20251013	466100	1	0.065656	213177786318.000000	34620.000000	1.055768	study	-8.000000	934	935	936	36277.358885	35662.000000	35519.163763	False	758.195122	1510	37271.641115	time	274.077899	250.488631	1.198513	263	9540945.386760	238989.835204		-240.967641	-1.250066	True	39.712121	0.196629	-37.532901	-0.168351
G6|B0.5|K10|paper_1억	development	20251013	010130	4	0.071503	22661659000.000000	965000.000000	1.000000	shared	-8.000000	934	938	939	1067000.000000	1053000.000000	1049000.000000	False	18000.000000	1510	1148000.000000	time	759.137769	734.505623	4.353986	9	9603000.000000	705345.750000		1013.228846	5.268790	True	447.935441	2.286507	559.394120	3.243800
G6|B0.5|K10|paper_1억	development	20251013	285490	10	0.151365	7681902450.000000	20150.000000	1.000000	study	-8.000000	1244	1245	1246	23400.000000	23000.000000	22900.000000	False	500.000000	1314	22800.000000	stop	-256.410256	-278.858974	-1.305060	400	9360000.000000	-261012.000000		-260.583333	-1.337661	False			-208.857348	-0.951883
G6|B0.5|K10|paper_1억	development	20251014	062040	8	0.069030	32455706500.000000	107200.000000	1.000000	shared	6.000000	958	1000	1001	113200.000000	112200.000000	111800.000000	False	1400.000000	1028	111600.000000	stop	-141.342756	-164.038869	-1.326371	88	9961600.000000	-163408.960000		-231.609756	-1.208582	True	-230.885417	-1.209000	-168.839951	-1.313678
G6|B0.5|K10|paper_1억	development	20251020	030530	4	0.062640	40236547000.000000	22350.000000	1.000000	shared	5.000000	932	933	934	24150.000000	23700.000000	23600.000000	False	550.000000	1003	23500.000000	stop	-269.151139	-291.572464	-1.280268	363	8766450.000000	-255605.542500		776.964135	3.682810	True	397.780120	1.980945	351.287787	1.517234
G6|B0.5|K10|paper_1억	development	20251022	290690	9	0.140527	7757849955.000000	3985.000000	1.000000	study	0.000000	932	936	937	4430.000000	4325.000000	4310.000000	False	120.000000	957	4300.000000	stop	-293.453725	-315.822799	-1.165913	1666	7380380.000000	-233089.227000		-235.082891	-1.228961	True	-235.082891	-1.228961	-313.810561	-1.135325
G6|B0.5|K10|paper_1억	development	20251022	488280	5	0.129534	23732010880.000000	19300.000000	1.000000	study	0.000000	936	939	940	21700.000000	21150.000000	21050.000000	False	650.000000	947	20950.000000	stop	-345.622120	-367.879032	-1.228150	307	6661900.000000	-245077.332500		-274.175057	-1.331272	True	-247.740991	-1.222189	-265.633394	-0.863843
G6|B0.5|K10|paper_1억	development	20251022	413630	3	0.102750	66869776805.000000	3455.000000	1.000000	shared	0.000000	1123	1124	1125	3905.000000	3810.000000	3795.000000	False	110.000000	1146	3785.000000	stop	-307.298335	-329.637644	-1.170214	1818	7099290.000000	-234019.323000		-244.166232	-1.248503	False			-55.735646	-0.198819
G6|B0.5|K10|paper_1억	development	20251023	062040	3	0.064567	69122097400.000000	127000.000000	1.000000	shared	-6.000000	935	948	949	133000.000000	131600.000000	131200.000000	False	1800.000000	1022	131000.000000	stop	-150.375940	-173.052632	-1.278667	75	9975000.000000	-172620.000000		-231.040208	-1.193412	True	-233.302689	-1.188980	23.652672	0.193011
G6|B0.5|K10|paper_1억	development	20251024	066970	5	0.060739	51167776800.000000	113600.000000	1.000000	shared	6.000000	957	1002	1003	121600.000000	120100.000000	119700.000000	False	1900.000000	1510	133300.000000	time	962.171053	937.102385	5.997455	82	9971200.000000	934403.530000		1027.803897	5.389267	True	673.733146	3.497798	815.293673	5.138357
G6|B0.5|K10|paper_1억	development	20251027	075580	3	0.081678	62821686025.000000	22650.000000	1.000000	shared	7.000000	953	956	957	24550.000000	24200.000000	24100.000000	False	450.000000	1010	24000.000000	stop	-224.032587	-246.550916	-1.345072	407	9991850.000000	-246349.977500		-264.903030	-1.311270	False			-250.834332	-1.338927
G6|B0.5|K10|paper_1억	development	20251027	005690	8	0.075523	41513441040.000000	14830.000000	1.000000	shared	7.000000	1018	1020	1021	16050.000000	15930.000000	15880.000000	False	170.000000	1031	15860.000000	stop	-118.380062	-141.125545	-1.332391	623	9999150.000000	-141113.549500		420.627740	2.166911	True	-41.524443	-0.216463	-101.780329	-0.918720
G6|B0.5|K10|paper_1억	development	20251027	047770	9	0.093706	35639081255.000000	3575.000000	1.000000	study	7.000000	1242	1245	1246	3910.000000	3875.000000	3860.000000	False	50.000000	1440	3850.000000	stop	-153.452685	-176.122762	-1.377280	2557	9997870.000000	-176085.248000		-242.449547	-1.249423	True	-242.040244	-1.240456	-103.044016	-0.789429
G6|B0.5|K10|paper_1억	development	20251028	267320	10	0.065367	9475906060.000000	4360.000000	1.000000	study	3.000000	933	936	937	4595.000000	4530.000000	4515.000000	False	80.000000	946	4505.000000	stop	-195.865071	-218.443961	-1.254688	2176	9998720.000000	-218416.000000		-234.633086	-1.229217	True	-234.633086	-1.229217	-203.612241	-1.157530
G6|B0.5|K10|paper_1억	development	20251028	318060	7	0.097826	12020114710.000000	10120.000000	1.000000	study	3.000000	1052	1055	1056	11080.000000	10940.000000	10900.000000	False	180.000000	1059	10880.000000	stop	-180.505415	-203.117329	-1.250300	902	9994160.000000	-202998.708000		-236.253785	-1.205968	True	-14.307927	-0.074661	-69.154903	-0.417935
G6|B0.5|K10|paper_1억	development	20251028	009470	9	0.071221	10941658200.000000	34400.000000	1.000000	study	3.000000	1140	1141	1142	38050.000000	37700.000000	37550.000000	False	500.000000	1206	37450.000000	stop	-157.687254	-180.348226	-1.372450	262	9969100.000000	-179790.950000		99.019701	0.520561	False			-91.993092	-0.686361
G6|B0.5|K10|paper_1억	development	20251029	222800	10	0.123288	42680675000.000000	58400.000000	1.000000	shared	2.000000	1035	1039	1040	63300.000000	62700.000000	62500.000000	False	800.000000	1110	62300.000000	stop	-157.977883	-180.638231	-1.429300	157	9938100.000000	-179520.080000		-251.515267	-1.267250	False			-166.952523	-1.255902
G6|B0.5|K10|paper_1억|breakeven	development	20250918	450140	3	0.153313	68454541950.000000	12980.000000	1.000000	study	0.000000	950	954	955	14250.000000	14020.000000	13970.000000	False	280.000000	1000	13950.000000	stop	-210.526316	-233.073684	-1.186179	701	9989250.000000	-232823.130000								
G6|B0.5|K10|paper_1억|breakeven	development	20250919	201490	6	0.117745	43359464640.000000	6030.000000	1.000000	study	3.000000	936	939	940	6740.000000	6560.000000	6540.000000	False	200.000000	949	6520.000000	stop	-326.409496	-348.707715	-1.175145	1000	6740000.000000	-235029.000000								
G6|B0.5|K10|paper_1억|breakeven	development	20250922	332570	7	0.081600	42863582290.000000	6250.000000	1.000000	shared	4.000000	1133	1140	1141	6860.000000	6770.000000	6740.000000	False	120.000000	1200	6720.000000	stop	-204.081633	-226.642857	-1.295642	1457	9995020.000000	-226529.989000								
G6|B0.5|K10|paper_1억|breakeven	development	20250923	032820	3	0.076736	55498197335.000000	4105.000000	1.000000	shared	0.000000	955	957	958	4360.000000	4330.000000	4315.000000	False	45.000000	1003	4305.000000	stop	-126.146789	-148.875573	-1.442439	2293	9997480.000000	-148838.056750								
G6|B0.5|K10|paper_1억|breakeven	development	20250924	459510	7	0.080169	22806880550.000000	23700.000000	1.000000	shared	-2.000000	936	942	943	25350.000000	25000.000000	24900.000000	False	450.000000	946	24800.000000	stop	-216.962525	-239.496055	-1.349161	394	9987900.000000	-239206.265000								
G6|B0.5|K10|paper_1억|breakeven	development	20250924	448900	6	0.094769	23614648390.000000	16250.000000	1.000000	shared	-2.000000	951	952	953	17790.000000	17450.000000	17390.000000	False	400.000000	1006	17370.000000	stop	-236.087690	-258.580101	-1.150035	500	8895000.000000	-230007.000000								
G6|B0.5|K10|paper_1억|breakeven	development	20250925	263750	7	0.084425	15159542050.000000	34350.000000	1.000000	study	0.000000	947	950	951	36950.000000	36700.000000	36550.000000	False	400.000000	1116	36950.000000	stop_moved	0.000000	-23.000000	-0.212463	270	9976500.000000	-22945.950000								
G6|B0.5|K10|paper_1억|breakeven	development	20250926	0010V0	8	0.064356	10738762800.000000	20200.000000	1.000000	study	-3.000000	931	934	935	21350.000000	21000.000000	20900.000000	False	450.000000	1038	21300.000000	stop_moved	-23.419204	-46.368852	-0.219994	444	9479400.000000	-43954.890000								
G6|B0.5|K10|paper_1억|breakeven	development	20250926	234340	5	0.062703	23993209280.000000	18500.000000	1.000000	study	-3.000000	933	936	937	19350.000000	19120.000000	19060.000000	False	290.000000	938	19040.000000	stop	-160.206718	-182.862274	-1.220133	516	9984600.000000	-182580.666000								
G6|B0.5|K10|paper_1억|breakeven	development	20250926	060250	1	0.075888	103469038455.000000	18580.000000	1.000000	study	-3.000000	938	940	941	19470.000000	19170.000000	19110.000000	False	360.000000	958	19510.000000	stop_moved	20.544427	-2.499743	-0.013519	513	9988110.000000	-2496.771000								
G6|B0.5|K10|paper_1억|breakeven	development	20250926	199480	2	0.143705	76476698210.000000	8420.000000	1.000000	study	-3.000000	940	945	946	9220.000000	9110.000000	9080.000000	False	140.000000	957	9060.000000	stop	-173.535792	-196.162690	-1.291871	1084	9994480.000000	-196054.408000								
G6|B0.5|K10|paper_1억|breakeven	development	20250929	030530	10	0.060101	21515901670.000000	13810.000000	1.000000	shared	4.000000	932	936	937	14480.000000	14320.000000	14270.000000	False	210.000000	1106	14510.000000	stop_moved	20.718232	-2.326312	-0.016040	690	9991200.000000	-2324.265000								
G6|B0.5|K10|paper_1억|breakeven	development	20250930	440110	9	0.063830	12746264100.000000	21150.000000	1.000000	shared	-1.000000	938	939	940	23000.000000	22700.000000	22600.000000	False	400.000000	1003	22500.000000	stop	-217.391304	-239.923913	-1.379563	434	9982000.000000	-239492.050000								
G6|B0.5|K10|paper_1억|breakeven	development	20251001	007810	10	0.070358	10642156540.000000	17340.000000	1.000000	study	0.000000	938	940	941	18340.000000	18190.000000	18130.000000	False	210.000000	1009	18380.000000	stop_moved	21.810251	-1.236641	-0.010800	545	9995300.000000	-1236.060000								
G6|B0.5|K10|paper_1억|breakeven	development	20251001	476040	3	0.072559	32429350400.000000	37900.000000	1.000000	study	0.000000	938	942	943	40650.000000	40250.000000	40100.000000	False	550.000000	945	40000.000000	stop	-159.901599	-182.557811	-1.349268	246	9999900.000000	-182555.985000								
G6|B0.5|K10|paper_1억|breakeven	development	20251001	376900	2	0.063340	45264856850.000000	26050.000000	1.000000	study	0.000000	944	947	948	27950.000000	27500.000000	27400.000000	False	550.000000	1041	27300.000000	stop	-232.558140	-255.058140	-1.296159	357	9978150.000000	-254500.837500								
G6|B0.5|K10|paper_1억|breakeven	development	20251002	007660	4	0.061281	51309871850.000000	71800.000000	1.000000	shared	3.000000	1022	1023	1024	75500.000000	75000.000000	74700.000000	False	800.000000	1035	74500.000000	stop	-132.450331	-155.165563	-1.464375	132	9966000.000000	-154638.000000								
G6|B0.5|K10|paper_1억|breakeven	development	20251010	035420	2	0.071146	368546118000.000000	253000.000000	1.000000	shared	1.000000	952	1000	1001	269000.000000	266000.000000	265000.000000	False	4000.000000	1351	264000.000000	stop	-185.873606	-208.473978	-1.401987	37	9953000.000000	-207494.150000								
G6|B0.5|K10|paper_1억|breakeven	development	20251010	226950	7	0.062159	33325431500.000000	91700.000000	1.000000	shared	1.000000	1112	1122	1123	96500.000000	95000.000000	94700.000000	False	1800.000000	1510	95900.000000	time	-62.176166	-85.042487	-0.455922	103	9939500.000000	-84527.980000								
G6|B0.5|K10|paper_1억|breakeven	development	20251013	466100	1	0.065656	213177786318.000000	34620.000000	1.055768	study	-8.000000	934	935	936	36277.358885	35662.000000	35519.163763	False	758.195122	1510	37271.641115	time	274.077899	250.488631	1.198513	263	9540945.386760	238989.835204								
G6|B0.5|K10|paper_1억|breakeven	development	20251013	010130	4	0.071503	22661659000.000000	965000.000000	1.000000	shared	-8.000000	934	938	939	1067000.000000	1053000.000000	1049000.000000	False	18000.000000	1001	1068000.000000	stop_moved	9.372071	-13.648079	-0.080903	9	9603000.000000	-13106.250000								
G6|B0.5|K10|paper_1억|breakeven	development	20251013	285490	10	0.151365	7681902450.000000	20150.000000	1.000000	study	-8.000000	1244	1245	1246	23400.000000	23000.000000	22900.000000	False	500.000000	1314	22800.000000	stop	-256.410256	-278.858974	-1.305060	400	9360000.000000	-261012.000000								
G6|B0.5|K10|paper_1억|breakeven	development	20251014	062040	8	0.069030	32455706500.000000	107200.000000	1.000000	shared	6.000000	958	1000	1001	113200.000000	112200.000000	111800.000000	False	1400.000000	1028	111600.000000	stop	-141.342756	-164.038869	-1.326371	88	9961600.000000	-163408.960000								
G6|B0.5|K10|paper_1억|breakeven	development	20251020	030530	4	0.062640	40236547000.000000	22350.000000	1.000000	shared	5.000000	932	933	934	24150.000000	23700.000000	23600.000000	False	550.000000	1003	23500.000000	stop	-269.151139	-291.572464	-1.280268	363	8766450.000000	-255605.542500								
G6|B0.5|K10|paper_1억|breakeven	development	20251022	290690	9	0.140527	7757849955.000000	3985.000000	1.000000	study	0.000000	932	936	937	4430.000000	4325.000000	4310.000000	False	120.000000	957	4300.000000	stop	-293.453725	-315.822799	-1.165913	1666	7380380.000000	-233089.227000								
G6|B0.5|K10|paper_1억|breakeven	development	20251022	488280	5	0.129534	23732010880.000000	19300.000000	1.000000	study	0.000000	936	939	940	21700.000000	21150.000000	21050.000000	False	650.000000	947	20950.000000	stop	-345.622120	-367.879032	-1.228150	307	6661900.000000	-245077.332500								
G6|B0.5|K10|paper_1억|breakeven	development	20251022	413630	3	0.102750	66869776805.000000	3455.000000	1.000000	shared	0.000000	1123	1124	1125	3905.000000	3810.000000	3795.000000	False	110.000000	1136	3905.000000	stop_moved	0.000000	-23.000000	-0.081650	1818	7099290.000000	-16328.367000								
G6|B0.5|K10|paper_1억|breakeven	development	20251023	062040	3	0.064567	69122097400.000000	127000.000000	1.000000	shared	-6.000000	935	948	949	133000.000000	131600.000000	131200.000000	False	1800.000000	1022	131000.000000	stop	-150.375940	-173.052632	-1.278667	75	9975000.000000	-172620.000000								
G6|B0.5|K10|paper_1억|breakeven	development	20251024	066970	5	0.060739	51167776800.000000	113600.000000	1.000000	shared	6.000000	957	1002	1003	121600.000000	120100.000000	119700.000000	False	1900.000000	1510	133300.000000	time	962.171053	937.102385	5.997455	82	9971200.000000	934403.530000								
G6|B0.5|K10|paper_1억|breakeven	development	20251027	075580	3	0.081678	62821686025.000000	22650.000000	1.000000	shared	7.000000	953	956	957	24550.000000	24200.000000	24100.000000	False	450.000000	1010	24000.000000	stop	-224.032587	-246.550916	-1.345072	407	9991850.000000	-246349.977500								
G6|B0.5|K10|paper_1억|breakeven	development	20251027	005690	8	0.075523	41513441040.000000	14830.000000	1.000000	shared	7.000000	1018	1020	1021	16050.000000	15930.000000	15880.000000	False	170.000000	1031	15860.000000	stop	-118.380062	-141.125545	-1.332391	623	9999150.000000	-141113.549500								
G6|B0.5|K10|paper_1억|breakeven	development	20251027	047770	9	0.093706	35639081255.000000	3575.000000	1.000000	study	7.000000	1242	1245	1246	3910.000000	3875.000000	3860.000000	False	50.000000	1432	3910.000000	stop_moved	0.000000	-23.000000	-0.179860	2557	9997870.000000	-22995.101000								
G6|B0.5|K10|paper_1억|breakeven	development	20251028	267320	10	0.065367	9475906060.000000	4360.000000	1.000000	study	3.000000	933	936	937	4595.000000	4530.000000	4515.000000	False	80.000000	946	4505.000000	stop	-195.865071	-218.443961	-1.254688	2176	9998720.000000	-218416.000000								
G6|B0.5|K10|paper_1억|breakeven	development	20251028	318060	7	0.097826	12020114710.000000	10120.000000	1.000000	study	3.000000	1052	1055	1056	11080.000000	10940.000000	10900.000000	False	180.000000	1059	10880.000000	stop	-180.505415	-203.117329	-1.250300	902	9994160.000000	-202998.708000								
G6|B0.5|K10|paper_1억|breakeven	development	20251028	009470	9	0.071221	10941658200.000000	34400.000000	1.000000	study	3.000000	1140	1141	1142	38050.000000	37700.000000	37550.000000	False	500.000000	1206	37450.000000	stop	-157.687254	-180.348226	-1.372450	262	9969100.000000	-179790.950000								
G6|B0.5|K10|paper_1억|breakeven	development	20251029	222800	10	0.123288	42680675000.000000	58400.000000	1.000000	shared	2.000000	1035	1039	1040	63300.000000	62700.000000	62500.000000	False	800.000000	1051	63300.000000	stop_moved	0.000000	-23.000000	-0.181988	157	9938100.000000	-22857.630000								
G6|B0.5|K10|paper_1억|plus1tick	development	20250918	450140	3	0.153313	68454541950.000000	12980.000000	1.000000	study	0.000000	950	954	955	14260.000000	14020.000000	13970.000000	False	290.000000	1000	13940.000000	stop	-224.403927	-246.921459	-1.214172	689	9825140.000000	-242603.790000								
G6|B0.5|K10|paper_1억|plus1tick	development	20250922	332570	7	0.081600	42863582290.000000	6250.000000	1.000000	shared	4.000000	1133	1140	1141	6870.000000	6770.000000	6740.000000	False	130.000000	1200	6710.000000	stop	-232.896652	-255.395924	-1.349669	1455	9995850.000000	-255289.935000								
G6|B0.5|K10|paper_1억|plus1tick	development	20250923	032820	3	0.076736	55498197335.000000	4105.000000	1.000000	shared	0.000000	955	957	958	4365.000000	4330.000000	4315.000000	False	50.000000	1003	4300.000000	stop	-148.911798	-171.591638	-1.497995	2290	9995850.000000	-171520.427500								
G6|B0.5|K10|paper_1억|plus1tick	development	20250924	459510	7	0.080169	22806880550.000000	23700.000000	1.000000	shared	-2.000000	936	942	943	25400.000000	25000.000000	24900.000000	False	500.000000	946	24750.000000	stop	-255.905512	-278.355315	-1.414045	393	9982200.000000	-277859.842500								
G6|B0.5|K10|paper_1억|plus1tick	development	20250924	448900	6	0.094769	23614648390.000000	16250.000000	1.000000	shared	-2.000000	951	952	953	17800.000000	17450.000000	17390.000000	False	410.000000	1006	17360.000000	stop	-247.191011	-269.659551	-1.170717	487	8668600.000000	-233757.078000								
G6|B0.5|K10|paper_1억|plus1tick	development	20250925	263750	7	0.084425	15159542050.000000	34350.000000	1.000000	study	0.000000	947	950	951	37000.000000	36700.000000	36550.000000	False	450.000000	1223	36400.000000	stop	-162.162162	-184.813514	-1.519578	270	9990000.000000	-184628.700000								
G6|B0.5|K10|paper_1억|plus1tick	development	20250926	0010V0	8	0.064356	10738762800.000000	20200.000000	1.000000	study	-3.000000	931	934	935	21400.000000	21000.000000	20900.000000	False	500.000000	1510	21400.000000	time	0.000000	-23.000000	-0.098440	400	8560000.000000	-19688.000000								
G6|B0.5|K10|paper_1억|plus1tick	development	20250926	234340	5	0.062703	23993209280.000000	18500.000000	1.000000	study	-3.000000	933	936	937	19360.000000	19120.000000	19060.000000	False	300.000000	938	19030.000000	stop	-170.454545	-193.088068	-1.246062	516	9989760.000000	-192890.346000								
G6|B0.5|K10|paper_1억|plus1tick	development	20250926	060250	1	0.075888	103469038455.000000	18580.000000	1.000000	study	-3.000000	938	940	941	19480.000000	19170.000000	19110.000000	False	370.000000	1510	19980.000000	time	256.673511	233.121663	1.227354	513	9993240.000000	232964.073000								
G6|B0.5|K10|paper_1억|plus1tick	development	20250926	199480	2	0.143705	76476698210.000000	8420.000000	1.000000	study	-3.000000	940	945	946	9230.000000	9110.000000	9080.000000	False	150.000000	957	9050.000000	stop	-195.016251	-217.596966	-1.338947	1083	9996090.000000	-217511.886000								
G6|B0.5|K10|paper_1억|plus1tick	development	20250929	030530	10	0.060101	21515901670.000000	13810.000000	1.000000	shared	4.000000	932	936	937	14490.000000	14320.000000	14270.000000	False	220.000000	1338	14240.000000	stop	-172.532781	-195.161836	-1.285407	690	9998100.000000	-195124.755000								
G6|B0.5|K10|paper_1억|plus1tick	development	20250930	440110	9	0.063830	12746264100.000000	21150.000000	1.000000	shared	-1.000000	938	939	940	23050.000000	22700.000000	22600.000000	False	450.000000	1003	22450.000000	stop	-260.303688	-282.744035	-1.448278	433	9980650.000000	-282196.925000								
G6|B0.5|K10|paper_1억|plus1tick	development	20251001	007810	10	0.070358	10642156540.000000	17340.000000	1.000000	study	0.000000	938	940	941	18350.000000	18190.000000	18130.000000	False	220.000000	1136	18100.000000	stop	-136.239782	-158.946866	-1.325761	544	9982400.000000	-158667.120000								
G6|B0.5|K10|paper_1억|plus1tick	development	20251001	476040	3	0.072559	32429350400.000000	37900.000000	1.000000	study	0.000000	938	942	943	40700.000000	40250.000000	40100.000000	False	600.000000	945	39950.000000	stop	-184.275184	-206.878993	-1.403329	245	9971500.000000	-206289.387500								
G6|B0.5|K10|paper_1억|plus1tick	development	20251001	376900	2	0.063340	45264856850.000000	26050.000000	1.000000	study	0.000000	944	947	948	28000.000000	27500.000000	27400.000000	False	600.000000	1041	27250.000000	stop	-267.857143	-290.281250	-1.354646	333	9324000.000000	-270658.237500								
G6|B0.5|K10|paper_1억|plus1tick	development	20251002	007660	4	0.061281	51309871850.000000	71800.000000	1.000000	shared	3.000000	1022	1023	1024	75600.000000	75000.000000	74700.000000	False	900.000000	1035	74400.000000	stop	-158.730159	-181.388889	-1.523667	132	9979200.000000	-181011.600000								
G6|B0.5|K10|paper_1억|plus1tick	development	20251010	035420	2	0.071146	368546118000.000000	253000.000000	1.000000	shared	1.000000	952	1000	1001	269500.000000	266000.000000	265000.000000	False	4500.000000	1351	263500.000000	stop	-222.634508	-245.155844	-1.468211	37	9971500.000000	-244457.150000								
G6|B0.5|K10|paper_1억|plus1tick	development	20251010	226950	7	0.062159	33325431500.000000	91700.000000	1.000000	shared	1.000000	1112	1122	1123	96600.000000	95000.000000	94700.000000	False	1900.000000	1510	95800.000000	time	-82.815735	-105.637681	-0.537084	103	9949800.000000	-105107.380000								
G6|B0.5|K10|paper_1억|plus1tick	development	20251013	466100	1	0.065656	213177786318.000000	34620.000000	1.055768	study	-8.000000	934	935	936	36324.717770	35662.000000	35519.163763	False	805.554007	1510	37224.282230	time	247.645272	224.112834	1.010588	248	9008530.006969	201892.719277								
G6|B0.5|K10|paper_1억|plus1tick	development	20251013	010130	4	0.071503	22661659000.000000	965000.000000	1.000000	shared	-8.000000	934	938	939	1068000.000000	1053000.000000	1049000.000000	False	19000.000000	1510	1147000.000000	time	739.700375	715.110019	4.019671	9	9612000.000000	687363.750000								
G6|B0.5|K10|paper_1억|plus1tick	development	20251013	285490	10	0.151365	7681902450.000000	20150.000000	1.000000	study	-8.000000	1244	1245	1246	23450.000000	23000.000000	22900.000000	False	550.000000	1314	22750.000000	stop	-298.507463	-320.865672	-1.368055	363	8512350.000000	-273132.090000								
G6|B0.5|K10|paper_1억|plus1tick	development	20251014	062040	8	0.069030	32455706500.000000	107200.000000	1.000000	shared	6.000000	958	1000	1001	113300.000000	112200.000000	111800.000000	False	1500.000000	1028	111500.000000	stop	-158.870256	-181.528685	-1.371147	88	9970400.000000	-180991.360000								
G6|B0.5|K10|paper_1억|plus1tick	development	20251020	030530	4	0.062640	40236547000.000000	22350.000000	1.000000	shared	5.000000	932	933	934	24200.000000	23700.000000	23600.000000	False	600.000000	1003	23450.000000	stop	-309.917355	-332.251033	-1.340079	333	8058600.000000	-267747.817500								
G6|B0.5|K10|paper_1억|plus1tick	development	20251022	290690	9	0.140527	7757849955.000000	3985.000000	1.000000	study	0.000000	932	936	937	4435.000000	4325.000000	4310.000000	False	125.000000	957	4295.000000	stop	-315.670800	-337.992108	-1.199196	1600	7096000.000000	-239839.200000								
G6|B0.5|K10|paper_1억|plus1tick	development	20251022	413630	3	0.102750	66869776805.000000	3455.000000	1.000000	shared	0.000000	1123	1124	1125	3910.000000	3810.000000	3795.000000	False	115.000000	1146	3780.000000	stop	-332.480818	-354.765985	-1.206204	1739	6799490.000000	-241222.776500								
G6|B0.5|K10|paper_1억|plus1tick	development	20251023	062040	3	0.064567	69122097400.000000	127000.000000	1.000000	shared	-6.000000	935	948	949	133100.000000	131600.000000	131200.000000	False	1900.000000	1022	130900.000000	stop	-165.289256	-187.933884	-1.316526	75	9982500.000000	-187605.000000								
G6|B0.5|K10|paper_1억|plus1tick	development	20251024	066970	5	0.060739	51167776800.000000	113600.000000	1.000000	shared	6.000000	957	1002	1003	121700.000000	120100.000000	119700.000000	False	2000.000000	1510	133200.000000	time	944.946590	919.914955	5.597682	82	9979400.000000	918019.930000								
G6|B0.5|K10|paper_1억|plus1tick	development	20251027	075580	3	0.081678	62821686025.000000	22650.000000	1.000000	shared	7.000000	953	956	957	24600.000000	24200.000000	24100.000000	False	500.000000	1010	23950.000000	stop	-264.227642	-286.659553	-1.410365	400	9840000.000000	-282073.000000								
G6|B0.5|K10|paper_1억|plus1tick	development	20251027	005690	8	0.075523	41513441040.000000	14830.000000	1.000000	shared	7.000000	1018	1020	1021	16060.000000	15930.000000	15880.000000	False	180.000000	1031	15850.000000	stop	-130.759651	-153.478518	-1.369369	622	9989320.000000	-153314.603000								
G6|B0.5|K10|paper_1억|plus1tick	development	20251027	047770	9	0.093706	35639081255.000000	3575.000000	1.000000	study	7.000000	1242	1245	1246	3915.000000	3875.000000	3860.000000	False	55.000000	1440	3845.000000	stop	-178.799489	-201.415070	-1.433709	2554	9998910.000000	-201393.116000								
G6|B0.5|K10|paper_1억|plus1tick	development	20251028	267320	10	0.065367	9475906060.000000	4360.000000	1.000000	study	3.000000	933	936	937	4600.000000	4530.000000	4515.000000	False	85.000000	946	4500.000000	stop	-217.391304	-239.923913	-1.298412	2173	9995800.000000	-239823.145000								
G6|B0.5|K10|paper_1억|plus1tick	development	20251028	318060	7	0.097826	12020114710.000000	10120.000000	1.000000	study	3.000000	1052	1055	1056	11090.000000	10940.000000	10900.000000	False	190.000000	1059	10870.000000	stop	-198.376916	-220.950406	-1.289653	901	9992090.000000	-220775.634000								
G6|B0.5|K10|paper_1억|plus1tick	development	20251028	009470	9	0.071221	10941658200.000000	34400.000000	1.000000	study	3.000000	1140	1141	1142	38100.000000	37700.000000	37550.000000	False	550.000000	1206	37400.000000	stop	-183.727034	-206.332021	-1.429318	262	9982200.000000	-205964.750000								
G6|B0.5|K10|paper_1억|plus1tick	development	20251029	222800	10	0.123288	42680675000.000000	58400.000000	1.000000	shared	2.000000	1035	1039	1040	63400.000000	62700.000000	62500.000000	False	900.000000	1110	62200.000000	stop	-189.274448	-211.867508	-1.492489	157	9953800.000000	-210888.680000								
G6|B0.5|K10|paper_1억|signal_level	development	20250918	450140	3	0.153313	68454541950.000000	12980.000000	1.000000	study	0.000000	950	954	955	14250.000000	14020.000000	13970.000000	False	280.000000	1000	13950.000000	stop	-210.526316	-233.073684	-1.186179	701	9989250.000000	-232823.130000								
G6|B0.5|K10|paper_1억|signal_level	development	20250919	201490	6	0.117745	43359464640.000000	6030.000000	1.000000	study	3.000000	936	939	940	6740.000000	6560.000000	6540.000000	False	200.000000	949	6520.000000	stop	-326.409496	-348.707715	-1.175145	1000	6740000.000000	-235029.000000								
G6|B0.5|K10|paper_1억|signal_level	development	20250922	332570	7	0.081600	42863582290.000000	6250.000000	1.000000	shared	4.000000	1133	1140	1141	6860.000000	6770.000000	6740.000000	False	120.000000	1200	6720.000000	stop	-204.081633	-226.642857	-1.295642	1457	9995020.000000	-226529.989000								
G6|B0.5|K10|paper_1억|signal_level	development	20250923	032820	3	0.076736	55498197335.000000	4105.000000	1.000000	shared	0.000000	955	957	958	4360.000000	4330.000000	4315.000000	False	45.000000	1003	4305.000000	stop	-126.146789	-148.875573	-1.442439	2293	9997480.000000	-148838.056750								
G6|B0.5|K10|paper_1억|signal_level	development	20250924	459510	7	0.080169	22806880550.000000	23700.000000	1.000000	shared	-2.000000	936	942	943	25350.000000	25000.000000	24900.000000	False	450.000000	946	24800.000000	stop	-216.962525	-239.496055	-1.349161	394	9987900.000000	-239206.265000								
G6|B0.5|K10|paper_1억|signal_level	development	20250924	448900	6	0.094769	23614648390.000000	16250.000000	1.000000	shared	-2.000000	951	952	953	17790.000000	17450.000000	17390.000000	False	400.000000	1006	17370.000000	stop	-236.087690	-258.580101	-1.150035	500	8895000.000000	-230007.000000								
G6|B0.5|K10|paper_1억|signal_level	development	20250925	263750	7	0.084425	15159542050.000000	34350.000000	1.000000	study	0.000000	947	950	951	36950.000000	36700.000000	36550.000000	False	400.000000	1223	36450.000000	stop	-135.317997	-158.027064	-1.459775	270	9976500.000000	-157655.700000								
G6|B0.5|K10|paper_1억|signal_level	development	20250926	0010V0	8	0.064356	10738762800.000000	20200.000000	1.000000	study	-3.000000	931	934	935	21350.000000	21000.000000	20900.000000	False	450.000000	1510	21450.000000	time	46.838407	23.737705	0.112622	444	9479400.000000	22501.920000								
G6|B0.5|K10|paper_1억|signal_level	development	20250926	234340	5	0.062703	23993209280.000000	18500.000000	1.000000	study	-3.000000	933	936	937	19350.000000	19120.000000	19060.000000	False	290.000000	938	19040.000000	stop	-160.206718	-182.862274	-1.220133	516	9984600.000000	-182580.666000								
G6|B0.5|K10|paper_1억|signal_level	development	20250926	060250	1	0.075888	103469038455.000000	18580.000000	1.000000	study	-3.000000	938	940	941	19470.000000	19170.000000	19110.000000	False	360.000000	1510	19990.000000	time	267.077555	243.503338	1.316947	513	9988110.000000	243213.813000								
G6|B0.5|K10|paper_1억|signal_level	development	20250926	199480	2	0.143705	76476698210.000000	8420.000000	1.000000	study	-3.000000	940	945	946	9220.000000	9110.000000	9080.000000	False	140.000000	957	9060.000000	stop	-173.535792	-196.162690	-1.291871	1084	9994480.000000	-196054.408000								
G6|B0.5|K10|paper_1억|signal_level	development	20250926	054920	9	0.081967	10709298485.000000	4880.000000	1.000000	study	-3.000000	944	950	951	5210.000000	5100.000000	5080.000000	False	130.000000	1121	5060.000000	stop	-287.907869	-310.288868	-1.243542	1538	8012980.000000	-248633.849000								
G6|B0.5|K10|paper_1억|signal_level	development	20250929	030530	10	0.060101	21515901670.000000	13810.000000	1.000000	shared	4.000000	932	936	937	14480.000000	14320.000000	14270.000000	False	210.000000	1338	14250.000000	stop	-158.839779	-181.498273	-1.251474	690	9991200.000000	-181338.555000								
G6|B0.5|K10|paper_1억|signal_level	development	20250930	440110	9	0.063830	12746264100.000000	21150.000000	1.000000	shared	-1.000000	938	939	940	23000.000000	22700.000000	22600.000000	False	400.000000	1003	22500.000000	stop	-217.391304	-239.923913	-1.379563	434	9982000.000000	-239492.050000								
G6|B0.5|K10|paper_1억|signal_level	development	20251001	007810	10	0.070358	10642156540.000000	17340.000000	1.000000	study	0.000000	938	940	941	18340.000000	18190.000000	18130.000000	False	210.000000	1136	18110.000000	stop	-125.408942	-148.139313	-1.293750	545	9995300.000000	-148069.687500								
G6|B0.5|K10|paper_1억|signal_level	development	20251001	476040	3	0.072559	32429350400.000000	37900.000000	1.000000	study	0.000000	938	942	943	40650.000000	40250.000000	40100.000000	False	550.000000	945	40000.000000	stop	-159.901599	-182.557811	-1.349268	246	9999900.000000	-182555.985000								
G6|B0.5|K10|paper_1억|signal_level	development	20251001	376900	2	0.063340	45264856850.000000	26050.000000	1.000000	study	0.000000	944	947	948	27950.000000	27500.000000	27400.000000	False	550.000000	1041	27300.000000	stop	-232.558140	-255.058140	-1.296159	357	9978150.000000	-254500.837500								
G6|B0.5|K10|paper_1억|signal_level	development	20251002	007660	4	0.061281	51309871850.000000	71800.000000	1.000000	shared	3.000000	1022	1023	1024	75500.000000	75000.000000	74700.000000	False	800.000000	1035	74500.000000	stop	-132.450331	-155.165563	-1.464375	132	9966000.000000	-154638.000000								
G6|B0.5|K10|paper_1억|signal_level	development	20251010	035420	2	0.071146	368546118000.000000	253000.000000	1.000000	shared	1.000000	952	1000	1001	269000.000000	266000.000000	265000.000000	False	4000.000000	1351	264000.000000	stop	-185.873606	-208.473978	-1.401987	37	9953000.000000	-207494.150000								
G6|B0.5|K10|paper_1억|signal_level	development	20251010	226950	7	0.062159	33325431500.000000	91700.000000	1.000000	shared	1.000000	1112	1122	1123	96500.000000	95000.000000	94700.000000	False	1800.000000	1510	95900.000000	time	-62.176166	-85.042487	-0.455922	103	9939500.000000	-84527.980000								
G6|B0.5|K10|paper_1억|signal_level	development	20251013	466100	1	0.065656	213177786318.000000	34620.000000	1.055768	study	-8.000000	934	935	936	36277.358885	35662.000000	35519.163763	False	758.195122	1510	37271.641115	time	274.077899	250.488631	1.198513	263	9540945.386760	238989.835204								
G6|B0.5|K10|paper_1억|signal_level	development	20251013	010130	4	0.071503	22661659000.000000	965000.000000	1.000000	shared	-8.000000	934	938	939	1067000.000000	1053000.000000	1049000.000000	False	18000.000000	1510	1148000.000000	time	759.137769	734.505623	4.353986	9	9603000.000000	705345.750000								
G6|B0.5|K10|paper_1억|signal_level	development	20251013	285490	10	0.151365	7681902450.000000	20150.000000	1.000000	study	-8.000000	1244	1245	1246	23400.000000	23000.000000	22900.000000	False	500.000000	1314	22800.000000	stop	-256.410256	-278.858974	-1.305060	400	9360000.000000	-261012.000000								
G6|B0.5|K10|paper_1억|signal_level	development	20251014	062040	8	0.069030	32455706500.000000	107200.000000	1.000000	shared	6.000000	958	1000	1001	113200.000000	112200.000000	111800.000000	False	1400.000000	1028	111600.000000	stop	-141.342756	-164.038869	-1.326371	88	9961600.000000	-163408.960000								
G6|B0.5|K10|paper_1억|signal_level	development	20251020	030530	4	0.062640	40236547000.000000	22350.000000	1.000000	shared	5.000000	932	933	934	24150.000000	23700.000000	23600.000000	False	550.000000	1003	23500.000000	stop	-269.151139	-291.572464	-1.280268	363	8766450.000000	-255605.542500								
G6|B0.5|K10|paper_1억|signal_level	development	20251022	290690	9	0.140527	7757849955.000000	3985.000000	1.000000	study	0.000000	932	936	937	4430.000000	4325.000000	4310.000000	False	120.000000	957	4300.000000	stop	-293.453725	-315.822799	-1.165913	1666	7380380.000000	-233089.227000								
G6|B0.5|K10|paper_1억|signal_level	development	20251022	488280	5	0.129534	23732010880.000000	19300.000000	1.000000	study	0.000000	936	939	940	21700.000000	21150.000000	21050.000000	False	650.000000	947	20950.000000	stop	-345.622120	-367.879032	-1.228150	307	6661900.000000	-245077.332500								
G6|B0.5|K10|paper_1억|signal_level	development	20251022	413630	3	0.102750	66869776805.000000	3455.000000	1.000000	shared	0.000000	1123	1124	1125	3905.000000	3810.000000	3795.000000	False	110.000000	1146	3785.000000	stop	-307.298335	-329.637644	-1.170214	1818	7099290.000000	-234019.323000								
G6|B0.5|K10|paper_1억|signal_level	development	20251023	062040	3	0.064567	69122097400.000000	127000.000000	1.000000	shared	-6.000000	935	948	949	133000.000000	131600.000000	131200.000000	False	1800.000000	1022	131000.000000	stop	-150.375940	-173.052632	-1.278667	75	9975000.000000	-172620.000000								
G6|B0.5|K10|paper_1억|signal_level	development	20251024	066970	5	0.060739	51167776800.000000	113600.000000	1.000000	shared	6.000000	957	1002	1003	121600.000000	120100.000000	119700.000000	False	1900.000000	1510	133300.000000	time	962.171053	937.102385	5.997455	82	9971200.000000	934403.530000								
G6|B0.5|K10|paper_1억|signal_level	development	20251027	075580	3	0.081678	62821686025.000000	22650.000000	1.000000	shared	7.000000	953	956	957	24550.000000	24200.000000	24100.000000	False	450.000000	1010	24000.000000	stop	-224.032587	-246.550916	-1.345072	407	9991850.000000	-246349.977500								
G6|B0.5|K10|paper_1억|signal_level	development	20251027	005690	8	0.075523	41513441040.000000	14830.000000	1.000000	shared	7.000000	1018	1020	1021	16050.000000	15930.000000	15880.000000	False	170.000000	1031	15860.000000	stop	-118.380062	-141.125545	-1.332391	623	9999150.000000	-141113.549500								
G6|B0.5|K10|paper_1억|signal_level	development	20251027	047770	9	0.093706	35639081255.000000	3575.000000	1.000000	study	7.000000	1242	1245	1246	3910.000000	3875.000000	3860.000000	False	50.000000	1440	3850.000000	stop	-153.452685	-176.122762	-1.377280	2557	9997870.000000	-176085.248000								
G6|B0.5|K10|paper_1억|signal_level	development	20251028	267320	10	0.065367	9475906060.000000	4360.000000	1.000000	study	3.000000	933	936	937	4595.000000	4530.000000	4515.000000	False	80.000000	946	4505.000000	stop	-195.865071	-218.443961	-1.254688	2176	9998720.000000	-218416.000000								
G6|B0.5|K10|paper_1억|signal_level	development	20251028	318060	7	0.097826	12020114710.000000	10120.000000	1.000000	study	3.000000	1052	1055	1056	11080.000000	10940.000000	10900.000000	False	180.000000	1059	10880.000000	stop	-180.505415	-203.117329	-1.250300	902	9994160.000000	-202998.708000								
G6|B0.5|K10|paper_1억|signal_level	development	20251028	009470	9	0.071221	10941658200.000000	34400.000000	1.000000	study	3.000000	1140	1141	1142	38050.000000	37700.000000	37550.000000	False	500.000000	1206	37450.000000	stop	-157.687254	-180.348226	-1.372450	262	9969100.000000	-179790.950000								
G6|B0.5|K10|paper_1억|signal_level	development	20251029	222800	10	0.123288	42680675000.000000	58400.000000	1.000000	shared	2.000000	1035	1039	1040	63300.000000	62700.000000	62500.000000	False	800.000000	1110	62300.000000	stop	-157.977883	-180.638231	-1.429300	157	9938100.000000	-179520.080000								
G6|B0.5|K10|paper_1억|vi_gap_off	development	20250918	450140	3	0.153313	68454541950.000000	12980.000000	1.000000	study	0.000000	950	954	955	14250.000000	14020.000000	13970.000000	False	280.000000	1000	13950.000000	stop	-210.526316	-233.073684	-1.186179	701	9989250.000000	-232823.130000								
G6|B0.5|K10|paper_1억|vi_gap_off	development	20250919	201490	6	0.117745	43359464640.000000	6030.000000	1.000000	study	3.000000	936	939	940	6740.000000	6560.000000	6540.000000	False	200.000000	949	6520.000000	stop	-326.409496	-348.707715	-1.175145	1000	6740000.000000	-235029.000000								
G6|B0.5|K10|paper_1억|vi_gap_off	development	20250922	332570	7	0.081600	42863582290.000000	6250.000000	1.000000	shared	4.000000	1133	1140	1141	6860.000000	6770.000000	6740.000000	False	120.000000	1200	6720.000000	stop	-204.081633	-226.642857	-1.295642	1457	9995020.000000	-226529.989000								
G6|B0.5|K10|paper_1억|vi_gap_off	development	20250923	032820	3	0.076736	55498197335.000000	4105.000000	1.000000	shared	0.000000	955	957	958	4360.000000	4330.000000	4315.000000	False	45.000000	1003	4305.000000	stop	-126.146789	-148.875573	-1.442439	2293	9997480.000000	-148838.056750								
G6|B0.5|K10|paper_1억|vi_gap_off	development	20250924	459510	7	0.080169	22806880550.000000	23700.000000	1.000000	shared	-2.000000	936	942	943	25350.000000	25000.000000	24900.000000	False	450.000000	946	24800.000000	stop	-216.962525	-239.496055	-1.349161	394	9987900.000000	-239206.265000								
G6|B0.5|K10|paper_1억|vi_gap_off	development	20250924	448900	6	0.094769	23614648390.000000	16250.000000	1.000000	shared	-2.000000	951	952	953	17790.000000	17450.000000	17390.000000	False	400.000000	1006	17370.000000	stop	-236.087690	-258.580101	-1.150035	500	8895000.000000	-230007.000000								
G6|B0.5|K10|paper_1억|vi_gap_off	development	20250925	263750	7	0.084425	15159542050.000000	34350.000000	1.000000	study	0.000000	947	950	951	36950.000000	36700.000000	36550.000000	False	400.000000	1223	36450.000000	stop	-135.317997	-158.027064	-1.459775	270	9976500.000000	-157655.700000								
G6|B0.5|K10|paper_1억|vi_gap_off	development	20250926	0010V0	8	0.064356	10738762800.000000	20200.000000	1.000000	study	-3.000000	931	934	935	21350.000000	21000.000000	20900.000000	False	450.000000	1510	21450.000000	time	46.838407	23.737705	0.112622	444	9479400.000000	22501.920000								
G6|B0.5|K10|paper_1억|vi_gap_off	development	20250926	234340	5	0.062703	23993209280.000000	18500.000000	1.000000	study	-3.000000	933	936	937	19350.000000	19120.000000	19060.000000	False	290.000000	938	19040.000000	stop	-160.206718	-182.862274	-1.220133	516	9984600.000000	-182580.666000								
G6|B0.5|K10|paper_1억|vi_gap_off	development	20250926	060250	1	0.075888	103469038455.000000	18580.000000	1.000000	study	-3.000000	938	940	941	19470.000000	19170.000000	19110.000000	False	360.000000	1510	19990.000000	time	267.077555	243.503338	1.316947	513	9988110.000000	243213.813000								
G6|B0.5|K10|paper_1억|vi_gap_off	development	20250926	199480	2	0.143705	76476698210.000000	8420.000000	1.000000	study	-3.000000	940	945	946	9220.000000	9110.000000	9080.000000	False	140.000000	957	9060.000000	stop	-173.535792	-196.162690	-1.291871	1084	9994480.000000	-196054.408000								
G6|B0.5|K10|paper_1억|vi_gap_off	development	20250929	030530	10	0.060101	21515901670.000000	13810.000000	1.000000	shared	4.000000	932	936	937	14480.000000	14320.000000	14270.000000	False	210.000000	1338	14250.000000	stop	-158.839779	-181.498273	-1.251474	690	9991200.000000	-181338.555000								
G6|B0.5|K10|paper_1억|vi_gap_off	development	20250930	440110	9	0.063830	12746264100.000000	21150.000000	1.000000	shared	-1.000000	938	939	940	23000.000000	22700.000000	22600.000000	False	400.000000	1003	22500.000000	stop	-217.391304	-239.923913	-1.379563	434	9982000.000000	-239492.050000								
G6|B0.5|K10|paper_1억|vi_gap_off	development	20250930	376900	5	0.069565	39525666150.000000	23000.000000	1.000000	study	-1.000000	931	944	945	25050.000000	24400.000000	24300.000000	False	750.000000	1510	26000.000000	time	379.241517	355.426148	1.187123	266	6663300.000000	236831.105000								
G6|B0.5|K10|paper_1억|vi_gap_off	development	20251001	007810	10	0.070358	10642156540.000000	17340.000000	1.000000	study	0.000000	938	940	941	18340.000000	18190.000000	18130.000000	False	210.000000	1136	18110.000000	stop	-125.408942	-148.139313	-1.293750	545	9995300.000000	-148069.687500								
G6|B0.5|K10|paper_1억|vi_gap_off	development	20251001	476040	3	0.072559	32429350400.000000	37900.000000	1.000000	study	0.000000	938	942	943	40650.000000	40250.000000	40100.000000	False	550.000000	945	40000.000000	stop	-159.901599	-182.557811	-1.349268	246	9999900.000000	-182555.985000								
G6|B0.5|K10|paper_1억|vi_gap_off	development	20251001	376900	2	0.063340	45264856850.000000	26050.000000	1.000000	study	0.000000	944	947	948	27950.000000	27500.000000	27400.000000	False	550.000000	1041	27300.000000	stop	-232.558140	-255.058140	-1.296159	357	9978150.000000	-254500.837500								
G6|B0.5|K10|paper_1억|vi_gap_off	development	20251002	007660	4	0.061281	51309871850.000000	71800.000000	1.000000	shared	3.000000	1022	1023	1024	75500.000000	75000.000000	74700.000000	False	800.000000	1035	74500.000000	stop	-132.450331	-155.165563	-1.464375	132	9966000.000000	-154638.000000								
G6|B0.5|K10|paper_1억|vi_gap_off	development	20251010	035420	2	0.071146	368546118000.000000	253000.000000	1.000000	shared	1.000000	952	1000	1001	269000.000000	266000.000000	265000.000000	False	4000.000000	1351	264000.000000	stop	-185.873606	-208.473978	-1.401987	37	9953000.000000	-207494.150000								
G6|B0.5|K10|paper_1억|vi_gap_off	development	20251010	226950	7	0.062159	33325431500.000000	91700.000000	1.000000	shared	1.000000	1112	1122	1123	96500.000000	95000.000000	94700.000000	False	1800.000000	1510	95900.000000	time	-62.176166	-85.042487	-0.455922	103	9939500.000000	-84527.980000								
G6|B0.5|K10|paper_1억|vi_gap_off	development	20251013	466100	1	0.065656	213177786318.000000	34620.000000	1.055768	study	-8.000000	934	935	936	36277.358885	35662.000000	35519.163763	False	758.195122	1510	37271.641115	time	274.077899	250.488631	1.198513	263	9540945.386760	238989.835204								
G6|B0.5|K10|paper_1억|vi_gap_off	development	20251013	010130	4	0.071503	22661659000.000000	965000.000000	1.000000	shared	-8.000000	934	938	939	1067000.000000	1053000.000000	1049000.000000	False	18000.000000	1510	1148000.000000	time	759.137769	734.505623	4.353986	9	9603000.000000	705345.750000								
G6|B0.5|K10|paper_1억|vi_gap_off	development	20251013	030530	2	0.082853	140643000050.000000	19070.000000	1.000000	shared	-8.000000	938	940	941	21500.000000	21050.000000	20950.000000	False	550.000000	1510	22400.000000	time	418.604651	394.704651	1.542936	363	7804500.000000	308047.245000								
G6|B0.5|K10|paper_1억|vi_gap_off	development	20251014	062040	8	0.069030	32455706500.000000	107200.000000	1.000000	shared	6.000000	958	1000	1001	113200.000000	112200.000000	111800.000000	False	1400.000000	1028	111600.000000	stop	-141.342756	-164.038869	-1.326371	88	9961600.000000	-163408.960000								
G6|B0.5|K10|paper_1억|vi_gap_off	development	20251014	090710	10	0.070621	20475192965.000000	3540.000000	1.000000	shared	6.000000	1005	1006	1007	3895.000000	3870.000000	3855.000000	False	40.000000	1020	3845.000000	stop	-128.369705	-151.093710	-1.471275	2567	9998465.000000	-151070.517000								
G6|B0.5|K10|paper_1억|vi_gap_off	development	20251020	030530	4	0.062640	40236547000.000000	22350.000000	1.000000	shared	5.000000	932	933	934	24150.000000	23700.000000	23600.000000	False	550.000000	1003	23500.000000	stop	-269.151139	-291.572464	-1.280268	363	8766450.000000	-255605.542500								
G6|B0.5|K10|paper_1억|vi_gap_off	development	20251022	290690	9	0.140527	7757849955.000000	3985.000000	1.000000	study	0.000000	932	936	937	4430.000000	4325.000000	4310.000000	False	120.000000	957	4300.000000	stop	-293.453725	-315.822799	-1.165913	1666	7380380.000000	-233089.227000								
G6|B0.5|K10|paper_1억|vi_gap_off	development	20251022	488280	5	0.129534	23732010880.000000	19300.000000	1.000000	study	0.000000	936	939	940	21700.000000	21150.000000	21050.000000	False	650.000000	947	20950.000000	stop	-345.622120	-367.879032	-1.228150	307	6661900.000000	-245077.332500								
G6|B0.5|K10|paper_1억|vi_gap_off	development	20251022	413630	3	0.102750	66869776805.000000	3455.000000	1.000000	shared	0.000000	1123	1124	1125	3905.000000	3810.000000	3795.000000	False	110.000000	1146	3785.000000	stop	-307.298335	-329.637644	-1.170214	1818	7099290.000000	-234019.323000								
G6|B0.5|K10|paper_1억|vi_gap_off	development	20251023	062040	3	0.064567	69122097400.000000	127000.000000	1.000000	shared	-6.000000	935	948	949	133000.000000	131600.000000	131200.000000	False	1800.000000	1022	131000.000000	stop	-150.375940	-173.052632	-1.278667	75	9975000.000000	-172620.000000								
G6|B0.5|K10|paper_1억|vi_gap_off	development	20251024	066970	5	0.060739	51167776800.000000	113600.000000	1.000000	shared	6.000000	957	1002	1003	121600.000000	120100.000000	119700.000000	False	1900.000000	1510	133300.000000	time	962.171053	937.102385	5.997455	82	9971200.000000	934403.530000								
G6|B0.5|K10|paper_1억|vi_gap_off	development	20251027	075580	3	0.081678	62821686025.000000	22650.000000	1.000000	shared	7.000000	953	956	957	24550.000000	24200.000000	24100.000000	False	450.000000	1010	24000.000000	stop	-224.032587	-246.550916	-1.345072	407	9991850.000000	-246349.977500								
G6|B0.5|K10|paper_1억|vi_gap_off	development	20251027	005690	8	0.075523	41513441040.000000	14830.000000	1.000000	shared	7.000000	1018	1020	1021	16050.000000	15930.000000	15880.000000	False	170.000000	1031	15860.000000	stop	-118.380062	-141.125545	-1.332391	623	9999150.000000	-141113.549500								
G6|B0.5|K10|paper_1억|vi_gap_off	development	20251027	047770	9	0.093706	35639081255.000000	3575.000000	1.000000	study	7.000000	1242	1245	1246	3910.000000	3875.000000	3860.000000	False	50.000000	1440	3850.000000	stop	-153.452685	-176.122762	-1.377280	2557	9997870.000000	-176085.248000								
G6|B0.5|K10|paper_1억|vi_gap_off	development	20251028	267320	10	0.065367	9475906060.000000	4360.000000	1.000000	study	3.000000	933	936	937	4595.000000	4530.000000	4515.000000	False	80.000000	946	4505.000000	stop	-195.865071	-218.443961	-1.254688	2176	9998720.000000	-218416.000000								
G6|B0.5|K10|paper_1억|vi_gap_off	development	20251028	318060	7	0.097826	12020114710.000000	10120.000000	1.000000	study	3.000000	1052	1055	1056	11080.000000	10940.000000	10900.000000	False	180.000000	1059	10880.000000	stop	-180.505415	-203.117329	-1.250300	902	9994160.000000	-202998.708000								
G6|B0.5|K10|paper_1억|vi_gap_off	development	20251028	009470	9	0.071221	10941658200.000000	34400.000000	1.000000	study	3.000000	1140	1141	1142	38050.000000	37700.000000	37550.000000	False	500.000000	1206	37450.000000	stop	-157.687254	-180.348226	-1.372450	262	9969100.000000	-179790.950000								
G6|B0.5|K10|paper_1억|vi_gap_off	development	20251029	222800	10	0.123288	42680675000.000000	58400.000000	1.000000	shared	2.000000	1035	1039	1040	63300.000000	62700.000000	62500.000000	False	800.000000	1110	62300.000000	stop	-157.977883	-180.638231	-1.429300	157	9938100.000000	-179520.080000								
G6|B0.5|K20|paper_1억	development	20250918	445680	15	0.066406	6326344600.000000	51200.000000	1.000000	study	0.000000	949	950	951	55600.000000	54700.000000	54500.000000	False	1100.000000	1510	57000.000000	time	251.798561	228.257194	1.153736	179	9952400.000000	227170.690000								
G6|B0.5|K20|paper_1억	development	20250918	450140	3	0.153313	68454541950.000000	12980.000000	1.000000	study	0.000000	950	954	955	14250.000000	14020.000000	13970.000000	False	280.000000	1000	13950.000000	stop	-210.526316	-233.073684	-1.186179	701	9989250.000000	-232823.130000								
G6|B0.5|K20|paper_1억	development	20250919	201490	6	0.117745	43359464640.000000	6030.000000	1.000000	study	3.000000	936	939	940	6740.000000	6560.000000	6540.000000	False	200.000000	949	6520.000000	stop	-326.409496	-348.707715	-1.175145	1000	6740000.000000	-235029.000000								
G6|B0.5|K20|paper_1억	development	20250919	192250	19	0.068937	3881575000.000000	12040.000000	1.000000	study	3.000000	943	945	946	12910.000000	12750.000000	12710.000000	False	200.000000	1011	12690.000000	stop	-170.410534	-193.044152	-1.246100	774	9992340.000000	-192896.280000								
G6|B0.5|K20|paper_1억	development	20250922	332570	7	0.081600	42863582290.000000	6250.000000	1.000000	shared	4.000000	1133	1140	1141	6860.000000	6770.000000	6740.000000	False	120.000000	1200	6720.000000	stop	-204.081633	-226.642857	-1.295642	1457	9995020.000000	-226529.989000								
G6|B0.5|K20|paper_1억	development	20250923	252990	11	0.062229	18994325520.000000	6910.000000	1.000000	study	0.000000	935	939	940	7280.000000	7190.000000	7160.000000	False	120.000000	1004	7140.000000	stop	-192.307692	-214.894231	-1.303692	1373	9995440.000000	-214796.239000								
G6|B0.5|K20|paper_1억	development	20250923	365270	14	0.122720	10018795670.000000	6030.000000	1.000000	study	0.000000	948	950	951	6850.000000	6720.000000	6690.000000	False	160.000000	1222	6670.000000	stop	-262.773723	-285.208759	-1.221050	1250	8562500.000000	-244210.000000								
G6|B0.5|K20|paper_1억	development	20250923	032820	3	0.076736	55498197335.000000	4105.000000	1.000000	shared	0.000000	955	957	958	4360.000000	4330.000000	4315.000000	False	45.000000	1003	4305.000000	stop	-126.146789	-148.875573	-1.442439	2293	9997480.000000	-148838.056750								
G6|B0.5|K20|paper_1억	development	20250923	445680	13	0.064799	11455954500.000000	57100.000000	1.000000	study	0.000000	1048	1054	1055	62600.000000	61800.000000	61600.000000	False	1000.000000	1306	61400.000000	stop	-191.693291	-214.281150	-1.341400	159	9953400.000000	-213282.600000								
G6|B0.5|K20|paper_1억	development	20250924	459510	7	0.080169	22806880550.000000	23700.000000	1.000000	shared	-2.000000	936	942	943	25350.000000	25000.000000	24900.000000	False	450.000000	946	24800.000000	stop	-216.962525	-239.496055	-1.349161	394	9987900.000000	-239206.265000								
G6|B0.5|K20|paper_1억	development	20250924	448900	6	0.094769	23614648390.000000	16250.000000	1.000000	shared	-2.000000	951	952	953	17790.000000	17450.000000	17390.000000	False	400.000000	1006	17370.000000	stop	-236.087690	-258.580101	-1.150035	500	8895000.000000	-230007.000000								
G6|B0.5|K20|paper_1억	development	20250924	272110	17	0.073022	4249028450.000000	24650.000000	1.000000	study	-2.000000	1304	1310	1311	26100.000000	25700.000000	25600.000000	False	500.000000	1510	26500.000000	time	153.256705	129.927203	0.678220	383	9996300.000000	129879.130000								
G6|B0.5|K20|paper_1억	development	20250925	272110	11	0.088346	13001115450.000000	26600.000000	1.000000	study	0.000000	933	936	937	29000.000000	28500.000000	28400.000000	False	600.000000	1054	28300.000000	stop	-241.379310	-263.860345	-1.275325	333	9657000.000000	-254809.935000								
G6|B0.5|K20|paper_1억	development	20250925	263750	7	0.084425	15159542050.000000	34350.000000	1.000000	study	0.000000	947	950	951	36950.000000	36700.000000	36550.000000	False	400.000000	1223	36450.000000	stop	-135.317997	-158.027064	-1.459775	270	9976500.000000	-157655.700000								
G6|B0.5|K20|paper_1억	development	20250926	0010V0	8	0.064356	10738762800.000000	20200.000000	1.000000	study	-3.000000	931	934	935	21350.000000	21000.000000	20900.000000	False	450.000000	1510	21450.000000	time	46.838407	23.737705	0.112622	444	9479400.000000	22501.920000								
G6|B0.5|K20|paper_1억	development	20250926	234340	5	0.062703	23993209280.000000	18500.000000	1.000000	study	-3.000000	933	936	937	19350.000000	19120.000000	19060.000000	False	290.000000	938	19040.000000	stop	-160.206718	-182.862274	-1.220133	516	9984600.000000	-182580.666000								
G6|B0.5|K20|paper_1억	development	20250926	060250	1	0.075888	103469038455.000000	18580.000000	1.000000	study	-3.000000	938	940	941	19470.000000	19170.000000	19110.000000	False	360.000000	1510	19990.000000	time	267.077555	243.503338	1.316947	513	9988110.000000	243213.813000								
G6|B0.5|K20|paper_1억	development	20250926	199480	2	0.143705	76476698210.000000	8420.000000	1.000000	study	-3.000000	940	945	946	9220.000000	9110.000000	9080.000000	False	140.000000	957	9060.000000	stop	-173.535792	-196.162690	-1.291871	1084	9994480.000000	-196054.408000								
G6|B0.5|K20|paper_1억	development	20250929	030530	10	0.060101	21515901670.000000	13810.000000	1.000000	shared	4.000000	932	936	937	14480.000000	14320.000000	14270.000000	False	210.000000	1338	14250.000000	stop	-158.839779	-181.498273	-1.251474	690	9991200.000000	-181338.555000								
G6|B0.5|K20|paper_1억	development	20250929	378800	15	0.071028	8529134450.000000	13375.000000	0.227386	study	4.000000	952	1001	1002	14246.989011	14025.000000	13963.021978	False	283.967033	1510	14153.010989	time	-65.963427	-88.821606	-0.445629	701	9987139.296703	-88707.374813								
G6|B0.5|K20|paper_1억	development	20250929	358570	19	0.062992	5748931740.000000	17780.000000	1.000000	study	4.000000	1247	1258	1259	18790.000000	18680.000000	18620.000000	False	170.000000	1510	18960.000000	time	90.473656	67.279138	0.743632	532	9996280.000000	67254.110000								
G6|B0.5|K20|paper_1억	development	20250930	440110	9	0.063830	12746264100.000000	21150.000000	1.000000	shared	-1.000000	938	939	940	23000.000000	22700.000000	22600.000000	False	400.000000	1003	22500.000000	stop	-217.391304	-239.923913	-1.379563	434	9982000.000000	-239492.050000								
G6|B0.5|K20|paper_1억	development	20251001	007810	10	0.070358	10642156540.000000	17340.000000	1.000000	study	0.000000	938	940	941	18340.000000	18190.000000	18130.000000	False	210.000000	1136	18110.000000	stop	-125.408942	-148.139313	-1.293750	545	9995300.000000	-148069.687500								
G6|B0.5|K20|paper_1억	development	20251001	476040	3	0.072559	32429350400.000000	37900.000000	1.000000	study	0.000000	938	942	943	40650.000000	40250.000000	40100.000000	False	550.000000	945	40000.000000	stop	-159.901599	-182.557811	-1.349268	246	9999900.000000	-182555.985000								
G6|B0.5|K20|paper_1억	development	20251001	376900	2	0.063340	45264856850.000000	26050.000000	1.000000	study	0.000000	944	947	948	27950.000000	27500.000000	27400.000000	False	550.000000	1041	27300.000000	stop	-232.558140	-255.058140	-1.296159	357	9978150.000000	-254500.837500								
G6|B0.5|K20|paper_1억	development	20251001	452280	14	0.080219	8465611520.000000	10970.000000	1.000000	study	0.000000	949	950	951	11780.000000	11640.000000	11600.000000	False	180.000000	1019	11580.000000	stop	-169.779287	-192.414261	-1.259244	848	9989440.000000	-192211.072000								
G6|B0.5|K20|paper_1억	development	20251002	007660	4	0.061281	51309871850.000000	71800.000000	1.000000	shared	3.000000	1022	1023	1024	75500.000000	75000.000000	74700.000000	False	800.000000	1035	74500.000000	stop	-132.450331	-155.165563	-1.464375	132	9966000.000000	-154638.000000								
G6|B0.5|K20|paper_1억	development	20251002	336260	11	0.061189	21552071850.000000	28600.000000	1.000000	shared	3.000000	1026	1028	1029	30050.000000	29850.000000	29750.000000	False	300.000000	1510	30200.000000	time	49.916805	26.809484	0.268542	332	9976600.000000	26746.750000								
G6|B0.5|K20|paper_1억	development	20251010	035420	2	0.071146	368546118000.000000	253000.000000	1.000000	shared	1.000000	952	1000	1001	269000.000000	266000.000000	265000.000000	False	4000.000000	1351	264000.000000	stop	-185.873606	-208.473978	-1.401987	37	9953000.000000	-207494.150000								
G6|B0.5|K20|paper_1억	development	20251010	397030	15	0.063622	15351669050.000000	30650.000000	1.000000	shared	1.000000	1008	1023	1024	32400.000000	32100.000000	32000.000000	False	400.000000	1510	34000.000000	time	493.827160	469.765432	3.805100	308	9979200.000000	468788.320000								
G6|B0.5|K20|paper_1억	development	20251010	226950	7	0.062159	33325431500.000000	91700.000000	1.000000	shared	1.000000	1112	1122	1123	96500.000000	95000.000000	94700.000000	False	1800.000000	1510	95900.000000	time	-62.176166	-85.042487	-0.455922	103	9939500.000000	-84527.980000								
G6|B0.5|K20|paper_1억	development	20251013	466100	1	0.065656	213177786318.000000	34620.000000	1.055768	study	-8.000000	934	935	936	36277.358885	35662.000000	35519.163763	False	758.195122	1510	37271.641115	time	274.077899	250.488631	1.198513	263	9540945.386760	238989.835204								
G6|B0.5|K20|paper_1억	development	20251013	138080	13	0.084774	4905182960.000000	12150.000000	1.000000	study	-8.000000	932	935	936	13100.000000	12800.000000	12760.000000	False	340.000000	1510	13900.000000	time	610.687023	586.374046	2.259265	588	7702800.000000	451672.200000								
G6|B0.5|K20|paper_1억	development	20251013	010130	4	0.071503	22661659000.000000	965000.000000	1.000000	shared	-8.000000	934	938	939	1067000.000000	1053000.000000	1049000.000000	False	18000.000000	1510	1148000.000000	time	759.137769	734.505623	4.353986	9	9603000.000000	705345.750000								
G6|B0.5|K20|paper_1억	development	20251014	380550	15	0.060557	16359885530.000000	18660.000000	1.000000	study	6.000000	938	948	949	19690.000000	19520.000000	19460.000000	False	230.000000	1020	19440.000000	stop	-126.968004	-149.695023	-1.281520	507	9982830.000000	-149437.996500								
G6|B0.5|K20|paper_1억	development	20251014	062040	8	0.069030	32455706500.000000	107200.000000	1.000000	shared	6.000000	958	1000	1001	113200.000000	112200.000000	111800.000000	False	1400.000000	1028	111600.000000	stop	-141.342756	-164.038869	-1.326371	88	9961600.000000	-163408.960000								
G6|B0.5|K20|paper_1억	development	20251014	187660	14	0.073688	16969836012.000000	3162.000000	1.029729	study	6.000000	1121	1131	1132	3404.855649	3332.000000	3321.263598	False	83.592050	1144	3311.552301	stop	-274.030258	-296.441093	-1.207458	2392	8144414.711297	-241433.920076								
G6|B0.5|K20|paper_1억	development	20251016	047770	14	0.096712	10588675125.000000	2585.000000	1.000000	study	2.000000	959	1000	1001	2870.000000	2820.000000	2810.000000	False	60.000000	1018	2800.000000	stop	-243.902439	-266.378049	-1.274175	3333	9565710.000000	-254809.516500								
G6|B0.5|K20|paper_1억	development	20251017	078600	12	0.064067	12426015100.000000	71800.000000	1.000000	study	-3.000000	932	939	940	74600.000000	74000.000000	73700.000000	False	900.000000	1510	75000.000000	time	53.619303	30.504021	0.252844	134	9996400.000000	30493.040000								
G6|B0.5|K20|paper_1억	development	20251017	093370	11	0.080247	14121257520.000000	6480.000000	1.000000	study	-3.000000	956	1008	1009	7060.000000	6930.000000	6900.000000	False	160.000000	1510	7140.000000	time	113.314448	90.070822	0.397438	1250	8825000.000000	79487.500000								
G6|B0.5|K20|paper_1억	development	20251020	030530	4	0.062640	40236547000.000000	22350.000000	1.000000	shared	5.000000	932	933	934	24150.000000	23700.000000	23600.000000	False	550.000000	1003	23500.000000	stop	-269.151139	-291.572464	-1.280268	363	8766450.000000	-255605.542500								
G6|B0.5|K20|paper_1억	development	20251020	117730	18	0.071532	7067626980.000000	13840.000000	1.000000	study	5.000000	1027	1040	1041	15250.000000	15000.000000	14950.000000	False	300.000000	1045	14930.000000	stop	-209.836066	-232.384918	-1.181290	655	9988750.000000	-232123.485000								
G6|B0.5|K20|paper_1억	development	20251021	000880	18	0.065308	13887338027.000000	106602.989970	0.833005	shared	7.000000	1031	1036	1037	111764.047281	111284.000000	110923.687943	False	840.359338	1045	110683.593381	stop	-96.672761	-119.464914	-1.588830	89	9947000.208038	-118831.752788								
G6|B0.5|K20|paper_1억	development	20251022	290690	9	0.140527	7757849955.000000	3985.000000	1.000000	study	0.000000	932	936	937	4430.000000	4325.000000	4310.000000	False	120.000000	957	4300.000000	stop	-293.453725	-315.822799	-1.165913	1666	7380380.000000	-233089.227000								
G6|B0.5|K20|paper_1억	development	20251022	488280	5	0.129534	23732010880.000000	19300.000000	1.000000	study	0.000000	936	939	940	21700.000000	21150.000000	21050.000000	False	650.000000	947	20950.000000	stop	-345.622120	-367.879032	-1.228150	307	6661900.000000	-245077.332500								
G6|B0.5|K20|paper_1억	development	20251022	413630	3	0.102750	66869776805.000000	3455.000000	1.000000	shared	0.000000	1123	1124	1125	3905.000000	3810.000000	3795.000000	False	110.000000	1146	3785.000000	stop	-307.298335	-329.637644	-1.170214	1818	7099290.000000	-234019.323000								
G6|B0.5|K20|paper_1억	development	20251023	062040	3	0.064567	69122097400.000000	127000.000000	1.000000	shared	-6.000000	935	948	949	133000.000000	131600.000000	131200.000000	False	1800.000000	1022	131000.000000	stop	-150.375940	-173.052632	-1.278667	75	9975000.000000	-172620.000000								
G6|B0.5|K20|paper_1억	development	20251024	234920	19	0.131679	4190212200.000000	5240.000000	1.000000	study	6.000000	936	938	939	5840.000000	5700.000000	5680.000000	False	160.000000	955	5660.000000	stop	-308.219178	-330.556507	-1.206531	1250	7300000.000000	-241306.250000								
G6|B0.5|K20|paper_1억	development	20251024	066970	5	0.060739	51167776800.000000	113600.000000	1.000000	shared	6.000000	957	1002	1003	121600.000000	120100.000000	119700.000000	False	1900.000000	1510	133300.000000	time	962.171053	937.102385	5.997455	82	9971200.000000	934403.530000								
G6|B0.5|K20|paper_1억	development	20251024	437730	11	0.085284	29813870400.000000	29900.000000	1.000000	shared	6.000000	1000	1010	1011	32200.000000	31750.000000	31650.000000	False	550.000000	1247	31550.000000	stop	-201.863354	-224.429348	-1.313932	310	9982000.000000	-224025.375000								
G6|B0.5|K20|paper_1억	development	20251024	107600	15	0.062857	6293871800.000000	35000.000000	1.000000	study	6.000000	1009	1010	1011	38100.000000	37700.000000	37550.000000	False	550.000000	1047	37450.000000	stop	-170.603675	-193.236877	-1.338605	262	9982200.000000	-192892.915000								
G6|B0.5|K20|paper_1억	development	20251027	075580	3	0.081678	62821686025.000000	22650.000000	1.000000	shared	7.000000	953	956	957	24550.000000	24200.000000	24100.000000	False	450.000000	1010	24000.000000	stop	-224.032587	-246.550916	-1.345072	407	9991850.000000	-246349.977500								
G6|B0.5|K20|paper_1억	development	20251027	468530	19	0.093923	12700984800.000000	45250.000000	1.000000	study	7.000000	950	956	957	49400.000000	48800.000000	48650.000000	False	750.000000	1002	48550.000000	stop	-172.064777	-194.694838	-1.282390	202	9978800.000000	-194282.085000								
G6|B0.5|K20|paper_1억	development	20251027	005690	8	0.075523	41513441040.000000	14830.000000	1.000000	shared	7.000000	1018	1020	1021	16050.000000	15930.000000	15880.000000	False	170.000000	1031	15860.000000	stop	-118.380062	-141.125545	-1.332391	623	9999150.000000	-141113.549500								
G6|B0.5|K20|paper_1억	development	20251027	047770	9	0.093706	35639081255.000000	3575.000000	1.000000	study	7.000000	1242	1245	1246	3910.000000	3875.000000	3860.000000	False	50.000000	1440	3850.000000	stop	-153.452685	-176.122762	-1.377280	2557	9997870.000000	-176085.248000								
G6|B0.5|K20|paper_1억	development	20251028	226590	16	0.061968	5432166090.000000	16460.000000	1.000000	study	3.000000	931	932	933	17430.000000	17230.000000	17170.000000	False	260.000000	1221	17150.000000	stop	-160.642570	-183.297189	-1.228796	573	9987390.000000	-183066.051000								
G6|B0.5|K20|paper_1억	development	20251028	267320	10	0.065367	9475906060.000000	4360.000000	1.000000	study	3.000000	933	936	937	4595.000000	4530.000000	4515.000000	False	80.000000	946	4505.000000	stop	-195.865071	-218.443961	-1.254688	2176	9998720.000000	-218416.000000								
G6|B0.5|K20|paper_1억	development	20251028	078350	15	0.086449	5503254400.000000	21400.000000	1.000000	study	3.000000	931	937	938	23000.000000	22550.000000	22450.000000	False	550.000000	1019	22350.000000	stop	-282.608696	-305.001087	-1.275459	363	8349000.000000	-254645.407500								
G6|B0.5|K20|paper_1억	development	20251028	318060	7	0.097826	12020114710.000000	10120.000000	1.000000	study	3.000000	1052	1055	1056	11080.000000	10940.000000	10900.000000	False	180.000000	1059	10880.000000	stop	-180.505415	-203.117329	-1.250300	902	9994160.000000	-202998.708000								
G6|B0.5|K20|paper_1억	development	20251029	356860	16	0.075572	14653153911.000000	32803.000000	2.097418	study	2.000000	934	938	939	34995.677670	34376.000000	34232.566990	False	763.110680	946	34137.211650	stop	-245.306300	-267.778891	-1.228014	262	9168867.549515	-245522.918543								
G6|B0.5|K20|paper_1억	development	20251029	222800	10	0.123288	42680675000.000000	58400.000000	1.000000	shared	2.000000	1035	1039	1040	63300.000000	62700.000000	62500.000000	False	800.000000	1110	62300.000000	stop	-157.977883	-180.638231	-1.429300	157	9938100.000000	-179520.080000								
G6|B0.5|K5|paper_1억	development	20250918	450140	3	0.153313	68454541950.000000	12980.000000	1.000000	study	0.000000	950	954	955	14250.000000	14020.000000	13970.000000	False	280.000000	1000	13950.000000	stop	-210.526316	-233.073684	-1.186179	701	9989250.000000	-232823.130000								
G6|B0.5|K5|paper_1억	development	20250923	032820	3	0.076736	55498197335.000000	4105.000000	1.000000	shared	0.000000	955	957	958	4360.000000	4330.000000	4315.000000	False	45.000000	1003	4305.000000	stop	-126.146789	-148.875573	-1.442439	2293	9997480.000000	-148838.056750								
G6|B0.5|K5|paper_1억	development	20250926	234340	5	0.062703	23993209280.000000	18500.000000	1.000000	study	-3.000000	933	936	937	19350.000000	19120.000000	19060.000000	False	290.000000	938	19040.000000	stop	-160.206718	-182.862274	-1.220133	516	9984600.000000	-182580.666000								
G6|B0.5|K5|paper_1억	development	20250926	060250	1	0.075888	103469038455.000000	18580.000000	1.000000	study	-3.000000	938	940	941	19470.000000	19170.000000	19110.000000	False	360.000000	1510	19990.000000	time	267.077555	243.503338	1.316947	513	9988110.000000	243213.813000								
G6|B0.5|K5|paper_1억	development	20250926	199480	2	0.143705	76476698210.000000	8420.000000	1.000000	study	-3.000000	940	945	946	9220.000000	9110.000000	9080.000000	False	140.000000	957	9060.000000	stop	-173.535792	-196.162690	-1.291871	1084	9994480.000000	-196054.408000								
G6|B0.5|K5|paper_1억	development	20251001	476040	3	0.072559	32429350400.000000	37900.000000	1.000000	study	0.000000	938	942	943	40650.000000	40250.000000	40100.000000	False	550.000000	945	40000.000000	stop	-159.901599	-182.557811	-1.349268	246	9999900.000000	-182555.985000								
G6|B0.5|K5|paper_1억	development	20251001	376900	2	0.063340	45264856850.000000	26050.000000	1.000000	study	0.000000	944	947	948	27950.000000	27500.000000	27400.000000	False	550.000000	1041	27300.000000	stop	-232.558140	-255.058140	-1.296159	357	9978150.000000	-254500.837500								
G6|B0.5|K5|paper_1억	development	20251002	007660	4	0.061281	51309871850.000000	71800.000000	1.000000	shared	3.000000	1022	1023	1024	75500.000000	75000.000000	74700.000000	False	800.000000	1035	74500.000000	stop	-132.450331	-155.165563	-1.464375	132	9966000.000000	-154638.000000								
G6|B0.5|K5|paper_1억	development	20251010	035420	2	0.071146	368546118000.000000	253000.000000	1.000000	shared	1.000000	952	1000	1001	269000.000000	266000.000000	265000.000000	False	4000.000000	1351	264000.000000	stop	-185.873606	-208.473978	-1.401987	37	9953000.000000	-207494.150000								
G6|B0.5|K5|paper_1억	development	20251013	466100	1	0.065656	213177786318.000000	34620.000000	1.055768	study	-8.000000	934	935	936	36277.358885	35662.000000	35519.163763	False	758.195122	1510	37271.641115	time	274.077899	250.488631	1.198513	263	9540945.386760	238989.835204								
G6|B0.5|K5|paper_1억	development	20251013	010130	4	0.071503	22661659000.000000	965000.000000	1.000000	shared	-8.000000	934	938	939	1067000.000000	1053000.000000	1049000.000000	False	18000.000000	1510	1148000.000000	time	759.137769	734.505623	4.353986	9	9603000.000000	705345.750000								
G6|B0.5|K5|paper_1억	development	20251020	030530	4	0.062640	40236547000.000000	22350.000000	1.000000	shared	5.000000	932	933	934	24150.000000	23700.000000	23600.000000	False	550.000000	1003	23500.000000	stop	-269.151139	-291.572464	-1.280268	363	8766450.000000	-255605.542500								
G6|B0.5|K5|paper_1억	development	20251022	488280	5	0.129534	23732010880.000000	19300.000000	1.000000	study	0.000000	936	939	940	21700.000000	21150.000000	21050.000000	False	650.000000	947	20950.000000	stop	-345.622120	-367.879032	-1.228150	307	6661900.000000	-245077.332500								
G6|B0.5|K5|paper_1억	development	20251022	413630	3	0.102750	66869776805.000000	3455.000000	1.000000	shared	0.000000	1123	1124	1125	3905.000000	3810.000000	3795.000000	False	110.000000	1146	3785.000000	stop	-307.298335	-329.637644	-1.170214	1818	7099290.000000	-234019.323000								
G6|B0.5|K5|paper_1억	development	20251023	062040	3	0.064567	69122097400.000000	127000.000000	1.000000	shared	-6.000000	935	948	949	133000.000000	131600.000000	131200.000000	False	1800.000000	1022	131000.000000	stop	-150.375940	-173.052632	-1.278667	75	9975000.000000	-172620.000000								
G6|B0.5|K5|paper_1억	development	20251024	066970	5	0.060739	51167776800.000000	113600.000000	1.000000	shared	6.000000	957	1002	1003	121600.000000	120100.000000	119700.000000	False	1900.000000	1510	133300.000000	time	962.171053	937.102385	5.997455	82	9971200.000000	934403.530000								
G6|B0.5|K5|paper_1억	development	20251027	075580	3	0.081678	62821686025.000000	22650.000000	1.000000	shared	7.000000	953	956	957	24550.000000	24200.000000	24100.000000	False	450.000000	1010	24000.000000	stop	-224.032587	-246.550916	-1.345072	407	9991850.000000	-246349.977500								
G6|B0.8|K10|paper_1억	development	20250918	450140	3	0.153313	68454541950.000000	12980.000000	1.000000	study	0.000000	950	954	955	14250.000000	14020.000000	13970.000000	False	280.000000	1000	13950.000000	stop	-210.526316	-233.073684	-1.186179	701	9989250.000000	-232823.130000								
G6|B0.8|K10|paper_1억	development	20250918	066570	1	0.061617	109122548750.000000	77900.000000	1.000000	study	0.000000	1017	1021	1022	82000.000000	81200.000000	80900.000000	False	1100.000000	1510	82300.000000	time	36.585366	13.506707	0.100686	121	9922000.000000	13401.355000								
G6|B0.8|K10|paper_1억	development	20250919	201490	6	0.117745	43359464640.000000	6030.000000	1.000000	study	3.000000	936	939	940	6740.000000	6560.000000	6540.000000	False	200.000000	949	6520.000000	stop	-326.409496	-348.707715	-1.175145	1000	6740000.000000	-235029.000000								
G6|B0.8|K10|paper_1억	development	20250922	332570	7	0.081600	42863582290.000000	6250.000000	1.000000	shared	4.000000	1133	1140	1141	6860.000000	6770.000000	6740.000000	False	120.000000	1200	6720.000000	stop	-204.081633	-226.642857	-1.295642	1457	9995020.000000	-226529.989000								
G6|B0.8|K10|paper_1억	development	20250923	463020	7	0.093694	34576967950.000000	27750.000000	1.000000	study	0.000000	944	946	947	29800.000000	29500.000000	29400.000000	False	400.000000	952	29300.000000	stop	-167.785235	-190.424497	-1.418663	335	9983000.000000	-190100.775000								
G6|B0.8|K10|paper_1억	development	20250923	032820	3	0.076736	55498197335.000000	4105.000000	1.000000	shared	0.000000	950	953	954	4350.000000	4310.000000	4295.000000	False	55.000000	1020	4285.000000	stop	-149.425287	-172.104023	-1.361186	2298	9996300.000000	-172040.344500								
G6|B0.8|K10|paper_1억	development	20250924	032820	3	0.102653	107915303266.000000	4335.000000	1.000000	shared	-2.000000	939	940	941	4745.000000	4660.000000	4645.000000	False	100.000000	1020	4635.000000	stop	-231.822972	-254.324552	-1.206770	2000	9490000.000000	-241354.000000								
G6|B0.8|K10|paper_1억	development	20250924	459510	7	0.080169	22806880550.000000	23700.000000	1.000000	shared	-2.000000	936	942	943	25350.000000	25000.000000	24900.000000	False	450.000000	946	24800.000000	stop	-216.962525	-239.496055	-1.349161	394	9987900.000000	-239206.265000								
G6|B0.8|K10|paper_1억	development	20250924	448900	6	0.094769	23614648390.000000	16250.000000	1.000000	shared	-2.000000	947	948	949	17860.000000	17600.000000	17540.000000	False	320.000000	951	17520.000000	stop	-190.369541	-212.960246	-1.188584	559	9983740.000000	-212613.973000								
G6|B0.8|K10|paper_1억	development	20250925	263750	7	0.084425	15159542050.000000	34350.000000	1.000000	study	0.000000	947	950	951	36950.000000	36700.000000	36550.000000	False	400.000000	1223	36450.000000	stop	-135.317997	-158.027064	-1.459775	270	9976500.000000	-157655.700000								
G6|B0.8|K10|paper_1억	development	20250926	0010V0	8	0.064356	10738762800.000000	20200.000000	1.000000	study	-3.000000	931	934	935	21350.000000	21000.000000	20900.000000	False	450.000000	1510	21450.000000	time	46.838407	23.737705	0.112622	444	9479400.000000	22501.920000								
G6|B0.8|K10|paper_1억	development	20250926	234340	5	0.062703	23993209280.000000	18500.000000	1.000000	study	-3.000000	933	936	937	19350.000000	19120.000000	19060.000000	False	290.000000	938	19040.000000	stop	-160.206718	-182.862274	-1.220133	516	9984600.000000	-182580.666000								
G6|B0.8|K10|paper_1억	development	20250926	060250	1	0.075888	103469038455.000000	18580.000000	1.000000	study	-3.000000	938	940	941	19470.000000	19170.000000	19110.000000	False	360.000000	1510	19990.000000	time	267.077555	243.503338	1.316947	513	9988110.000000	243213.813000								
G6|B0.8|K10|paper_1억	development	20250926	199480	2	0.143705	76476698210.000000	8420.000000	1.000000	study	-3.000000	939	945	946	9220.000000	9110.000000	9080.000000	False	140.000000	957	9060.000000	stop	-173.535792	-196.162690	-1.291871	1084	9994480.000000	-196054.408000								
G6|B0.8|K10|paper_1억	development	20250929	030530	10	0.060101	21515901670.000000	13810.000000	1.000000	shared	4.000000	932	936	937	14480.000000	14320.000000	14270.000000	False	210.000000	1338	14250.000000	stop	-158.839779	-181.498273	-1.251474	690	9991200.000000	-181338.555000								
G6|B0.8|K10|paper_1억	development	20250930	440110	9	0.063830	12746264100.000000	21150.000000	1.000000	shared	-1.000000	938	939	940	23000.000000	22700.000000	22600.000000	False	400.000000	1003	22500.000000	stop	-217.391304	-239.923913	-1.379563	434	9982000.000000	-239492.050000								
G6|B0.8|K10|paper_1억	development	20250930	380550	4	0.089776	47962037975.000000	20050.000000	1.000000	study	-1.000000	950	953	954	22500.000000	22150.000000	22050.000000	False	450.000000	956	21950.000000	stop	-244.444444	-266.918889	-1.334594	444	9990000.000000	-266651.970000								
G6|B0.8|K10|paper_1억	development	20250930	097230	2	0.094595	79287039300.000000	25900.000000	1.000000	shared	-1.000000	1002	1005	1006	28050.000000	27500.000000	27400.000000	False	650.000000	1041	27300.000000	stop	-267.379679	-289.804813	-1.250619	307	8611350.000000	-249561.067500								
G6|B0.8|K10|paper_1억	development	20251001	007810	10	0.070358	10642156540.000000	17340.000000	1.000000	study	0.000000	938	940	941	18340.000000	18190.000000	18130.000000	False	210.000000	1136	18110.000000	stop	-125.408942	-148.139313	-1.293750	545	9995300.000000	-148069.687500								
G6|B0.8|K10|paper_1억	development	20251001	476040	3	0.072559	32429350400.000000	37900.000000	1.000000	study	0.000000	938	942	943	40650.000000	40250.000000	40100.000000	False	550.000000	945	40000.000000	stop	-159.901599	-182.557811	-1.349268	246	9999900.000000	-182555.985000								
G6|B0.8|K10|paper_1억	development	20251001	376900	2	0.063340	45264856850.000000	26050.000000	1.000000	study	0.000000	944	947	948	27950.000000	27500.000000	27400.000000	False	550.000000	1041	27300.000000	stop	-232.558140	-255.058140	-1.296159	357	9978150.000000	-254500.837500								
G6|B0.8|K10|paper_1억	development	20251002	380550	9	0.068896	24086095065.000000	19740.000000	1.000000	study	3.000000	935	939	940	21050.000000	20800.000000	20700.000000	False	350.000000	942	20600.000000	stop	-213.776722	-236.317102	-1.421279	475	9998750.000000	-236287.562500								
G6|B0.8|K10|paper_1억	development	20251002	007660	4	0.061281	51309871850.000000	71800.000000	1.000000	shared	3.000000	1011	1012	1013	75600.000000	75000.000000	74700.000000	False	900.000000	1016	74500.000000	stop	-145.502646	-168.189815	-1.412794	132	9979200.000000	-167839.980000								
G6|B0.8|K10|paper_1억	development	20251010	035420	2	0.071146	368546118000.000000	253000.000000	1.000000	shared	1.000000	952	1000	1001	269000.000000	266000.000000	265000.000000	False	4000.000000	1351	264000.000000	stop	-185.873606	-208.473978	-1.401987	37	9953000.000000	-207494.150000								
G6|B0.8|K10|paper_1억	development	20251010	226950	7	0.062159	33325431500.000000	91700.000000	1.000000	shared	1.000000	1111	1122	1123	96500.000000	95000.000000	94700.000000	False	1800.000000	1510	95900.000000	time	-62.176166	-85.042487	-0.455922	103	9939500.000000	-84527.980000								
G6|B0.8|K10|paper_1억	development	20251013	466100	1	0.065656	213177786318.000000	34620.000000	1.055768	study	-8.000000	934	935	936	36277.358885	35662.000000	35519.163763	False	758.195122	1510	37271.641115	time	274.077899	250.488631	1.198513	263	9540945.386760	238989.835204								
G6|B0.8|K10|paper_1억	development	20251013	010130	4	0.071503	22661659000.000000	965000.000000	1.000000	shared	-8.000000	934	938	939	1067000.000000	1053000.000000	1049000.000000	False	18000.000000	1510	1148000.000000	time	759.137769	734.505623	4.353986	9	9603000.000000	705345.750000								
G6|B0.8|K10|paper_1억	development	20251013	285490	10	0.151365	7681902450.000000	20150.000000	1.000000	study	-8.000000	1243	1245	1246	23400.000000	22950.000000	22850.000000	False	550.000000	1314	22750.000000	stop	-277.777778	-300.180556	-1.277132	363	8494200.000000	-254979.367500								
G6|B0.8|K10|paper_1억	development	20251014	125490	3	0.070455	82609730310.000000	8800.000000	1.000000	study	6.000000	945	947	948	9470.000000	9400.000000	9370.000000	False	100.000000	952	9350.000000	stop	-126.715945	-149.443506	-1.415230	1055	9990850.000000	-149306.765000								
G6|B0.8|K10|paper_1억	development	20251014	062040	8	0.069030	32455706500.000000	107200.000000	1.000000	shared	6.000000	958	1000	1001	113200.000000	112200.000000	111800.000000	False	1400.000000	1028	111600.000000	stop	-141.342756	-164.038869	-1.326371	88	9961600.000000	-163408.960000								
G6|B0.8|K10|paper_1억	development	20251015	000720	10	0.060764	27959728100.000000	57600.000000	1.000000	shared	-3.000000	1314	1329	1330	61600.000000	60900.000000	60700.000000	False	900.000000	1510	61600.000000	time	0.000000	-23.000000	-0.157422	162	9979200.000000	-22952.160000								
G6|B0.8|K10|paper_1억	development	20251016	014940	5	0.084974	37810417430.000000	9650.000000	1.000000	study	2.000000	1014	1016	1017	10480.000000	10380.000000	10340.000000	False	140.000000	1053	10320.000000	stop	-152.671756	-175.343511	-1.312571	954	9997920.000000	-175307.040000								
G6|B0.8|K10|paper_1억	development	20251016	455900	7	0.070492	36293369350.000000	30500.000000	1.000000	study	2.000000	1306	1307	1308	33000.000000	32700.000000	32600.000000	False	400.000000	1309	32500.000000	stop	-151.515152	-174.189394	-1.437062	303	9999000.000000	-174171.975000								
G6|B0.8|K10|paper_1억	development	20251020	030530	4	0.062640	40236547000.000000	22350.000000	1.000000	shared	5.000000	931	932	933	23950.000000	23650.000000	23550.000000	False	400.000000	1003	23450.000000	stop	-208.768267	-231.319415	-1.385025	417	9987150.000000	-231022.170000								
G6|B0.8|K10|paper_1억	development	20251022	290690	9	0.140527	7757849955.000000	3985.000000	1.000000	study	0.000000	932	936	937	4430.000000	4325.000000	4310.000000	False	120.000000	957	4300.000000	stop	-293.453725	-315.822799	-1.165913	1666	7380380.000000	-233089.227000								
G6|B0.8|K10|paper_1억	development	20251022	488280	5	0.129534	23732010880.000000	19300.000000	1.000000	study	0.000000	935	939	940	21700.000000	21150.000000	21050.000000	False	650.000000	947	20950.000000	stop	-345.622120	-367.879032	-1.228150	307	6661900.000000	-245077.332500								
G6|B0.8|K10|paper_1억	development	20251022	101670	8	0.072614	10250960870.000000	2410.000000	1.000000	study	0.000000	1032	1035	1036	2620.000000	2580.000000	2570.000000	False	50.000000	1038	2560.000000	stop	-229.007634	-251.515267	-1.317940	3816	9997920.000000	-251462.952000								
G6|B0.8|K10|paper_1억	development	20251023	062040	3	0.064567	69122097400.000000	127000.000000	1.000000	shared	-6.000000	935	948	949	133000.000000	131600.000000	131200.000000	False	1800.000000	1022	131000.000000	stop	-150.375940	-173.052632	-1.278667	75	9975000.000000	-172620.000000								
G6|B0.8|K10|paper_1억	development	20251024	247540	3	0.062738	87064415865.000000	156890.986996	1.000000	shared	6.000000	1028	1036	1037	165751.000000	164273.000000	163700.000000	False	2051.000000	1510	169685.000000	time	237.343968	213.833678	1.728091	60	9945060.000000	212658.876000								
G6|B0.8|K10|paper_1억	development	20251027	047770	9	0.093706	35639081255.000000	3575.000000	1.000000	study	7.000000	948	949	950	3910.000000	3860.000000	3845.000000	False	65.000000	957	3835.000000	stop	-191.815857	-214.403453	-1.289719	2557	9997870.000000	-214357.784750								
G6|B0.8|K10|paper_1억	development	20251027	402340	10	0.062731	30917774000.000000	271000.000000	1.000000	shared	7.000000	1021	1023	1024	287500.000000	285000.000000	284000.000000	False	3500.000000	1320	283000.000000	stop	-156.521739	-179.185217	-1.471879	34	9775000.000000	-175153.550000								
G6|B0.8|K10|paper_1억	development	20251028	161580	3	0.081250	38661969050.000000	40000.000000	1.000000	study	3.000000	933	935	936	42750.000000	42300.000000	42150.000000	False	600.000000	940	42050.000000	stop	-163.742690	-186.390643	-1.328033	233	9960750.000000	-185659.060000								
G6|B0.8|K10|paper_1억	development	20251028	267320	10	0.065367	9475906060.000000	4360.000000	1.000000	study	3.000000	933	936	937	4595.000000	4530.000000	4515.000000	False	80.000000	946	4505.000000	stop	-195.865071	-218.443961	-1.254688	2176	9998720.000000	-218416.000000								
G6|B0.8|K10|paper_1억	development	20251028	009470	9	0.071221	10941658200.000000	34400.000000	1.000000	study	3.000000	1131	1140	1141	37900.000000	37450.000000	37300.000000	False	600.000000	1213	37200.000000	stop	-184.696570	-207.299472	-1.309442	263	9967700.000000	-206629.895000								
G8|B0.5|K10|paper_1억	development	20250918	450140	2	0.153313	68454541950.000000	12980.000000	1.000000	study	0.000000	950	954	955	14250.000000	14020.000000	13970.000000	False	280.000000	1000	13950.000000	stop	-210.526316	-233.073684	-1.186179	701	9989250.000000	-232823.130000								
G8|B0.5|K10|paper_1억	development	20250919	201490	4	0.117745	43359464640.000000	6030.000000	1.000000	study	3.000000	936	939	940	6740.000000	6560.000000	6540.000000	False	200.000000	949	6520.000000	stop	-326.409496	-348.707715	-1.175145	1000	6740000.000000	-235029.000000								
G8|B0.5|K10|paper_1억	development	20250922	332570	5	0.081600	42863582290.000000	6250.000000	1.000000	shared	4.000000	1133	1140	1141	6860.000000	6770.000000	6740.000000	False	120.000000	1200	6720.000000	stop	-204.081633	-226.642857	-1.295642	1457	9995020.000000	-226529.989000								
G8|B0.5|K10|paper_1억	development	20250923	365270	7	0.122720	10018795670.000000	6030.000000	1.000000	study	0.000000	948	950	951	6850.000000	6720.000000	6690.000000	False	160.000000	1222	6670.000000	stop	-262.773723	-285.208759	-1.221050	1250	8562500.000000	-244210.000000								
G8|B0.5|K10|paper_1억	development	20250924	459510	7	0.080169	22806880550.000000	23700.000000	1.000000	shared	-2.000000	936	942	943	25350.000000	25000.000000	24900.000000	False	450.000000	946	24800.000000	stop	-216.962525	-239.496055	-1.349161	394	9987900.000000	-239206.265000								
G8|B0.5|K10|paper_1억	development	20250924	448900	6	0.094769	23614648390.000000	16250.000000	1.000000	shared	-2.000000	951	952	953	17790.000000	17450.000000	17390.000000	False	400.000000	1006	17370.000000	stop	-236.087690	-258.580101	-1.150035	500	8895000.000000	-230007.000000								
G8|B0.5|K10|paper_1억	development	20250925	272110	10	0.088346	13001115450.000000	26600.000000	1.000000	study	0.000000	933	936	937	29000.000000	28500.000000	28400.000000	False	600.000000	1054	28300.000000	stop	-241.379310	-263.860345	-1.275325	333	9657000.000000	-254809.935000								
G8|B0.5|K10|paper_1억	development	20250925	263750	6	0.084425	15159542050.000000	34350.000000	1.000000	study	0.000000	947	950	951	36950.000000	36700.000000	36550.000000	False	400.000000	1223	36450.000000	stop	-135.317997	-158.027064	-1.459775	270	9976500.000000	-157655.700000								
G8|B0.5|K10|paper_1억	development	20250926	199480	1	0.143705	76476698210.000000	8420.000000	1.000000	study	-3.000000	940	945	946	9220.000000	9110.000000	9080.000000	False	140.000000	957	9060.000000	stop	-173.535792	-196.162690	-1.291871	1084	9994480.000000	-196054.408000								
G8|B0.5|K10|paper_1억	development	20250926	054920	6	0.081967	10709298485.000000	4880.000000	1.000000	study	-3.000000	944	950	951	5210.000000	5100.000000	5080.000000	False	130.000000	1121	5060.000000	stop	-287.907869	-310.288868	-1.243542	1538	8012980.000000	-248633.849000								
G8|B0.5|K10|paper_1억	development	20251001	452280	9	0.080219	8465611520.000000	10970.000000	1.000000	study	0.000000	949	950	951	11780.000000	11640.000000	11600.000000	False	180.000000	1019	11580.000000	stop	-169.779287	-192.414261	-1.259244	848	9989440.000000	-192211.072000								
G8|B0.5|K10|paper_1억	development	20251001	042520	8	0.128233	9455155070.000000	18170.000000	1.000000	study	0.000000	950	955	956	20200.000000	19980.000000	19920.000000	False	280.000000	1027	19900.000000	stop	-148.514851	-171.195545	-1.235054	495	9999000.000000	-171178.425000								
G8|B0.5|K10|paper_1억	development	20251013	285490	8	0.151365	7681902450.000000	20150.000000	1.000000	study	-8.000000	1244	1245	1246	23400.000000	23000.000000	22900.000000	False	500.000000	1314	22800.000000	stop	-256.410256	-278.858974	-1.305060	400	9360000.000000	-261012.000000								
G8|B0.5|K10|paper_1억	development	20251016	047770	7	0.096712	10588675125.000000	2585.000000	1.000000	study	2.000000	959	1000	1001	2870.000000	2820.000000	2810.000000	False	60.000000	1018	2800.000000	stop	-243.902439	-266.378049	-1.274175	3333	9565710.000000	-254809.516500								
G8|B0.5|K10|paper_1억	development	20251017	093370	10	0.080247	14121257520.000000	6480.000000	1.000000	study	-3.000000	956	1008	1009	7060.000000	6930.000000	6900.000000	False	160.000000	1510	7140.000000	time	113.314448	90.070822	0.397438	1250	8825000.000000	79487.500000								
G8|B0.5|K10|paper_1억	development	20251022	290690	6	0.140527	7757849955.000000	3985.000000	1.000000	study	0.000000	932	936	937	4430.000000	4325.000000	4310.000000	False	120.000000	957	4300.000000	stop	-293.453725	-315.822799	-1.165913	1666	7380380.000000	-233089.227000								
G8|B0.5|K10|paper_1억	development	20251022	488280	3	0.129534	23732010880.000000	19300.000000	1.000000	study	0.000000	936	939	940	21700.000000	21150.000000	21050.000000	False	650.000000	947	20950.000000	stop	-345.622120	-367.879032	-1.228150	307	6661900.000000	-245077.332500								
G8|B0.5|K10|paper_1억	development	20251022	413630	2	0.102750	66869776805.000000	3455.000000	1.000000	shared	0.000000	1123	1124	1125	3905.000000	3810.000000	3795.000000	False	110.000000	1146	3785.000000	stop	-307.298335	-329.637644	-1.170214	1818	7099290.000000	-234019.323000								
G8|B0.5|K10|paper_1억	development	20251024	437730	7	0.085284	29813870400.000000	29900.000000	1.000000	shared	6.000000	1000	1010	1011	32200.000000	31750.000000	31650.000000	False	550.000000	1247	31550.000000	stop	-201.863354	-224.429348	-1.313932	310	9982000.000000	-224025.375000								
G8|B0.5|K10|paper_1억	development	20251024	290690	10	0.086124	6353254870.000000	4180.000000	1.000000	study	6.000000	1234	1240	1241	4540.000000	4500.000000	4485.000000	False	55.000000	1249	4475.000000	stop	-143.171806	-165.863987	-1.369132	2202	9997080.000000	-165815.554500								
G8|B0.5|K10|paper_1억	development	20251027	075580	3	0.081678	62821686025.000000	22650.000000	1.000000	shared	7.000000	953	956	957	24550.000000	24200.000000	24100.000000	False	450.000000	1010	24000.000000	stop	-224.032587	-246.550916	-1.345072	407	9991850.000000	-246349.977500								
G8|B0.5|K10|paper_1억	development	20251027	468530	10	0.093923	12700984800.000000	45250.000000	1.000000	study	7.000000	950	956	957	49400.000000	48800.000000	48650.000000	False	750.000000	1002	48550.000000	stop	-172.064777	-194.694838	-1.282390	202	9978800.000000	-194282.085000								
G8|B0.5|K10|paper_1억	development	20251027	047770	7	0.093706	35639081255.000000	3575.000000	1.000000	study	7.000000	1242	1245	1246	3910.000000	3875.000000	3860.000000	False	50.000000	1440	3850.000000	stop	-153.452685	-176.122762	-1.377280	2557	9997870.000000	-176085.248000								
G8|B0.5|K10|paper_1억	development	20251028	078350	10	0.086449	5503254400.000000	21400.000000	1.000000	study	3.000000	931	937	938	23000.000000	22550.000000	22450.000000	False	550.000000	1019	22350.000000	stop	-282.608696	-305.001087	-1.275459	363	8349000.000000	-254645.407500								
G8|B0.5|K10|paper_1억	development	20251028	318060	5	0.097826	12020114710.000000	10120.000000	1.000000	study	3.000000	1052	1055	1056	11080.000000	10940.000000	10900.000000	False	180.000000	1059	10880.000000	stop	-180.505415	-203.117329	-1.250300	902	9994160.000000	-202998.708000								
G8|B0.5|K10|paper_1억	development	20251029	222800	6	0.123288	42680675000.000000	58400.000000	1.000000	shared	2.000000	1035	1039	1040	63300.000000	62700.000000	62500.000000	False	800.000000	1110	62300.000000	stop	-157.977883	-180.638231	-1.429300	157	9938100.000000	-179520.080000								
