variant	month	n_days	n_buy_fills	n_sell_fills	mean_r	mae_med	win_rate	turnover	deployed	gross	net	cost	turnover_x	cost_share
w_take1.0_stop3.0_atr4.0_dev-1.0	202509	56	76	41	0.0618	-0.9004	0.5000	159380620.0000	117626661.3530	638950.0000	437904.4025	201045.5975	1.3550	0.3146
w_take1.0_stop3.0_atr4.0_dev-1.0	202510	72	103	71	0.0511	-1.1258	0.5972	215917400.0000	152506222.5025	822200.0000	476072.0150	346127.9850	1.4158	0.4210
w_take1.0_stop3.0_atr4.0_dev-1.0	202511	63	92	62	0.1171	-0.8019	0.6667	196087070.0000	135167812.1310	1259010.0000	951386.4245	307623.5755	1.4507	0.2443
w_take1.0_stop3.0_atr4.0_dev-1.0	202512	107	145	79	0.0595	-0.7955	0.4953	306342340.0000	226829999.3970	1207180.0000	819260.5260	387919.4740	1.3505	0.3213
w_take1.0_stop3.0_atr4.0_dev-1.0	202601	88	151	107	0.1317	-0.7380	0.6932	319624250.0000	187304841.5125	2015350.0000	1491001.8325	524348.1675	1.7064	0.2602
w_take1.0_stop3.0_atr4.0_dev-1.0	202602	35	54	35	0.0585	-1.1589	0.5429	114621190.0000	74036453.8025	427910.0000	255583.9425	172326.0575	1.5482	0.4027
w_take1.0_stop3.0_atr4.0_dev-1.0	202603	5	7	4	-0.2203	-3.1804	0.2000	14816400.0000	10739910.7450	-122100.0000	-141610.1250	19510.1250	1.3796	0.1598
w_take1.0_stop3.0_atr4.0_dev-1.0	202604	29	38	26	0.0237	-0.9960	0.4828	80662330.0000	61812280.4515	216130.0000	88338.9765	127791.0235	1.3050	0.5913
w_take1.0_stop3.0_atr4.0_dev-1.0	202605	25	45	38	0.1448	-1.3645	0.7200	93604300.0000	53325447.6175	643050.0000	459406.2425	183643.7575	1.7553	0.2856
w_take1.0_stop3.0_atr4.0_dev-1.0	202606	6	9	7	0.0387	-1.4258	0.5000	18530100.0000	12509476.1400	60500.0000	27517.8750	32982.1250	1.4813	0.5452
w_take1.0_stop3.0_atr4.0_dev-1.0	202608	6	10	6	0.1313	-0.9788	0.6667	20620200.0000	12273240.7100	132100.0000	102268.5750	29831.4250	1.6801	0.2258
w_take1.0_stop3.0_atr4.0_dev-1.0	202609	39	65	49	0.1517	-1.0933	0.7179	137632900.0000	83032402.9925	998700.0000	758751.4250	239948.5750	1.6576	0.2403
w_take1.0_stop3.0_atr4.0_dev-3.0	202509	59	83	48	0.0627	-0.8881	0.5254	174045320.0000	123952010.0130	705350.0000	470504.3625	234845.6375	1.4041	0.3329
w_take1.0_stop3.0_atr4.0_dev-3.0	202510	77	111	78	0.0556	-1.1436	0.6234	232713490.0000	163204817.0510	930550.0000	550557.1285	379992.8715	1.4259	0.4084
w_take1.0_stop3.0_atr4.0_dev-3.0	202511	66	97	65	0.1075	-0.8447	0.6515	206802130.0000	141589835.2900	1236500.0000	914077.2860	322422.7140	1.4606	0.2608
w_take1.0_stop3.0_atr4.0_dev-3.0	202512	111	149	80	0.0528	-0.8039	0.4775	314821440.0000	235310371.2620	1147180.0000	755049.4260	392130.5740	1.3379	0.3418
w_take1.0_stop3.0_atr4.0_dev-3.0	202601	89	152	107	0.1302	-0.7407	0.6854	321757550.0000	189438461.5075	2015350.0000	1491001.8325	524348.1675	1.6985	0.2602
w_take1.0_stop3.0_atr4.0_dev-3.0	202602	35	54	35	0.0585	-1.1589	0.5429	114621190.0000	74036453.8025	427910.0000	255583.9425	172326.0575	1.5482	0.4027
w_take1.0_stop3.0_atr4.0_dev-3.0	202603	6	8	5	-0.3208	-3.3759	0.1667	16979400.0000	12903235.1950	-224600.0000	-248455.2500	23855.2500	1.3159	0.1062
w_take1.0_stop3.0_atr4.0_dev-3.0	202604	29	38	26	0.0237	-0.9960	0.4828	80662330.0000	61812280.4515	216130.0000	88338.9765	127791.0235	1.3050	0.5913
w_take1.0_stop3.0_atr4.0_dev-3.0	202605	25	45	38	0.1448	-1.3645	0.7200	93604300.0000	53325447.6175	643050.0000	459406.2425	183643.7575	1.7553	0.2856
w_take1.0_stop3.0_atr4.0_dev-3.0	202606	7	10	7	0.0332	-2.0442	0.4286	20528800.0000	14508475.9450	60500.0000	27517.8750	32982.1250	1.4150	0.5452
w_take1.0_stop3.0_atr4.0_dev-3.0	202608	6	10	6	0.1313	-0.9788	0.6667	20620200.0000	12273240.7100	132100.0000	102268.5750	29831.4250	1.6801	0.2258
w_take1.0_stop3.0_atr4.0_dev-3.0	202609	40	66	49	0.1479	-1.0591	0.7000	139142900.0000	84542629.4925	998700.0000	758751.4250	239948.5750	1.6458	0.2403
w_take1.0_stop3.0_atr4.0_dev0.0	202509	53	70	37	0.0682	-0.8881	0.5094	146582270.0000	111304913.2330	638500.0000	457349.1050	181150.8950	1.3169	0.2837
w_take1.0_stop3.0_atr4.0_dev0.0	202510	68	93	61	0.0313	-1.1439	0.5147	194458100.0000	143699001.6175	573200.0000	276898.4350	296301.5650	1.3532	0.5169
w_take1.0_stop3.0_atr4.0_dev0.0	202511	60	89	61	0.1208	-0.7861	0.6833	189772030.0000	128851824.8750	1238610.0000	935672.6045	302937.3955	1.4728	0.2446
w_take1.0_stop3.0_atr4.0_dev0.0	202512	101	137	73	0.0683	-0.7505	0.4851	289693280.0000	213982302.5315	1246620.0000	888050.8080	358569.1920	1.3538	0.2876
w_take1.0_stop3.0_atr4.0_dev0.0	202601	84	146	104	0.1455	-0.7315	0.7262	309065600.0000	178804566.6625	2083400.0000	1572913.1000	510486.9000	1.7285	0.2450
w_take1.0_stop3.0_atr4.0_dev0.0	202602	34	53	35	0.0603	-1.1052	0.5588	112593190.0000	72008149.6025	427910.0000	255583.9425	172326.0575	1.5636	0.4027
w_take1.0_stop3.0_atr4.0_dev0.0	202603	4	6	4	-0.2754	-3.3759	0.2500	12654800.0000	8577986.5050	-122100.0000	-141610.1250	19510.1250	1.4753	0.1598
w_take1.0_stop3.0_atr4.0_dev0.0	202604	27	36	25	0.0208	-0.8746	0.4444	76620830.0000	57603549.2365	196130.0000	72970.4765	123159.5235	1.3301	0.6279
w_take1.0_stop3.0_atr4.0_dev0.0	202605	23	42	35	0.1759	-1.3456	0.7391	87211600.0000	49086711.9025	679300.0000	510281.5150	169018.4850	1.7767	0.2488
w_take1.0_stop3.0_atr4.0_dev0.0	202606	6	9	7	0.0387	-1.4258	0.5000	18530100.0000	12509476.1400	60500.0000	27517.8750	32982.1250	1.4813	0.5452
w_take1.0_stop3.0_atr4.0_dev0.0	202608	6	10	6	0.1313	-0.9788	0.6667	20620200.0000	12273240.7100	132100.0000	102268.5750	29831.4250	1.6801	0.2258
w_take1.0_stop3.0_atr4.0_dev0.0	202609	38	63	48	0.1519	-1.0591	0.7105	133366300.0000	80889681.6325	975300.0000	740287.3950	235012.6050	1.6487	0.2410
w_take1.0_stop3.0_atr4.5_dev-1.0	202509	61	82	42	0.0588	-0.9126	0.4754	171514620.0000	127695771.4930	659950.0000	454106.5325	205843.4675	1.3432	0.3119
w_take1.0_stop3.0_atr4.5_dev-1.0	202510	86	128	92	0.0752	-1.1439	0.6512	267633980.0000	181707382.0195	1269800.0000	823415.9150	446384.0850	1.4729	0.3515
w_take1.0_stop3.0_atr4.5_dev-1.0	202511	86	126	79	0.0975	-0.8447	0.6279	267626520.0000	183677837.5435	1471710.0000	1081447.1295	390262.8705	1.4570	0.2652
w_take1.0_stop3.0_atr4.5_dev-1.0	202512	129	177	98	0.0584	-0.9524	0.5116	370074690.0000	270746685.9120	1465580.0000	989825.9460	475754.0540	1.3669	0.3246
w_take1.0_stop3.0_atr4.5_dev-1.0	202601	128	221	164	0.1225	-0.8841	0.6875	462294050.0000	269031398.6575	2785350.0000	1993015.0725	792334.9275	1.7184	0.2845
w_take1.0_stop3.0_atr4.5_dev-1.0	202602	68	114	80	0.0858	-1.1392	0.6029	240727090.0000	143700601.8575	1142210.0000	750382.4875	391827.5125	1.6752	0.3430
w_take1.0_stop3.0_atr4.5_dev-1.0	202603	14	22	17	-0.1202	-3.1291	0.3571	46163420.0000	29649266.7230	-130000.0000	-212117.3100	82117.3100	1.5570	0.6317
w_take1.0_stop3.0_atr4.5_dev-1.0	202604	40	59	39	0.0332	-1.1298	0.5000	123585930.0000	83629752.5815	390730.0000	200790.1865	189939.8135	1.4778	0.4861
w_take1.0_stop3.0_atr4.5_dev-1.0	202605	36	62	50	0.0935	-1.3884	0.6389	129973450.0000	77001248.4550	669100.0000	426203.5250	242896.4750	1.6879	0.3630
w_take1.0_stop3.0_atr4.5_dev-1.0	202606	7	10	8	-0.0452	-2.0442	0.4286	20563300.0000	14542981.1200	-1900.0000	-39424.3250	37524.3250	1.4140	19.7496
w_take1.0_stop3.0_atr4.5_dev-1.0	202608	21	32	17	0.0505	-1.3609	0.4762	67165750.0000	43822972.4600	221000.0000	136530.5750	84469.4250	1.5327	0.3822
w_take1.0_stop3.0_atr4.5_dev-1.0	202609	50	82	59	0.1341	-1.1062	0.6600	173437500.0000	106307493.7325	1149000.0000	860335.1300	288664.8700	1.6315	0.2512
w_take1.0_stop3.0_atr4.5_dev-3.0	202509	64	89	49	0.0598	-0.9109	0.5000	186179320.0000	134021120.1530	726350.0000	486706.4925	239643.5075	1.3892	0.3299
w_take1.0_stop3.0_atr4.5_dev-3.0	202510	91	136	99	0.0777	-1.1443	0.6703	284430070.0000	192405976.5680	1378150.0000	897901.0285	480248.9715	1.4783	0.3485
w_take1.0_stop3.0_atr4.5_dev-3.0	202511	91	133	83	0.0905	-0.9294	0.6154	282573580.0000	194345097.3925	1470800.0000	1060918.1310	409881.8690	1.4540	0.2787
w_take1.0_stop3.0_atr4.5_dev-3.0	202512	135	185	102	0.0474	-0.9542	0.4963	387085490.0000	283601713.8770	1347580.0000	853819.9460	493760.0540	1.3649	0.3664
w_take1.0_stop3.0_atr4.5_dev-3.0	202601	130	223	165	0.1161	-0.8897	0.6769	466470950.0000	273208925.1925	2718150.0000	1921259.2725	796890.7275	1.7074	0.2932
w_take1.0_stop3.0_atr4.5_dev-3.0	202602	69	115	81	0.0711	-1.1589	0.5942	242880490.0000	145870127.2375	1026610.0000	630041.8675	396568.1325	1.6650	0.3863
w_take1.0_stop3.0_atr4.5_dev-3.0	202603	15	23	18	-0.1671	-3.1804	0.3333	48326420.0000	31812591.1730	-232500.0000	-318962.4350	86462.4350	1.5191	0.3719
w_take1.0_stop3.0_atr4.5_dev-3.0	202604	40	59	39	0.0332	-1.1298	0.5000	123585930.0000	83629752.5815	390730.0000	200790.1865	189939.8135	1.4778	0.4861
w_take1.0_stop3.0_atr4.5_dev-3.0	202605	36	62	50	0.0935	-1.3884	0.6389	129973450.0000	77001248.4550	669100.0000	426203.5250	242896.4750	1.6879	0.3630
w_take1.0_stop3.0_atr4.5_dev-3.0	202606	8	11	8	-0.0396	-2.4255	0.3750	22562000.0000	16541980.9250	-1900.0000	-39424.3250	37524.3250	1.3639	19.7496
w_take1.0_stop3.0_atr4.5_dev-3.0	202608	23	37	20	0.0655	-1.3609	0.4783	77485550.0000	48038404.6800	291000.0000	192338.5750	98661.4250	1.6130	0.3390
w_take1.0_stop3.0_atr4.5_dev-3.0	202609	53	87	63	0.1254	-1.0933	0.6415	183042100.0000	111887930.6725	1159200.0000	851895.6200	307304.3800	1.6359	0.2651
w_take1.0_stop3.0_atr4.5_dev0.0	202509	58	76	38	0.0646	-0.9109	0.4828	158716270.0000	121374023.3730	659500.0000	473551.2350	185948.7650	1.3077	0.2820
w_take1.0_stop3.0_atr4.5_dev0.0	202510	82	118	82	0.0599	-1.1604	0.5854	246174680.0000	172900161.1345	1020800.0000	624242.3350	396557.6650	1.4238	0.3885
w_take1.0_stop3.0_atr4.5_dev0.0	202511	81	118	75	0.0972	-0.8065	0.6296	250805280.0000	173136416.5675	1387710.0000	1016725.5495	370984.4505	1.4486	0.2673
w_take1.0_stop3.0_atr4.5_dev0.0	202512	121	167	90	0.0777	-0.8902	0.5124	350140630.0000	254579491.1965	1635020.0000	1195970.4280	439049.5720	1.3754	0.2685
w_take1.0_stop3.0_atr4.5_dev0.0	202601	123	215	159	0.1304	-0.8715	0.6992	449941400.0000	258736854.7075	2815400.0000	2045209.8400	770190.1600	1.7390	0.2736
w_take1.0_stop3.0_atr4.5_dev0.0	202602	66	108	74	0.0718	-1.1392	0.6061	228009190.0000	139501972.1575	969810.0000	607930.9175	361879.0825	1.6345	0.3731
w_take1.0_stop3.0_atr4.5_dev0.0	202603	11	17	15	-0.1776	-3.2168	0.3636	35361900.0000	23157773.1450	-175000.0000	-247105.2600	72105.2600	1.5270	0.4120
w_take1.0_stop3.0_atr4.5_dev0.0	202604	37	56	37	0.0492	-0.9960	0.4865	118262430.0000	78097822.9165	416730.0000	234365.6865	182364.3135	1.5143	0.4376
w_take1.0_stop3.0_atr4.5_dev0.0	202605	34	59	47	0.1116	-1.3884	0.6471	123580750.0000	72762512.7400	705350.0000	477078.7975	228271.2025	1.6984	0.3236
w_take1.0_stop3.0_atr4.5_dev0.0	202606	7	10	8	-0.0452	-2.0442	0.4286	20563300.0000	14542981.1200	-1900.0000	-39424.3250	37524.3250	1.4140	19.7496
w_take1.0_stop3.0_atr4.5_dev0.0	202608	19	26	13	0.0222	-1.6204	0.4211	54192400.0000	39492522.9900	118000.0000	53660.7100	64339.2900	1.3722	0.5452
w_take1.0_stop3.0_atr4.5_dev0.0	202609	49	80	57	0.1301	-1.0933	0.6327	169337500.0000	104227181.7325	1099000.0000	819872.6300	279127.3700	1.6247	0.2540
w_take1.0_stop3.0_atr5.0_dev-1.0	202509	71	99	54	0.0565	-1.0017	0.4930	207112620.0000	148686719.6630	772750.0000	508259.4225	264490.5775	1.3929	0.3423
w_take1.0_stop3.0_atr5.0_dev-1.0	202510	96	147	105	0.0875	-1.1604	0.6667	308239800.0000	203218308.1745	1583400.0000	1072493.0770	510906.9230	1.5168	0.3227
w_take1.0_stop3.0_atr5.0_dev-1.0	202511	119	183	119	0.0975	-1.1364	0.6303	384697382.0000	251655032.5935	2077248.0000	1497912.9202	579335.0798	1.5287	0.2789
w_take1.0_stop3.0_atr5.0_dev-1.0	202512	142	195	110	0.0567	-0.9540	0.5141	406604090.0000	297643869.8845	1582980.0000	1050602.9510	532377.0490	1.3661	0.3363
w_take1.0_stop3.0_atr5.0_dev-1.0	202601	147	260	198	0.1121	-0.8945	0.6803	541713650.0000	307984540.7525	3057650.0000	2105871.6175	951778.3825	1.7589	0.3113
w_take1.0_stop3.0_atr5.0_dev-1.0	202602	83	135	91	0.0797	-1.2152	0.5783	284312990.0000	175117513.6875	1293810.0000	849345.1175	444464.8825	1.6236	0.3435
w_take1.0_stop3.0_atr5.0_dev-1.0	202603	22	37	29	-0.1483	-3.0938	0.3182	77024020.0000	46279060.8180	-270600.0000	-408700.0450	138100.0450	1.6643	0.5103
w_take1.0_stop3.0_atr5.0_dev-1.0	202604	56	86	57	0.0474	-0.8789	0.5357	179536830.0000	116924145.9915	641430.0000	365174.0615	276255.9385	1.5355	0.4307
w_take1.0_stop3.0_atr5.0_dev-1.0	202605	55	95	77	0.0801	-1.5478	0.6182	195934950.0000	116227281.4775	906450.0000	538515.3575	367934.6425	1.6858	0.4059
w_take1.0_stop3.0_atr5.0_dev-1.0	202606	8	14	11	0.0098	-1.7874	0.5000	29130100.0000	16699304.5200	64100.0000	11688.9350	52411.0650	1.7444	0.8176
w_take1.0_stop3.0_atr5.0_dev-1.0	202607	2	8	6	0.4192	-1.7981	1.0000	17329600.0000	4341621.1455	139410.0000	109234.5335	30175.4665	3.9915	0.2165
w_take1.0_stop3.0_atr5.0_dev-1.0	202608	42	62	39	0.0646	-1.2969	0.5476	131388350.0000	88988496.2725	542200.0000	348903.3100	193296.6900	1.4765	0.3565
w_take1.0_stop3.0_atr5.0_dev-1.0	202609	69	118	86	0.1306	-0.9955	0.6377	248334300.0000	146065956.6075	1569300.0000	1149720.5350	419579.4650	1.7002	0.2674
w_take1.0_stop3.0_atr5.0_dev-3.0	202509	74	106	61	0.0575	-0.9851	0.5135	221777320.0000	155012068.3230	839150.0000	540859.3825	298290.6175	1.4307	0.3555
w_take1.0_stop3.0_atr5.0_dev-3.0	202510	101	155	112	0.0891	-1.1710	0.6832	325035890.0000	213916902.7230	1691750.0000	1146978.1905	544771.8095	1.5194	0.3220
w_take1.0_stop3.0_atr5.0_dev-3.0	202511	124	190	123	0.0923	-1.1593	0.6210	399644442.0000	262322292.4425	2076338.0000	1477383.9217	598954.0783	1.5235	0.2885
w_take1.0_stop3.0_atr5.0_dev-3.0	202512	148	203	114	0.0467	-0.9616	0.5000	423614890.0000	310498897.8495	1464980.0000	914596.9510	550383.0490	1.3643	0.3757
w_take1.0_stop3.0_atr5.0_dev-3.0	202601	150	263	200	0.1020	-0.9440	0.6667	547636550.0000	313908329.1875	2932450.0000	1972224.7175	960225.2825	1.7446	0.3274
w_take1.0_stop3.0_atr5.0_dev-3.0	202602	85	139	95	0.0633	-1.2228	0.5647	292363890.0000	179296340.4175	1153710.0000	690992.9225	462717.0775	1.6306	0.4011
w_take1.0_stop3.0_atr5.0_dev-3.0	202603	24	41	32	-0.1587	-3.0938	0.3333	85678120.0000	50614110.9780	-326900.0000	-479379.8100	152479.8100	1.6928	0.4664
w_take1.0_stop3.0_atr5.0_dev-3.0	202604	56	86	57	0.0474	-0.8789	0.5357	179536830.0000	116924145.9915	641430.0000	365174.0615	276255.9385	1.5355	0.4307
w_take1.0_stop3.0_atr5.0_dev-3.0	202605	57	98	81	0.0598	-1.5686	0.5965	202348350.0000	120481319.4875	798850.0000	411625.6775	387224.3225	1.6795	0.4847
w_take1.0_stop3.0_atr5.0_dev-3.0	202606	9	15	11	0.0087	-2.0442	0.4444	31128800.0000	18698304.3250	64100.0000	11688.9350	52411.0650	1.6648	0.8176
w_take1.0_stop3.0_atr5.0_dev-3.0	202607	2	8	6	0.4192	-1.7981	1.0000	17329600.0000	4341621.1455	139410.0000	109234.5335	30175.4665	3.9915	0.2165
w_take1.0_stop3.0_atr5.0_dev-3.0	202608	45	68	43	0.0537	-1.3245	0.5333	143239150.0000	94758161.5925	546200.0000	335279.0100	210920.9900	1.5116	0.3862
w_take1.0_stop3.0_atr5.0_dev-3.0	202609	75	129	96	0.1315	-1.0144	0.6533	269753900.0000	157894330.5975	1718500.0000	1252642.0750	465857.9250	1.7084	0.2711
w_take1.0_stop3.0_atr5.0_dev0.0	202509	68	93	50	0.0613	-0.9851	0.5000	194314270.0000	142364971.5430	772300.0000	527704.1250	244595.8750	1.3649	0.3167
w_take1.0_stop3.0_atr5.0_dev0.0	202510	91	135	94	0.0737	-1.1765	0.6044	282459900.0000	192244762.3895	1311600.0000	855550.3170	456049.6830	1.4693	0.3477
w_take1.0_stop3.0_atr5.0_dev0.0	202511	112	172	113	0.0923	-1.0677	0.6250	361334892.0000	236926783.6875	1882498.0000	1333444.0277	549053.9723	1.5251	0.2917
w_take1.0_stop3.0_atr5.0_dev0.0	202512	134	185	102	0.0740	-0.8924	0.5149	386670030.0000	281476675.1690	1752420.0000	1256747.4330	495672.5670	1.3737	0.2829
w_take1.0_stop3.0_atr5.0_dev0.0	202601	142	254	193	0.1186	-0.8897	0.6901	529361000.0000	297689996.8025	3087700.0000	2158066.3850	929633.6150	1.7782	0.3011
w_take1.0_stop3.0_atr5.0_dev0.0	202602	80	127	84	0.0671	-1.1939	0.5750	267282190.0000	168744157.8275	1096210.0000	686748.8475	409461.1525	1.5839	0.3735
w_take1.0_stop3.0_atr5.0_dev0.0	202603	19	32	27	-0.1860	-3.1804	0.3158	66222500.0000	39787567.2400	-315600.0000	-443687.9950	128087.9950	1.6644	0.4059
w_take1.0_stop3.0_atr5.0_dev0.0	202604	53	83	55	0.0593	-0.8383	0.5283	174213330.0000	111392216.3265	667430.0000	398749.5615	268680.4385	1.5640	0.4026
w_take1.0_stop3.0_atr5.0_dev0.0	202605	51	89	70	0.1116	-1.4799	0.6471	183096450.0000	107681899.8625	1033900.0000	700103.0200	333796.9800	1.7003	0.3229
w_take1.0_stop3.0_atr5.0_dev0.0	202606	8	14	11	0.0098	-1.7874	0.5000	29130100.0000	16699304.5200	64100.0000	11688.9350	52411.0650	1.7444	0.8176
w_take1.0_stop3.0_atr5.0_dev0.0	202607	2	8	6	0.4192	-1.7981	1.0000	17329600.0000	4341621.1455	139410.0000	109234.5335	30175.4665	3.9915	0.2165
w_take1.0_stop3.0_atr5.0_dev0.0	202608	39	54	33	0.0690	-1.2693	0.5385	114084400.0000	82482320.4925	509650.0000	346109.7375	163540.2625	1.3831	0.3209
w_take1.0_stop3.0_atr5.0_dev0.0	202609	65	110	79	0.1219	-0.9813	0.6154	231775300.0000	137714004.0025	1399300.0000	1013522.2850	385777.7150	1.6830	0.2757
w_take1.0_stop4.0_atr4.0_dev-1.0	202509	52	72	38	0.0651	-0.8117	0.5000	151006820.0000	109192296.3880	615450.0000	429088.9075	186361.0925	1.3829	0.3028
w_take1.0_stop4.0_atr4.0_dev-1.0	202510	68	100	67	0.0795	-1.1258	0.6471	209393750.0000	143846673.7650	1021850.0000	695223.4175	326626.5825	1.4557	0.3196
w_take1.0_stop4.0_atr4.0_dev-1.0	202511	58	85	62	0.1213	-0.9320	0.7241	180860700.0000	124220380.2625	1211200.0000	904332.4850	306867.5150	1.4560	0.2534
w_take1.0_stop4.0_atr4.0_dev-1.0	202512	95	128	67	0.0744	-0.8039	0.5053	271049530.0000	201923343.9590	1239160.0000	909616.9770	329543.0230	1.3423	0.2659
w_take1.0_stop4.0_atr4.0_dev-1.0	202601	86	149	109	0.1433	-0.7315	0.7093	315302400.0000	183008647.1800	2124650.0000	1590401.0875	534248.9125	1.7229	0.2515
w_take1.0_stop4.0_atr4.0_dev-1.0	202602	34	53	33	0.0983	-1.1870	0.6471	112455570.0000	71881010.5345	587130.0000	424378.4835	162751.5165	1.5645	0.2772
w_take1.0_stop4.0_atr4.0_dev-1.0	202603	5	7	4	-0.2584	-3.1804	0.2000	14808900.0000	10739910.7450	-146700.0000	-166157.2350	19457.2350	1.3789	0.1326
w_take1.0_stop4.0_atr4.0_dev-1.0	202604	27	35	24	0.0187	-1.1296	0.5185	74183030.0000	57488732.0165	183930.0000	66150.8765	117779.1235	1.2904	0.6403
w_take1.0_stop4.0_atr4.0_dev-1.0	202605	22	42	35	0.2169	-1.3550	0.7727	87240400.0000	46928188.1725	774250.0000	604980.4525	169269.5475	1.8590	0.2186
w_take1.0_stop4.0_atr4.0_dev-1.0	202606	6	9	7	0.0094	-1.4258	0.5000	18526800.0000	12509476.1400	38500.0000	5565.1750	32934.8250	1.4810	0.8554
w_take1.0_stop4.0_atr4.0_dev-1.0	202608	6	10	6	0.1313	-0.9788	0.6667	20620200.0000	12273240.7100	132100.0000	102268.5750	29831.4250	1.6801	0.2258
w_take1.0_stop4.0_atr4.0_dev-1.0	202609	36	61	48	0.1602	-1.1707	0.7778	128887500.0000	76536728.7875	974100.0000	739166.5650	234933.4350	1.6840	0.2412
w_take1.0_stop4.0_atr4.0_dev-3.0	202509	55	79	45	0.0639	-0.7744	0.5273	165671520.0000	115517645.0480	668250.0000	448118.1075	220131.8925	1.4342	0.3294
w_take1.0_stop4.0_atr4.0_dev-3.0	202510	73	108	75	0.0703	-1.1436	0.6575	226180540.0000	154559670.4735	1021260.0000	656028.5420	365231.4580	1.4634	0.3576
w_take1.0_stop4.0_atr4.0_dev-3.0	202511	61	90	64	0.1198	-0.9346	0.7049	191578600.0000	130645243.8475	1256800.0000	939958.2450	316841.7550	1.4664	0.2521
w_take1.0_stop4.0_atr4.0_dev-3.0	202512	96	131	70	0.0699	-0.7997	0.5104	277405530.0000	204072666.3090	1206660.0000	863129.2520	343530.7480	1.3593	0.2847
w_take1.0_stop4.0_atr4.0_dev-3.0	202601	86	149	109	0.1433	-0.7315	0.7093	315302400.0000	183008647.1800	2124650.0000	1590401.0875	534248.9125	1.7229	0.2515
w_take1.0_stop4.0_atr4.0_dev-3.0	202602	34	53	33	0.0983	-1.1870	0.6471	112455570.0000	71881010.5345	587130.0000	424378.4835	162751.5165	1.5645	0.2772
w_take1.0_stop4.0_atr4.0_dev-3.0	202603	6	8	5	-0.3526	-3.8011	0.1667	16971900.0000	12903235.1950	-249200.0000	-273002.3600	23802.3600	1.3153	0.0955
w_take1.0_stop4.0_atr4.0_dev-3.0	202604	27	35	24	0.0187	-1.1296	0.5185	74183030.0000	57488732.0165	183930.0000	66150.8765	117779.1235	1.2904	0.6403
w_take1.0_stop4.0_atr4.0_dev-3.0	202605	22	42	35	0.2169	-1.3550	0.7727	87240400.0000	46928188.1725	774250.0000	604980.4525	169269.5475	1.8590	0.2186
w_take1.0_stop4.0_atr4.0_dev-3.0	202606	7	10	7	0.0080	-2.0442	0.4286	20671200.0000	14654197.8000	38500.0000	5565.1750	32934.8250	1.4106	0.8554
w_take1.0_stop4.0_atr4.0_dev-3.0	202608	6	10	6	0.1313	-0.9788	0.6667	20620200.0000	12273240.7100	132100.0000	102268.5750	29831.4250	1.6801	0.2258
w_take1.0_stop4.0_atr4.0_dev-3.0	202609	37	62	48	0.1559	-1.1569	0.7568	130397500.0000	78046955.2875	974100.0000	739166.5650	234933.4350	1.6708	0.2412
w_take1.0_stop4.0_atr4.0_dev0.0	202509	49	66	34	0.0787	-0.7744	0.5102	138204870.0000	102871048.3430	655700.0000	489144.9550	166555.0450	1.3435	0.2540
w_take1.0_stop4.0_atr4.0_dev0.0	202510	64	89	57	0.0602	-1.1439	0.5625	185801150.0000	135040753.0750	772850.0000	496007.9775	276842.0225	1.3759	0.3582
w_take1.0_stop4.0_atr4.0_dev0.0	202511	55	81	59	0.1209	-0.9294	0.7273	172543400.0000	117983244.8325	1148800.0000	856286.8550	292513.1450	1.4624	0.2546
w_take1.0_stop4.0_atr4.0_dev0.0	202512	93	125	64	0.0821	-0.7590	0.4946	264728320.0000	197626889.5875	1298460.0000	983403.4980	315056.5020	1.3395	0.2426
w_take1.0_stop4.0_atr4.0_dev0.0	202601	84	146	106	0.1551	-0.7315	0.7262	309064600.0000	178829870.4575	2201800.0000	1681413.7200	520386.2800	1.7283	0.2363
w_take1.0_stop4.0_atr4.0_dev0.0	202602	33	52	33	0.1013	-1.1589	0.6667	110427570.0000	69852706.3345	587130.0000	424378.4835	162751.5165	1.5809	0.2772
w_take1.0_stop4.0_atr4.0_dev0.0	202603	4	6	4	-0.3231	-3.8011	0.2500	12647300.0000	8577986.5050	-146700.0000	-166157.2350	19457.2350	1.4744	0.1326
w_take1.0_stop4.0_atr4.0_dev0.0	202604	25	33	23	0.0152	-0.9960	0.4800	70141530.0000	53280000.8015	163930.0000	50782.3765	113147.6235	1.3165	0.6902
w_take1.0_stop4.0_atr4.0_dev0.0	202605	21	40	33	0.2137	-1.3456	0.7619	82910800.0000	44752861.9225	727300.0000	568089.4750	159210.5250	1.8526	0.2189
w_take1.0_stop4.0_atr4.0_dev0.0	202606	6	9	7	0.0094	-1.4258	0.5000	18526800.0000	12509476.1400	38500.0000	5565.1750	32934.8250	1.4810	0.8554
w_take1.0_stop4.0_atr4.0_dev0.0	202608	6	10	6	0.1313	-0.9788	0.6667	20620200.0000	12273240.7100	132100.0000	102268.5750	29831.4250	1.6801	0.2258
w_take1.0_stop4.0_atr4.0_dev0.0	202609	35	59	47	0.1607	-1.1569	0.7714	124620900.0000	74394007.4275	950700.0000	720702.5350	229997.4650	1.6751	0.2419
w_take1.0_stop4.0_atr4.5_dev-1.0	202509	57	78	39	0.0617	-0.8881	0.4737	163140820.0000	119261406.5280	636450.0000	445291.0375	191158.9625	1.3679	0.3004
w_take1.0_stop4.0_atr4.5_dev-1.0	202510	82	125	88	0.0999	-1.1439	0.6951	261110330.0000	173047833.2820	1469450.0000	1042567.3175	426882.6825	1.5089	0.2905
w_take1.0_stop4.0_atr4.5_dev-1.0	202511	77	113	74	0.1141	-0.9685	0.6753	239630650.0000	164113113.2750	1494300.0000	1128919.2500	365380.7500	1.4602	0.2445
w_take1.0_stop4.0_atr4.5_dev-1.0	202512	118	161	86	0.0682	-0.9544	0.5169	336749880.0000	247972350.2740	1459560.0000	1041148.5970	418411.4030	1.3580	0.2867
w_take1.0_stop4.0_atr4.5_dev-1.0	202601	125	218	164	0.1370	-0.8715	0.7120	455731500.0000	262497568.7300	2980550.0000	2187864.8525	792685.1475	1.7361	0.2660
w_take1.0_stop4.0_atr4.5_dev-1.0	202602	66	112	75	0.1224	-1.1477	0.6667	236326070.0000	139358830.6895	1399130.0000	1030908.3435	368221.6565	1.6958	0.2632
w_take1.0_stop4.0_atr4.5_dev-1.0	202603	14	22	18	-0.2111	-3.6579	0.3571	46150690.0000	29650836.9585	-288780.0000	-375552.0850	86772.0850	1.5565	0.3005
w_take1.0_stop4.0_atr4.5_dev-1.0	202604	38	56	37	0.0262	-1.1319	0.5263	117105630.0000	79306204.1465	346530.0000	166627.8865	179902.1135	1.4766	0.5192
w_take1.0_stop4.0_atr4.5_dev-1.0	202605	32	58	46	0.1569	-1.3684	0.6875	121446300.0000	68434763.6750	860950.0000	637285.8075	223664.1925	1.7746	0.2598
w_take1.0_stop4.0_atr4.5_dev-1.0	202606	7	10	7	0.0080	-2.0442	0.4286	20560000.0000	14542981.1200	38500.0000	5565.1750	32934.8250	1.4137	0.8554
w_take1.0_stop4.0_atr4.5_dev-1.0	202608	18	26	12	0.0928	-1.3427	0.5000	54227500.0000	37311095.8250	275850.0000	216153.3625	59696.6375	1.4534	0.2164
w_take1.0_stop4.0_atr4.5_dev-1.0	202609	44	73	55	0.1552	-1.1990	0.7273	154091100.0000	93421561.1325	1143900.0000	874720.4250	269179.5750	1.6494	0.2353
w_take1.0_stop4.0_atr4.5_dev-3.0	202509	60	85	46	0.0608	-0.8685	0.5000	177805520.0000	125586755.1880	689250.0000	464320.2375	224929.7625	1.4158	0.3263
w_take1.0_stop4.0_atr4.5_dev-3.0	202510	87	133	96	0.0910	-1.1443	0.7011	277897120.0000	183760829.9905	1468860.0000	1003372.4420	465487.5580	1.5123	0.3169
w_take1.0_stop4.0_atr4.5_dev-3.0	202511	82	120	77	0.1121	-0.9687	0.6585	254580550.0000	174783213.5500	1561500.0000	1181325.1500	380174.8500	1.4566	0.2435
w_take1.0_stop4.0_atr4.5_dev-3.0	202512	120	167	92	0.0576	-0.9544	0.5250	349509580.0000	252368009.5240	1369060.0000	922941.8720	446118.1280	1.3849	0.3259
w_take1.0_stop4.0_atr4.5_dev-3.0	202601	125	218	164	0.1370	-0.8715	0.7120	455731500.0000	262497568.7300	2980550.0000	2187864.8525	792685.1475	1.7361	0.2660
w_take1.0_stop4.0_atr4.5_dev-3.0	202602	67	113	76	0.1067	-1.1589	0.6567	238479470.0000	141528356.0695	1283530.0000	910567.7235	372962.2765	1.6850	0.2906
w_take1.0_stop4.0_atr4.5_dev-3.0	202603	15	23	19	-0.2519	-4.1353	0.3333	48313690.0000	31814161.4085	-391280.0000	-482397.2100	91117.2100	1.5186	0.2329
w_take1.0_stop4.0_atr4.5_dev-3.0	202604	38	56	37	0.0262	-1.1319	0.5263	117105630.0000	79306204.1465	346530.0000	166627.8865	179902.1135	1.4766	0.5192
w_take1.0_stop4.0_atr4.5_dev-3.0	202605	32	58	46	0.1569	-1.3684	0.6875	121446300.0000	68434763.6750	860950.0000	637285.8075	223664.1925	1.7746	0.2598
w_take1.0_stop4.0_atr4.5_dev-3.0	202606	8	11	7	0.0070	-2.2812	0.3750	22704400.0000	16687702.7800	38500.0000	5565.1750	32934.8250	1.3605	0.8554
w_take1.0_stop4.0_atr4.5_dev-3.0	202608	19	30	15	0.1115	-1.3245	0.5263	62412500.0000	39391407.8250	345850.0000	271961.3625	73888.6375	1.5844	0.2136
w_take1.0_stop4.0_atr4.5_dev-3.0	202609	46	77	58	0.1594	-1.1707	0.7174	161631100.0000	96937088.3825	1218900.0000	935690.1750	283209.8250	1.6674	0.2323
w_take1.0_stop4.0_atr4.5_dev0.0	202509	54	72	35	0.0738	-0.8685	0.4815	150338870.0000	112940158.4830	676700.0000	505347.0850	171352.9150	1.3311	0.2532
w_take1.0_stop4.0_atr4.5_dev0.0	202510	78	114	78	0.0851	-1.1604	0.6282	237517730.0000	164241912.5920	1220450.0000	843351.8775	377098.1225	1.4461	0.3090
w_take1.0_stop4.0_atr4.5_dev0.0	202511	72	106	70	0.1149	-0.9320	0.6806	224980950.0000	153645343.3450	1410300.0000	1064163.8600	346136.1400	1.4643	0.2454
w_take1.0_stop4.0_atr4.5_dev0.0	202512	113	155	81	0.0897	-0.8940	0.5221	325175670.0000	238224078.2525	1686860.0000	1291323.1180	395536.8820	1.3650	0.2345
w_take1.0_stop4.0_atr4.5_dev0.0	202601	122	214	159	0.1439	-0.8595	0.7131	447699700.0000	256524522.9075	3019700.0000	2249160.9850	770539.0150	1.7453	0.2552
w_take1.0_stop4.0_atr4.5_dev0.0	202602	64	106	70	0.1107	-1.1392	0.6719	223663070.0000	135176203.3895	1246130.0000	902697.7935	343432.2065	1.6546	0.2756
w_take1.0_stop4.0_atr4.5_dev0.0	202603	11	17	15	-0.2301	-4.1353	0.3636	35354400.0000	23157773.1450	-248100.0000	-320048.0950	71948.0950	1.5267	0.2900
w_take1.0_stop4.0_atr4.5_dev0.0	202604	35	53	35	0.0468	-1.1296	0.5143	111783130.0000	73774274.4815	384530.0000	212177.5865	172352.4135	1.5152	0.4482
w_take1.0_stop4.0_atr4.5_dev0.0	202605	31	56	44	0.1529	-1.3684	0.6774	117116700.0000	66259437.4250	814000.0000	600394.8300	213605.1700	1.7675	0.2624
w_take1.0_stop4.0_atr4.5_dev0.0	202606	7	10	7	0.0080	-2.0442	0.4286	20560000.0000	14542981.1200	38500.0000	5565.1750	32934.8250	1.4137	0.8554
w_take1.0_stop4.0_atr4.5_dev0.0	202608	17	24	11	0.0891	-1.3609	0.4706	49911100.0000	35149371.6150	250600.0000	195928.8700	54671.1300	1.4200	0.2182
w_take1.0_stop4.0_atr4.5_dev0.0	202609	43	71	53	0.1512	-1.1844	0.6977	149991100.0000	91341249.1325	1093900.0000	834257.9250	259642.0750	1.6421	0.2374
w_take1.0_stop4.0_atr5.0_dev-1.0	202509	67	95	50	0.0633	-1.0017	0.4925	198596620.0000	140135237.1330	788850.0000	543585.2375	245264.7625	1.4172	0.3109
w_take1.0_stop4.0_atr5.0_dev-1.0	202510	92	144	101	0.1100	-1.1604	0.7065	301716150.0000	194558759.4370	1783050.0000	1291644.4795	491405.5205	1.5508	0.2756
w_take1.0_stop4.0_atr5.0_dev-1.0	202511	105	162	106	0.1169	-1.1215	0.6762	339930812.0000	221202875.4550	2104238.0000	1588100.2507	516137.7493	1.5367	0.2453
w_take1.0_stop4.0_atr5.0_dev-1.0	202512	129	175	95	0.0657	-0.9547	0.5116	365732980.0000	271151726.6590	1559160.0000	1097589.5470	461570.4530	1.3488	0.2960
w_take1.0_stop4.0_atr5.0_dev-1.0	202601	141	254	194	0.1386	-0.8818	0.7234	528894700.0000	294919331.2650	3420450.0000	2486911.6775	933538.3225	1.7934	0.2729
w_take1.0_stop4.0_atr5.0_dev-1.0	202602	80	132	85	0.1183	-1.1939	0.6375	278071970.0000	168935466.5195	1620730.0000	1204469.9735	416260.0265	1.6460	0.2568
w_take1.0_stop4.0_atr5.0_dev-1.0	202603	22	37	29	-0.2016	-3.6239	0.3182	77011290.0000	46280631.0535	-420330.0000	-558235.6375	137905.6375	1.6640	0.3281
w_take1.0_stop4.0_atr5.0_dev-1.0	202604	54	83	55	0.0408	-0.9396	0.5556	173056530.0000	112600597.5565	582030.0000	315844.4415	266185.5585	1.5369	0.4573
w_take1.0_stop4.0_atr5.0_dev-1.0	202605	48	88	68	0.1469	-1.4193	0.6667	181018250.0000	101216180.1500	1203000.0000	878745.9000	324254.1000	1.7884	0.2695
w_take1.0_stop4.0_atr5.0_dev-1.0	202606	8	14	10	0.0564	-1.7874	0.5000	29126800.0000	16699304.5200	104500.0000	56678.4350	47821.5650	1.7442	0.4576
w_take1.0_stop4.0_atr5.0_dev-1.0	202607	2	8	6	0.4192	-1.7981	1.0000	17329600.0000	4341621.1455	139410.0000	109234.5335	30175.4665	3.9915	0.2165
w_take1.0_stop4.0_atr5.0_dev-1.0	202608	39	56	34	0.0853	-1.2693	0.5641	118450100.0000	82476619.6375	597050.0000	428526.0975	168523.9025	1.4362	0.2823
w_take1.0_stop4.0_atr5.0_dev-1.0	202609	62	107	81	0.1682	-1.1233	0.7258	224656400.0000	131003197.5325	1725800.0000	1330133.1900	395666.8100	1.7149	0.2293
w_take1.0_stop4.0_atr5.0_dev-3.0	202509	70	102	57	0.0624	-0.9829	0.5143	213261320.0000	146460585.7930	841650.0000	562614.4375	279035.5625	1.4561	0.3315
w_take1.0_stop4.0_atr5.0_dev-3.0	202510	97	152	109	0.1015	-1.1710	0.7113	318502940.0000	205271756.1455	1782460.0000	1252449.6040	530010.3960	1.5516	0.2973
w_take1.0_stop4.0_atr5.0_dev-3.0	202511	109	168	109	0.1163	-1.1215	0.6697	352745712.0000	229737655.4800	2171438.0000	1640506.1507	530931.8493	1.5354	0.2445
w_take1.0_stop4.0_atr5.0_dev-3.0	202512	132	185	105	0.0606	-0.9544	0.5227	387134180.0000	277696508.2290	1574760.0000	1065379.2570	509380.7430	1.3941	0.3235
w_take1.0_stop4.0_atr5.0_dev-3.0	202601	142	255	194	0.1377	-0.8826	0.7183	530640700.0000	296665593.1650	3420450.0000	2486911.6775	933538.3225	1.7887	0.2729
w_take1.0_stop4.0_atr5.0_dev-3.0	202602	81	133	86	0.1054	-1.2152	0.6296	280225370.0000	171104991.8995	1505130.0000	1084129.3535	421000.6465	1.6377	0.2797
w_take1.0_stop4.0_atr5.0_dev-3.0	202603	24	41	32	-0.2075	-3.6239	0.3333	85665390.0000	50615681.2135	-476630.0000	-628915.4025	152285.4025	1.6925	0.3195
w_take1.0_stop4.0_atr5.0_dev-3.0	202604	54	82	55	0.0407	-0.9396	0.5556	170888430.0000	112603898.0515	582030.0000	315836.8515	266193.1485	1.5176	0.4574
w_take1.0_stop4.0_atr5.0_dev-3.0	202605	51	93	73	0.1376	-1.4799	0.6471	191647250.0000	107581934.8700	1224400.0000	875793.0300	348606.9700	1.7814	0.2847
w_take1.0_stop4.0_atr5.0_dev-3.0	202606	9	15	10	0.0502	-2.0442	0.4444	31271200.0000	18844026.1800	104500.0000	56678.4350	47821.5650	1.6595	0.4576
w_take1.0_stop4.0_atr5.0_dev-3.0	202607	2	8	6	0.4192	-1.7981	1.0000	17329600.0000	4341621.1455	139410.0000	109234.5335	30175.4665	3.9915	0.2165
w_take1.0_stop4.0_atr5.0_dev-3.0	202608	41	61	38	0.0739	-1.2693	0.5610	128166100.0000	86111164.7375	601050.0000	414901.7975	186148.2025	1.4884	0.3097
w_take1.0_stop4.0_atr5.0_dev-3.0	202609	67	117	90	0.1766	-1.1534	0.7463	244011400.0000	140766661.8325	1939800.0000	1502463.9900	437336.0100	1.7334	0.2255
w_take1.0_stop4.0_atr5.0_dev0.0	202509	64	89	46	0.0736	-0.9829	0.5000	185794670.0000	133813989.0880	829100.0000	603641.2850	225458.7150	1.3885	0.2719
w_take1.0_stop4.0_atr5.0_dev0.0	202510	87	131	90	0.0969	-1.1765	0.6437	273802950.0000	183586513.8470	1511250.0000	1074659.8595	436590.1405	1.4914	0.2889
w_take1.0_stop4.0_atr5.0_dev0.0	202511	98	152	100	0.1256	-1.0677	0.6837	319118362.0000	206926834.3700	2060988.0000	1573930.0232	487057.9768	1.5422	0.2363
w_take1.0_stop4.0_atr5.0_dev0.0	202512	124	169	90	0.0863	-0.9226	0.5161	354158770.0000	261365448.9375	1802460.0000	1363817.0680	438642.9320	1.3550	0.2434
w_take1.0_stop4.0_atr5.0_dev0.0	202601	138	250	189	0.1448	-0.8766	0.7246	520862900.0000	288946285.4425	3459600.0000	2548207.8100	911392.1900	1.8026	0.2634
w_take1.0_stop4.0_atr5.0_dev0.0	202602	77	124	79	0.1080	-1.1727	0.6364	261096070.0000	162578113.0595	1442530.0000	1056114.7235	386415.2765	1.6060	0.2679
w_take1.0_stop4.0_atr5.0_dev0.0	202603	19	32	26	-0.2111	-4.0675	0.3158	66215000.0000	39787567.2400	-379650.0000	-502731.6475	123081.6475	1.6642	0.3242
w_take1.0_stop4.0_atr5.0_dev0.0	202604	51	80	53	0.0557	-0.8746	0.5490	167734030.0000	107068667.8915	620030.0000	361394.1415	258635.8585	1.5666	0.4171
w_take1.0_stop4.0_atr5.0_dev0.0	202605	46	84	64	0.1635	-1.4193	0.6739	172381250.0000	96875129.0900	1244250.0000	939772.3125	304477.6875	1.7794	0.2447
w_take1.0_stop4.0_atr5.0_dev0.0	202606	8	14	10	0.0564	-1.7874	0.5000	29126800.0000	16699304.5200	104500.0000	56678.4350	47821.5650	1.7442	0.4576
w_take1.0_stop4.0_atr5.0_dev0.0	202607	2	8	6	0.4192	-1.7981	1.0000	17329600.0000	4341621.1455	139410.0000	109234.5335	30175.4665	3.9915	0.2165
w_take1.0_stop4.0_atr5.0_dev0.0	202608	37	52	31	0.1023	-1.1628	0.5676	109803100.0000	78139169.1175	642250.0000	488377.8975	153872.1025	1.4052	0.2396
w_take1.0_stop4.0_atr5.0_dev0.0	202609	58	100	75	0.1633	-1.0591	0.7241	210259900.0000	122658746.0525	1578300.0000	1211430.0650	366869.9350	1.7142	0.2324
w_take1.0_stop5.0_atr4.0_dev-1.0	202509	50	69	36	0.0790	-0.8117	0.5000	144776820.0000	104983265.1280	680250.0000	503396.7075	176853.2925	1.3790	0.2600
w_take1.0_stop5.0_atr4.0_dev-1.0	202510	64	94	62	0.0896	-1.1600	0.6562	196865850.0000	135254485.1300	1036950.0000	734703.1525	302246.8475	1.4555	0.2915
w_take1.0_stop5.0_atr4.0_dev-1.0	202511	53	80	59	0.1273	-0.9685	0.7358	170229600.0000	113473668.4975	1159300.0000	867313.8650	291986.1350	1.5002	0.2519
w_take1.0_stop5.0_atr4.0_dev-1.0	202512	90	122	63	0.0933	-0.7564	0.5111	258165730.0000	191140626.7940	1392160.0000	1082007.8130	310152.1870	1.3507	0.2228
w_take1.0_stop5.0_atr4.0_dev-1.0	202601	84	147	107	0.1652	-0.7315	0.7381	311368200.0000	178962840.4000	2302250.0000	1776870.7675	525379.2325	1.7398	0.2282
w_take1.0_stop5.0_atr4.0_dev-1.0	202602	32	50	31	0.1487	-1.2486	0.6875	106066770.0000	67668678.7795	757780.0000	604441.0710	153338.9290	1.5674	0.2024
w_take1.0_stop5.0_atr4.0_dev-1.0	202603	4	6	3	-0.1647	-2.4969	0.2500	12856400.0000	8594588.9950	-69950.0000	-84638.7475	14688.7475	1.4959	0.2100
w_take1.0_stop5.0_atr4.0_dev-1.0	202604	25	33	21	0.0707	-0.9960	0.5600	70024330.0000	53282601.1915	328830.0000	225193.0015	103636.9985	1.3142	0.3152
w_take1.0_stop5.0_atr4.0_dev-1.0	202605	22	42	35	0.2169	-1.3550	0.7727	87240400.0000	46928188.1725	774250.0000	604980.4525	169269.5475	1.8590	0.2186
w_take1.0_stop5.0_atr4.0_dev-1.0	202606	5	8	6	0.1578	-0.8073	0.6000	16474200.0000	10427963.9600	125400.0000	97065.1000	28334.9000	1.5798	0.2260
w_take1.0_stop5.0_atr4.0_dev-1.0	202608	6	10	6	0.1313	-0.9788	0.6667	20620200.0000	12273240.7100	132100.0000	102268.5750	29831.4250	1.6801	0.2258
w_take1.0_stop5.0_atr4.0_dev-1.0	202609	36	61	48	0.1602	-1.1707	0.7778	128887500.0000	76536728.7875	974100.0000	739166.5650	234933.4350	1.6840	0.2412
w_take1.0_stop5.0_atr4.0_dev-3.0	202509	52	74	40	0.0887	-0.7618	0.5192	155287120.0000	109227501.6680	785050.0000	588575.2575	196474.7425	1.4217	0.2503
w_take1.0_stop5.0_atr4.0_dev-3.0	202510	67	100	67	0.1029	-1.1436	0.6866	209368400.0000	141630991.4625	1208200.0000	881822.8600	326377.1400	1.4783	0.2701
w_take1.0_stop5.0_atr4.0_dev-3.0	202511	56	85	61	0.1254	-0.9687	0.7143	180947500.0000	119898532.0825	1204900.0000	902939.6250	301960.3750	1.5092	0.2506
w_take1.0_stop5.0_atr4.0_dev-3.0	202512	90	122	64	0.0825	-0.7564	0.5111	258179730.0000	191154628.8940	1272160.0000	957863.6130	314296.3870	1.3506	0.2471
w_take1.0_stop5.0_atr4.0_dev-3.0	202601	84	147	107	0.1652	-0.7315	0.7381	311368200.0000	178962840.4000	2302250.0000	1776870.7675	525379.2325	1.7398	0.2282
w_take1.0_stop5.0_atr4.0_dev-3.0	202602	32	50	31	0.1487	-1.2486	0.6875	106066770.0000	67668678.7795	757780.0000	604441.0710	153338.9290	1.5674	0.2024
w_take1.0_stop5.0_atr4.0_dev-3.0	202603	5	7	4	-0.2964	-3.1804	0.2000	15019400.0000	10757913.4450	-172450.0000	-191483.8725	19033.8725	1.3961	0.1104
w_take1.0_stop5.0_atr4.0_dev-3.0	202604	25	33	21	0.0707	-0.9960	0.5600	70024330.0000	53282601.1915	328830.0000	225193.0015	103636.9985	1.3142	0.3152
w_take1.0_stop5.0_atr4.0_dev-3.0	202605	22	42	35	0.2169	-1.3550	0.7727	87240400.0000	46928188.1725	774250.0000	604980.4525	169269.5475	1.8590	0.2186
w_take1.0_stop5.0_atr4.0_dev-3.0	202606	6	9	6	0.1315	-1.4258	0.5000	18618600.0000	12572685.6200	125400.0000	97065.1000	28334.9000	1.4809	0.2260
w_take1.0_stop5.0_atr4.0_dev-3.0	202608	6	10	6	0.1313	-0.9788	0.6667	20620200.0000	12273240.7100	132100.0000	102268.5750	29831.4250	1.6801	0.2258
w_take1.0_stop5.0_atr4.0_dev-3.0	202609	37	62	48	0.1559	-1.1569	0.7568	130397500.0000	78046955.2875	974100.0000	739166.5650	234933.4350	1.6708	0.2412
w_take1.0_stop5.0_atr4.0_dev0.0	202509	47	63	32	0.0940	-0.7744	0.5106	131974870.0000	98662017.0830	720500.0000	563452.7550	157047.2450	1.3376	0.2180
w_take1.0_stop5.0_atr4.0_dev0.0	202510	62	87	56	0.0792	-1.1600	0.6129	181740950.0000	130899431.9700	899550.0000	627372.0625	272177.9375	1.3884	0.3026
w_take1.0_stop5.0_atr4.0_dev0.0	202511	50	76	56	0.1272	-0.9516	0.7400	161912300.0000	107236533.0675	1096900.0000	819268.2350	277631.7650	1.5099	0.2531
w_take1.0_stop5.0_atr4.0_dev0.0	202512	88	119	61	0.0921	-0.7521	0.5000	251851320.0000	186850973.4425	1345860.0000	1045439.2980	300420.7020	1.3479	0.2232
w_take1.0_stop5.0_atr4.0_dev0.0	202601	82	144	104	0.1781	-0.7315	0.7439	305130400.0000	174784063.6775	2381600.0000	1870078.6700	511521.3300	1.7458	0.2148
w_take1.0_stop5.0_atr4.0_dev0.0	202602	31	49	31	0.1535	-1.2152	0.7097	104038770.0000	65640374.5795	757780.0000	604441.0710	153338.9290	1.5850	0.2024
w_take1.0_stop5.0_atr4.0_dev0.0	202603	3	5	3	-0.2196	-3.1804	0.3333	10694800.0000	6432664.7550	-69950.0000	-84638.7475	14688.7475	1.6626	0.2100
w_take1.0_stop5.0_atr4.0_dev0.0	202604	23	31	20	0.0714	-0.8746	0.5217	65982830.0000	49073869.9765	308830.0000	209824.5015	99005.4985	1.3446	0.3206
w_take1.0_stop5.0_atr4.0_dev0.0	202605	21	40	33	0.2137	-1.3456	0.7619	82910800.0000	44752861.9225	727300.0000	568089.4750	159210.5250	1.8526	0.2189
w_take1.0_stop5.0_atr4.0_dev0.0	202606	5	8	6	0.1578	-0.8073	0.6000	16474200.0000	10427963.9600	125400.0000	97065.1000	28334.9000	1.5798	0.2260
w_take1.0_stop5.0_atr4.0_dev0.0	202608	6	10	6	0.1313	-0.9788	0.6667	20620200.0000	12273240.7100	132100.0000	102268.5750	29831.4250	1.6801	0.2258
w_take1.0_stop5.0_atr4.0_dev0.0	202609	35	59	47	0.1607	-1.1569	0.7714	124620900.0000	74394007.4275	950700.0000	720702.5350	229997.4650	1.6751	0.2419
w_take1.0_stop5.0_atr4.5_dev-1.0	202509	55	75	37	0.0741	-0.8881	0.4727	156910820.0000	115052375.2680	701250.0000	519598.8375	181651.1625	1.3638	0.2590
w_take1.0_stop5.0_atr4.5_dev-1.0	202510	78	120	83	0.1092	-1.2406	0.7051	250626030.0000	164455644.6470	1484550.0000	1082029.1125	402520.8875	1.5240	0.2711
w_take1.0_stop5.0_atr4.5_dev-1.0	202511	70	105	70	0.1030	-1.0032	0.6857	222561250.0000	149058855.4750	1273000.0000	927857.6800	345142.3200	1.4931	0.2711
w_take1.0_stop5.0_atr4.5_dev-1.0	202512	111	153	80	0.0982	-0.8940	0.5315	320260080.0000	233385062.5090	1780560.0000	1389927.4330	390632.5670	1.3722	0.2194
w_take1.0_stop5.0_atr4.5_dev-1.0	202601	120	213	160	0.1663	-0.8595	0.7500	445475200.0000	252087907.5150	3312050.0000	2537505.6875	774544.3125	1.7671	0.2339
w_take1.0_stop5.0_atr4.5_dev-1.0	202602	62	103	69	0.1544	-1.2193	0.7097	217314170.0000	130905762.9195	1558980.0000	1219711.4910	339268.5090	1.6601	0.2176
w_take1.0_stop5.0_atr4.5_dev-1.0	202603	12	20	16	-0.1777	-3.0585	0.4167	42032750.0000	25332949.3725	-189750.0000	-266805.3475	77055.3475	1.6592	0.4061
w_take1.0_stop5.0_atr4.5_dev-1.0	202604	35	53	33	0.0865	-1.1296	0.5714	111665930.0000	73776874.8715	549430.0000	386588.2115	162841.7885	1.5136	0.2964
w_take1.0_stop5.0_atr4.5_dev-1.0	202605	32	58	46	0.1511	-1.3684	0.6875	121446300.0000	68434763.6750	836550.0000	612938.2675	223611.7325	1.7746	0.2673
w_take1.0_stop5.0_atr4.5_dev-1.0	202606	6	9	6	0.1315	-1.4258	0.5000	18507400.0000	12461468.9400	125400.0000	97065.1000	28334.9000	1.4852	0.2260
w_take1.0_stop5.0_atr4.5_dev-1.0	202608	18	26	12	0.0928	-1.3427	0.5000	54227500.0000	37311095.8250	275850.0000	216153.3625	59696.6375	1.4534	0.2164
w_take1.0_stop5.0_atr4.5_dev-1.0	202609	44	73	55	0.1552	-1.1990	0.7273	154091100.0000	93421561.1325	1143900.0000	874720.4250	269179.5750	1.6494	0.2353
w_take1.0_stop5.0_atr4.5_dev-3.0	202509	57	80	41	0.0832	-0.8489	0.4912	167421120.0000	119296611.8080	806050.0000	604777.3875	201272.6125	1.4034	0.2497
w_take1.0_stop5.0_atr4.5_dev-3.0	202510	81	126	88	0.1195	-1.1765	0.7284	263128580.0000	170832150.9795	1655800.0000	1229148.8200	426651.1800	1.5403	0.2577
w_take1.0_stop5.0_atr4.5_dev-3.0	202511	75	112	73	0.1016	-1.0377	0.6667	237511150.0000	159728955.7500	1340200.0000	980263.5800	359936.4200	1.4870	0.2686
w_take1.0_stop5.0_atr4.5_dev-3.0	202512	112	156	84	0.0819	-0.9226	0.5357	326677780.0000	235645401.5090	1602560.0000	1194064.2330	408495.7670	1.3863	0.2549
w_take1.0_stop5.0_atr4.5_dev-3.0	202601	121	214	161	0.1576	-0.8715	0.7438	447518800.0000	254131814.0550	3208850.0000	2429827.2875	779022.7125	1.7610	0.2428
w_take1.0_stop5.0_atr4.5_dev-3.0	202602	63	104	70	0.1373	-1.2235	0.6984	219467570.0000	133075288.2995	1443380.0000	1099370.8710	344009.1290	1.6492	0.2383
w_take1.0_stop5.0_atr4.5_dev-3.0	202603	13	21	17	-0.2274	-3.1804	0.3846	44195750.0000	27496273.8225	-292250.0000	-373650.4725	81400.4725	1.6073	0.2785
w_take1.0_stop5.0_atr4.5_dev-3.0	202604	35	53	33	0.0865	-1.1296	0.5714	111665930.0000	73776874.8715	549430.0000	386588.2115	162841.7885	1.5136	0.2964
w_take1.0_stop5.0_atr4.5_dev-3.0	202605	32	58	46	0.1511	-1.3684	0.6875	121446300.0000	68434763.6750	836550.0000	612938.2675	223611.7325	1.7746	0.2673
w_take1.0_stop5.0_atr4.5_dev-3.0	202606	7	10	6	0.1127	-2.0442	0.4286	20651800.0000	14606190.6000	125400.0000	97065.1000	28334.9000	1.4139	0.2260
w_take1.0_stop5.0_atr4.5_dev-3.0	202608	19	30	15	0.1115	-1.3245	0.5263	62412500.0000	39391407.8250	345850.0000	271961.3625	73888.6375	1.5844	0.2136
w_take1.0_stop5.0_atr4.5_dev-3.0	202609	46	77	58	0.1594	-1.1707	0.7174	161631100.0000	96937088.3825	1218900.0000	935690.1750	283209.8250	1.6674	0.2323
w_take1.0_stop5.0_atr4.5_dev0.0	202509	52	69	33	0.0875	-0.8685	0.4808	144108870.0000	108731127.2230	741500.0000	579654.8850	161845.1150	1.3254	0.2183
w_take1.0_stop5.0_atr4.5_dev0.0	202510	76	113	77	0.1013	-1.2406	0.6711	235501130.0000	160100591.4870	1347150.0000	974698.0225	372451.9775	1.4710	0.2765
w_take1.0_stop5.0_atr4.5_dev0.0	202511	66	99	66	0.1014	-0.9516	0.6818	210031450.0000	140711303.5300	1189000.0000	863102.2900	325897.7100	1.4926	0.2741
w_take1.0_stop5.0_atr4.5_dev0.0	202512	108	149	78	0.0983	-0.8905	0.5278	312298670.0000	227448162.1075	1734260.0000	1353358.9180	380901.0820	1.3731	0.2196
w_take1.0_stop5.0_atr4.5_dev0.0	202601	117	209	155	0.1744	-0.8475	0.7436	437443400.0000	246114861.6925	3353400.0000	2600997.0900	752402.9100	1.7774	0.2244
w_take1.0_stop5.0_atr4.5_dev0.0	202602	61	102	69	0.1569	-1.2152	0.7213	215286170.0000	128877458.7195	1558980.0000	1219711.4910	339268.5090	1.6705	0.2176
w_take1.0_stop5.0_atr4.5_dev0.0	202603	10	16	14	-0.2403	-4.0965	0.4000	33401900.0000	21012451.3950	-234750.0000	-301793.2975	67043.2975	1.5896	0.2856
w_take1.0_stop5.0_atr4.5_dev0.0	202604	33	51	32	0.0879	-0.9960	0.5455	107624430.0000	69568143.6565	529430.0000	371219.7115	158210.2885	1.5470	0.2988
w_take1.0_stop5.0_atr4.5_dev0.0	202605	31	56	44	0.1468	-1.3684	0.6774	117116700.0000	66259437.4250	789600.0000	576047.2900	213552.7100	1.7675	0.2705
w_take1.0_stop5.0_atr4.5_dev0.0	202606	6	9	6	0.1315	-1.4258	0.5000	18507400.0000	12461468.9400	125400.0000	97065.1000	28334.9000	1.4852	0.2260
w_take1.0_stop5.0_atr4.5_dev0.0	202608	17	24	11	0.0891	-1.3609	0.4706	49911100.0000	35149371.6150	250600.0000	195928.8700	54671.1300	1.4200	0.2182
w_take1.0_stop5.0_atr4.5_dev0.0	202609	43	71	53	0.1512	-1.1844	0.6977	149991100.0000	91341249.1325	1093900.0000	834257.9250	259642.0750	1.6421	0.2374
w_take1.0_stop5.0_atr5.0_dev-1.0	202509	63	89	46	0.0812	-1.0017	0.4921	186023820.0000	131559150.9130	877150.0000	651434.6825	225715.3175	1.4140	0.2573
w_take1.0_stop5.0_atr5.0_dev-1.0	202510	87	137	95	0.1185	-1.2407	0.7126	286911250.0000	183800245.9020	1775350.0000	1313337.0945	462012.9055	1.5610	0.2602
w_take1.0_stop5.0_atr5.0_dev-1.0	202511	97	153	99	0.1140	-1.1421	0.6907	320726412.0000	204013297.4050	1907438.0000	1425273.3557	482164.6443	1.5721	0.2528
w_take1.0_stop5.0_atr5.0_dev-1.0	202512	122	167	89	0.0927	-0.9226	0.5246	348735180.0000	256051361.9440	1902160.0000	1469500.9830	432659.0170	1.3620	0.2275
w_take1.0_stop5.0_atr5.0_dev-1.0	202601	135	248	189	0.1636	-0.8818	0.7556	516715400.0000	282586381.6000	3713450.0000	2802558.1875	910891.8125	1.8285	0.2453
w_take1.0_stop5.0_atr5.0_dev-1.0	202602	75	122	79	0.1461	-1.2821	0.6800	256980070.0000	158402086.7495	1780580.0000	1393273.1210	387306.8790	1.6223	0.2175
w_take1.0_stop5.0_atr5.0_dev-1.0	202603	20	35	26	-0.1606	-3.1450	0.4000	72893350.0000	41962743.4675	-274000.0000	-397426.0950	123426.0950	1.7371	0.4505
w_take1.0_stop5.0_atr5.0_dev-1.0	202604	51	80	52	0.0766	-0.8746	0.5686	167616830.0000	107098772.4065	749030.0000	495117.4515	253912.5485	1.5651	0.3390
w_take1.0_stop5.0_atr5.0_dev-1.0	202605	47	86	67	0.1269	-1.4085	0.6596	176682050.0000	99019450.6900	1058000.0000	739147.7800	318852.2200	1.7843	0.3014
w_take1.0_stop5.0_atr5.0_dev-1.0	202606	7	13	9	0.1691	-1.5306	0.5714	27074200.0000	14617792.3400	191400.0000	148178.3600	43221.6400	1.8521	0.2258
w_take1.0_stop5.0_atr5.0_dev-1.0	202607	2	8	6	0.4192	-1.7981	1.0000	17329600.0000	4341621.1455	139410.0000	109234.5335	30175.4665	3.9915	0.2165
w_take1.0_stop5.0_atr5.0_dev-1.0	202608	38	55	33	0.1069	-1.2160	0.5789	116277600.0000	80303793.7625	688250.0000	524365.5375	163884.4625	1.4480	0.2381
w_take1.0_stop5.0_atr5.0_dev-1.0	202609	61	106	81	0.1709	-1.0933	0.7377	222488900.0000	128803667.6525	1724900.0000	1329396.3550	395503.6450	1.7273	0.2293
w_take1.0_stop5.0_atr5.0_dev-3.0	202509	65	94	50	0.0890	-0.9642	0.5077	196534120.0000	135803387.4530	981950.0000	736613.2325	245336.7675	1.4472	0.2498
w_take1.0_stop5.0_atr5.0_dev-3.0	202510	90	143	100	0.1275	-1.2084	0.7333	299413800.0000	190176752.2345	1946600.0000	1460456.8020	486143.1980	1.5744	0.2497
w_take1.0_stop5.0_atr5.0_dev-3.0	202511	101	159	102	0.1135	-1.1421	0.6832	333541312.0000	212548077.4300	1974638.0000	1477679.2557	496958.7443	1.5693	0.2517
w_take1.0_stop5.0_atr5.0_dev-3.0	202512	124	174	97	0.0826	-0.9226	0.5323	363794380.0000	260460823.2640	1830260.0000	1359634.2180	470625.7820	1.3967	0.2571
w_take1.0_stop5.0_atr5.0_dev-3.0	202601	137	250	190	0.1548	-0.8833	0.7445	520505000.0000	286376550.0400	3610250.0000	2694879.7875	915370.2125	1.8176	0.2535
w_take1.0_stop5.0_atr5.0_dev-3.0	202602	76	123	80	0.1320	-1.3122	0.6711	259133470.0000	160571612.1295	1664980.0000	1272932.5010	392047.4990	1.6138	0.2355
w_take1.0_stop5.0_atr5.0_dev-3.0	202603	22	39	29	-0.1708	-3.1450	0.4091	81547450.0000	46297793.6275	-330300.0000	-468105.8600	137805.8600	1.7614	0.4172
w_take1.0_stop5.0_atr5.0_dev-3.0	202604	51	79	52	0.0766	-0.8746	0.5686	165448730.0000	107102072.9015	749030.0000	495109.8615	253920.1385	1.5448	0.3390
w_take1.0_stop5.0_atr5.0_dev-3.0	202605	48	87	67	0.1242	-1.4193	0.6458	178816850.0000	101154570.9100	1058000.0000	739147.7800	318852.2200	1.7678	0.3014
w_take1.0_stop5.0_atr5.0_dev-3.0	202606	8	14	9	0.1480	-1.7874	0.5000	29218600.0000	16762514.0000	191400.0000	148178.3600	43221.6400	1.7431	0.2258
w_take1.0_stop5.0_atr5.0_dev-3.0	202607	2	8	6	0.4192	-1.7981	1.0000	17329600.0000	4341621.1455	139410.0000	109234.5335	30175.4665	3.9915	0.2165
w_take1.0_stop5.0_atr5.0_dev-3.0	202608	39	59	36	0.1156	-1.1628	0.5897	124462600.0000	82384105.7625	758250.0000	580173.5375	178076.4625	1.5108	0.2349
w_take1.0_stop5.0_atr5.0_dev-3.0	202609	66	116	90	0.1793	-1.1251	0.7576	241843900.0000	138567131.9525	1938900.0000	1501727.1550	437172.8450	1.7453	0.2255
w_take1.0_stop5.0_atr5.0_dev0.0	202509	60	83	42	0.0931	-0.9829	0.5000	173221870.0000	125237902.8680	917400.0000	711490.7300	205909.2700	1.3831	0.2244
w_take1.0_stop5.0_atr5.0_dev0.0	202510	85	130	89	0.1116	-1.2407	0.6824	271786350.0000	179445192.7420	1637950.0000	1206006.0045	431943.9955	1.5146	0.2637
w_take1.0_stop5.0_atr5.0_dev0.0	202511	91	144	93	0.1239	-1.0938	0.6923	302033862.0000	191857474.3050	1884188.0000	1431060.1282	453127.8718	1.5743	0.2405
w_take1.0_stop5.0_atr5.0_dev0.0	202512	118	162	86	0.1016	-0.8905	0.5254	339191770.0000	248424208.0425	1949860.0000	1530617.3680	419242.6320	1.3654	0.2150
w_take1.0_stop5.0_atr5.0_dev0.0	202601	132	244	184	0.1707	-0.8766	0.7500	508683600.0000	276613335.7775	3754800.0000	2866049.5900	888750.4100	1.8390	0.2367
w_take1.0_stop5.0_atr5.0_dev0.0	202602	73	119	78	0.1480	-1.2235	0.6849	250639170.0000	154199056.3895	1755380.0000	1373128.4210	382251.5790	1.6254	0.2178
w_take1.0_stop5.0_atr5.0_dev0.0	202603	18	31	24	-0.1934	-3.6239	0.3889	64262500.0000	37642245.4900	-319000.0000	-432414.0450	113414.0450	1.7072	0.3555
w_take1.0_stop5.0_atr5.0_dev0.0	202604	49	78	51	0.0772	-0.8383	0.5510	163575330.0000	102890041.1915	729030.0000	479748.9515	249281.0485	1.5898	0.3419
w_take1.0_stop5.0_atr5.0_dev0.0	202605	45	82	63	0.1463	-1.4085	0.6667	168045050.0000	94678399.6300	1119050.0000	819931.6225	299118.3775	1.7749	0.2673
w_take1.0_stop5.0_atr5.0_dev0.0	202606	7	13	9	0.1691	-1.5306	0.5714	27074200.0000	14617792.3400	191400.0000	148178.3600	43221.6400	1.8521	0.2258
w_take1.0_stop5.0_atr5.0_dev0.0	202607	2	8	6	0.4192	-1.7981	1.0000	17329600.0000	4341621.1455	139410.0000	109234.5335	30175.4665	3.9915	0.2165
w_take1.0_stop5.0_atr5.0_dev0.0	202608	37	52	31	0.1023	-1.1628	0.5676	109803100.0000	78139169.1175	642250.0000	488377.8975	153872.1025	1.4052	0.2396
w_take1.0_stop5.0_atr5.0_dev0.0	202609	58	100	76	0.1656	-1.0591	0.7241	210259900.0000	122658746.0525	1599900.0000	1228148.1050	371751.8950	1.7142	0.2324
w_take1.2_stop3.0_atr4.0_dev-1.0	202509	54	66	30	0.0489	-0.9310	0.3704	138466920.0000	113334417.6130	484700.0000	336783.5750	147916.4250	1.2218	0.3052
w_take1.2_stop3.0_atr4.0_dev-1.0	202510	68	88	54	0.0467	-1.1016	0.4853	184712100.0000	143875028.0175	674200.0000	410373.4850	263826.5150	1.2838	0.3913
w_take1.2_stop3.0_atr4.0_dev-1.0	202511	64	86	55	0.1220	-0.7856	0.6094	183323870.0000	137382294.2535	1280840.0000	1007400.8500	273439.1500	1.3344	0.2135
w_take1.2_stop3.0_atr4.0_dev-1.0	202512	104	128	63	0.0436	-0.7399	0.4231	269828170.0000	220207746.2080	889990.0000	581959.6085	308030.3915	1.2253	0.3461
w_take1.2_stop3.0_atr4.0_dev-1.0	202601	86	136	91	0.1417	-0.7145	0.6628	288068950.0000	182940736.9950	2014650.0000	1567768.1425	446881.8575	1.5747	0.2218
w_take1.2_stop3.0_atr4.0_dev-1.0	202602	35	47	27	0.0464	-0.9747	0.4286	99802260.0000	73989326.7345	334900.0000	201718.0430	133181.9570	1.3489	0.3977
w_take1.2_stop3.0_atr4.0_dev-1.0	202603	5	7	4	-0.1981	-3.1804	0.2000	14816400.0000	10739910.7450	-107700.0000	-127241.0850	19541.0850	1.3796	0.1814
w_take1.2_stop3.0_atr4.0_dev-1.0	202604	28	34	21	0.0425	-0.8505	0.4286	72100730.0000	59720166.6815	254690.0000	151225.5125	103464.4875	1.2073	0.4062
w_take1.2_stop3.0_atr4.0_dev-1.0	202605	25	39	33	0.1482	-1.3514	0.6800	81275300.0000	53305144.5725	627600.0000	468053.6700	159546.3300	1.5247	0.2542
w_take1.2_stop3.0_atr4.0_dev-1.0	202606	5	5	3	-0.0451	-2.0442	0.4000	10436300.0000	10465369.5700	-14300.0000	-28495.4450	14195.4450	0.9972	0.9927
w_take1.2_stop3.0_atr4.0_dev-1.0	202608	6	10	6	0.1678	-0.9788	0.6667	20620200.0000	12273240.7100	160600.0000	130707.3000	29892.7000	1.6801	0.1861
w_take1.2_stop3.0_atr4.0_dev-1.0	202609	38	57	41	0.1617	-1.0083	0.7105	120759150.0000	80793567.2175	988150.0000	787004.0625	201145.9375	1.4947	0.2036
w_take1.2_stop3.0_atr4.0_dev-3.0	202509	57	71	35	0.0478	-0.9126	0.4035	148890120.0000	119648564.5930	521500.0000	349602.6250	171897.3750	1.2444	0.3296
w_take1.2_stop3.0_atr4.0_dev-3.0	202510	73	95	60	0.0516	-1.1080	0.5205	199520190.0000	154573622.5660	777800.0000	484691.2110	293108.7890	1.2908	0.3768
w_take1.2_stop3.0_atr4.0_dev-3.0	202511	67	90	57	0.1106	-0.8104	0.5970	191871030.0000	143792915.7025	1239330.0000	956092.5115	283237.4885	1.3344	0.2285
w_take1.2_stop3.0_atr4.0_dev-3.0	202512	108	132	64	0.0374	-0.7564	0.4074	278307270.0000	228688118.0730	829990.0000	517748.5085	312241.4915	1.2170	0.3762
w_take1.2_stop3.0_atr4.0_dev-3.0	202601	87	137	91	0.1401	-0.7181	0.6552	290202250.0000	185074356.9900	2014650.0000	1567768.1425	446881.8575	1.5680	0.2218
w_take1.2_stop3.0_atr4.0_dev-3.0	202602	35	47	27	0.0464	-0.9747	0.4286	99802260.0000	73989326.7345	334900.0000	201718.0430	133181.9570	1.3489	0.3977
w_take1.2_stop3.0_atr4.0_dev-3.0	202603	6	8	5	-0.3023	-3.3759	0.1667	16979400.0000	12903235.1950	-210200.0000	-234086.2100	23886.2100	1.3159	0.1136
w_take1.2_stop3.0_atr4.0_dev-3.0	202604	28	34	21	0.0425	-0.8505	0.4286	72100730.0000	59720166.6815	254690.0000	151225.5125	103464.4875	1.2073	0.4062
w_take1.2_stop3.0_atr4.0_dev-3.0	202605	25	39	33	0.1482	-1.3514	0.6800	81275300.0000	53305144.5725	627600.0000	468053.6700	159546.3300	1.5247	0.2542
w_take1.2_stop3.0_atr4.0_dev-3.0	202606	6	6	3	-0.0376	-2.4255	0.3333	12435000.0000	12464369.3750	-14300.0000	-28495.4450	14195.4450	0.9976	0.9927
w_take1.2_stop3.0_atr4.0_dev-3.0	202608	6	10	6	0.1678	-0.9788	0.6667	20620200.0000	12273240.7100	160600.0000	130707.3000	29892.7000	1.6801	0.1861
w_take1.2_stop3.0_atr4.0_dev-3.0	202609	39	58	41	0.1576	-0.9955	0.6923	122269150.0000	82303793.7175	988150.0000	787004.0625	201145.9375	1.4856	0.2036
w_take1.2_stop3.0_atr4.0_dev0.0	202509	51	61	27	0.0562	-0.9126	0.3725	127836670.0000	107012669.4930	498900.0000	365871.5350	133028.4650	1.1946	0.2666
w_take1.2_stop3.0_atr4.0_dev0.0	202510	65	81	48	0.0319	-1.1080	0.4308	169741100.0000	137363651.4575	503400.0000	269398.8750	234001.1250	1.2357	0.4648
w_take1.2_stop3.0_atr4.0_dev0.0	202511	61	82	53	0.1224	-0.7692	0.6230	174841730.0000	130922085.3675	1226240.0000	962895.8700	263344.1300	1.3355	0.2148
w_take1.2_stop3.0_atr4.0_dev0.0	202512	98	120	59	0.0554	-0.7233	0.4286	253185510.0000	207371561.0690	985290.0000	696514.7835	288775.2165	1.2209	0.2931
w_take1.2_stop3.0_atr4.0_dev0.0	202601	81	130	87	0.1511	-0.7080	0.6790	275342700.0000	172261685.3775	2003850.0000	1575962.2225	427887.7775	1.5984	0.2135
w_take1.2_stop3.0_atr4.0_dev0.0	202602	34	46	27	0.0478	-0.9311	0.4412	97774260.0000	71961022.5345	334900.0000	201718.0430	133181.9570	1.3587	0.3977
w_take1.2_stop3.0_atr4.0_dev0.0	202603	4	6	4	-0.2477	-3.3759	0.2500	12654800.0000	8577986.5050	-107700.0000	-127241.0850	19541.0850	1.4753	0.1814
w_take1.2_stop3.0_atr4.0_dev0.0	202604	26	31	19	0.0330	-0.8505	0.4231	65949730.0000	55525037.5065	202990.0000	109101.8575	93888.1425	1.1877	0.4625
w_take1.2_stop3.0_atr4.0_dev0.0	202605	23	36	30	0.1768	-1.3456	0.6957	74882600.0000	49066408.8575	655300.0000	510397.3250	144902.6750	1.5261	0.2211
w_take1.2_stop3.0_atr4.0_dev0.0	202606	5	5	3	-0.0451	-2.0442	0.4000	10436300.0000	10465369.5700	-14300.0000	-28495.4450	14195.4450	0.9972	0.9927
w_take1.2_stop3.0_atr4.0_dev0.0	202608	6	10	6	0.1678	-0.9788	0.6667	20620200.0000	12273240.7100	160600.0000	130707.3000	29892.7000	1.6801	0.1861
w_take1.2_stop3.0_atr4.0_dev0.0	202609	37	55	40	0.1617	-0.9955	0.7027	116492550.0000	78650845.8575	962150.0000	765945.6225	196204.3775	1.4811	0.2039
w_take1.2_stop3.0_atr4.5_dev-1.0	202509	60	72	31	0.0467	-0.9568	0.3500	150588320.0000	125457635.8230	509900.0000	357176.6750	152723.3250	1.2003	0.2995
w_take1.2_stop3.0_atr4.5_dev-1.0	202510	82	110	72	0.0720	-1.1258	0.5366	230230380.0000	173063085.5695	1100600.0000	750814.4550	349785.5450	1.3303	0.3178
w_take1.2_stop3.0_atr4.5_dev-1.0	202511	87	116	68	0.0990	-0.8104	0.5517	246352520.0000	185860614.9110	1447840.0000	1111344.0300	336495.9700	1.3255	0.2324
w_take1.2_stop3.0_atr4.5_dev-1.0	202512	126	160	82	0.0505	-0.9226	0.4524	333884520.0000	264116431.5230	1234390.0000	837594.9285	396795.0715	1.2642	0.3215
w_take1.2_stop3.0_atr4.5_dev-1.0	202601	126	195	137	0.1253	-0.8339	0.6508	407715150.0000	264624987.7950	2664850.0000	2003147.9225	661702.0775	1.5407	0.2483
w_take1.2_stop3.0_atr4.5_dev-1.0	202602	68	101	66	0.0809	-1.0364	0.5294	213219860.0000	143633371.7745	1030200.0000	706840.5780	323359.4220	1.4845	0.3139
w_take1.2_stop3.0_atr4.5_dev-1.0	202603	13	19	14	-0.1544	-3.1804	0.3077	39784220.0000	27513046.3380	-186400.0000	-253808.5300	67408.5300	1.4460	0.3616
w_take1.2_stop3.0_atr4.5_dev-1.0	202604	39	51	30	0.0393	-0.9960	0.4872	106476730.0000	81507234.2515	370440.0000	224569.4900	145870.5100	1.3063	0.3938
w_take1.2_stop3.0_atr4.5_dev-1.0	202605	36	56	45	0.1020	-1.3684	0.6111	117633950.0000	76980945.4100	682250.0000	463413.6125	218836.3875	1.5281	0.3208
w_take1.2_stop3.0_atr4.5_dev-1.0	202606	6	6	4	-0.1290	-2.4756	0.3333	12469500.0000	12498874.5500	-76700.0000	-95437.6450	18737.6450	0.9976	0.2443
w_take1.2_stop3.0_atr4.5_dev-1.0	202608	21	30	17	0.1170	-1.3609	0.5238	62926350.0000	43816871.5450	402550.0000	317813.9825	84736.0175	1.4361	0.2105
w_take1.2_stop3.0_atr4.5_dev-1.0	202609	49	72	49	0.1394	-1.0212	0.6327	152380550.0000	104058156.3825	1115750.0000	875533.7825	240216.2175	1.4644	0.2153
w_take1.2_stop3.0_atr4.5_dev-3.0	202509	63	77	36	0.0459	-0.9494	0.3810	161011520.0000	131771782.8030	546700.0000	369995.7250	176704.2750	1.2219	0.3232
w_take1.2_stop3.0_atr4.5_dev-3.0	202510	87	117	78	0.0747	-1.1436	0.5632	245038470.0000	183761680.1180	1204200.0000	825132.1810	379067.8190	1.3335	0.3148
w_take1.2_stop3.0_atr4.5_dev-3.0	202511	92	122	71	0.0909	-0.9238	0.5435	259126280.0000	196516473.0500	1429730.0000	1078624.3815	351105.6185	1.3186	0.2456
w_take1.2_stop3.0_atr4.5_dev-3.0	202512	132	168	86	0.0402	-0.9531	0.4394	350895320.0000	276971459.4880	1126390.0000	711567.4285	414822.5715	1.2669	0.3683
w_take1.2_stop3.0_atr4.5_dev-3.0	202601	128	197	138	0.1188	-0.8430	0.6406	411892050.0000	268802514.3300	2597650.0000	1931392.1225	666257.8775	1.5323	0.2565
w_take1.2_stop3.0_atr4.5_dev-3.0	202602	69	102	67	0.0663	-1.0981	0.5217	215373260.0000	145802897.1545	914600.0000	586499.9580	328100.0420	1.4772	0.3587
w_take1.2_stop3.0_atr4.5_dev-3.0	202603	14	20	15	-0.2022	-3.1986	0.2857	41947220.0000	29676370.7880	-288900.0000	-360653.6550	71753.6550	1.4135	0.2484
w_take1.2_stop3.0_atr4.5_dev-3.0	202604	39	51	30	0.0393	-0.9960	0.4872	106476730.0000	81507234.2515	370440.0000	224569.4900	145870.5100	1.3063	0.3938
w_take1.2_stop3.0_atr4.5_dev-3.0	202605	36	56	45	0.1020	-1.3684	0.6111	117633950.0000	76980945.4100	682250.0000	463413.6125	218836.3875	1.5281	0.3208
w_take1.2_stop3.0_atr4.5_dev-3.0	202606	7	7	4	-0.1106	-2.8068	0.2857	14468200.0000	14497874.3550	-76700.0000	-95437.6450	18737.6450	0.9980	0.2443
w_take1.2_stop3.0_atr4.5_dev-3.0	202608	23	35	20	0.1280	-1.3609	0.5217	73246150.0000	48032303.7650	477550.0000	378611.2325	98938.7675	1.5249	0.2072
w_take1.2_stop3.0_atr4.5_dev-3.0	202609	52	77	53	0.1302	-1.0083	0.6154	161985150.0000	109638593.3225	1125950.0000	867094.2725	258855.7275	1.4774	0.2299
w_take1.2_stop3.0_atr4.5_dev0.0	202509	57	67	28	0.0532	-0.9494	0.3509	139958070.0000	119135887.7030	524100.0000	386264.6350	137835.3650	1.1748	0.2630
w_take1.2_stop3.0_atr4.5_dev0.0	202510	79	103	66	0.0608	-1.1436	0.4937	215259380.0000	166551709.0095	929800.0000	609839.8450	319960.1550	1.2924	0.3441
w_take1.2_stop3.0_atr4.5_dev0.0	202511	82	108	64	0.0968	-0.7928	0.5488	229478880.0000	175191774.8250	1341040.0000	1024381.6100	316658.3900	1.3099	0.2361
w_take1.2_stop3.0_atr4.5_dev0.0	202512	118	150	76	0.0717	-0.8899	0.4661	313956860.0000	247956747.9340	1443690.0000	1073547.9035	370142.0965	1.2662	0.2564
w_take1.2_stop3.0_atr4.5_dev0.0	202601	120	188	131	0.1293	-0.8055	0.6500	393194900.0000	252151667.0775	2610050.0000	1975638.4025	634411.5975	1.5594	0.2431
w_take1.2_stop3.0_atr4.5_dev0.0	202602	66	96	61	0.0669	-0.9497	0.5303	202665860.0000	139434742.0745	864300.0000	565898.0630	298401.9370	1.4535	0.3453
w_take1.2_stop3.0_atr4.5_dev0.0	202603	10	14	12	-0.2347	-3.3001	0.3000	28982700.0000	21021552.7600	-240400.0000	-297777.1300	57377.1300	1.3787	0.2387
w_take1.2_stop3.0_atr4.5_dev0.0	202604	36	47	27	0.0505	-0.9353	0.5000	99043730.0000	75988906.6265	364740.0000	231389.8350	133350.1650	1.3034	0.3656
w_take1.2_stop3.0_atr4.5_dev0.0	202605	34	53	42	0.1187	-1.3684	0.6176	111241250.0000	72742209.6950	709950.0000	505757.2675	204192.7325	1.5293	0.2876
w_take1.2_stop3.0_atr4.5_dev0.0	202606	6	6	4	-0.1290	-2.4756	0.3333	12469500.0000	12498874.5500	-76700.0000	-95437.6450	18737.6450	0.9976	0.2443
w_take1.2_stop3.0_atr4.5_dev0.0	202608	20	26	14	0.0948	-1.4906	0.5000	54269400.0000	41648146.2850	314450.0000	244840.8625	69609.1375	1.3030	0.2214
w_take1.2_stop3.0_atr4.5_dev0.0	202609	48	70	47	0.1355	-1.0083	0.6042	148280550.0000	101977844.3825	1065750.0000	835071.2825	230678.7175	1.4540	0.2164
w_take1.2_stop3.0_atr5.0_dev-1.0	202509	70	87	40	0.0555	-0.9723	0.3714	181886220.0000	146437482.3280	693300.0000	496284.1050	197015.8950	1.2421	0.2842
w_take1.2_stop3.0_atr5.0_dev-1.0	202510	92	127	83	0.0848	-1.1258	0.5543	266519880.0000	194584193.2515	1399610.0000	995260.5215	404349.4785	1.3697	0.2889
w_take1.2_stop3.0_atr5.0_dev-1.0	202511	120	168	103	0.0988	-1.1202	0.5583	353171282.0000	253801404.5010	2032578.0000	1530574.5707	502003.4293	1.3915	0.2470
w_take1.2_stop3.0_atr5.0_dev-1.0	202512	138	177	93	0.0498	-0.9518	0.4565	368242920.0000	288842289.8455	1345290.0000	896366.3085	448923.6915	1.2749	0.3337
w_take1.2_stop3.0_atr5.0_dev-1.0	202601	145	232	167	0.1104	-0.8715	0.6483	483010950.0000	303208074.3900	2846150.0000	2043992.0375	802157.9625	1.5930	0.2818
w_take1.2_stop3.0_atr5.0_dev-1.0	202602	83	121	76	0.0775	-1.1727	0.5060	254719560.0000	175036981.6095	1195800.0000	824520.0780	371279.9220	1.4552	0.3105
w_take1.2_stop3.0_atr5.0_dev-1.0	202603	21	32	24	-0.1762	-3.1097	0.2857	66732170.0000	44133188.9855	-348650.0000	-462995.7375	114345.7375	1.5121	0.3280
w_take1.2_stop3.0_atr5.0_dev-1.0	202604	54	75	45	0.0508	-0.8364	0.5000	156337430.0000	112797327.0615	594340.0000	376176.5850	218163.4150	1.3860	0.3671
w_take1.2_stop3.0_atr5.0_dev-1.0	202605	55	88	71	0.0917	-1.4799	0.6000	181548350.0000	116201477.6075	955350.0000	616094.2625	339255.7375	1.5624	0.3551
w_take1.2_stop3.0_atr5.0_dev-1.0	202606	7	9	6	-0.0633	-2.0442	0.4286	18902300.0000	14655197.9500	-23900.0000	-52587.8050	28687.8050	1.2898	1.2003
w_take1.2_stop3.0_atr5.0_dev-1.0	202607	2	6	4	0.3316	-1.5903	1.0000	12989450.0000	4336470.3730	106520.0000	86385.6320	20134.3680	2.9954	0.1890
w_take1.2_stop3.0_atr5.0_dev-1.0	202608	42	58	37	0.1294	-1.2825	0.5952	122855450.0000	88891431.7150	885700.0000	701686.8050	184013.1950	1.3821	0.2078
w_take1.2_stop3.0_atr5.0_dev-1.0	202609	68	108	75	0.1446	-0.9884	0.6176	227558050.0000	144133666.8075	1622850.0000	1255847.5975	367002.4025	1.5788	0.2261
w_take1.2_stop3.0_atr5.0_dev-3.0	202509	73	92	45	0.0543	-0.9685	0.3973	192309420.0000	152751629.3080	730100.0000	509103.1550	220996.8450	1.2590	0.3027
w_take1.2_stop3.0_atr5.0_dev-3.0	202510	97	134	89	0.0865	-1.1436	0.5773	281327970.0000	205282787.8000	1503210.0000	1069578.2475	433631.7525	1.3704	0.2885
w_take1.2_stop3.0_atr5.0_dev-3.0	202511	125	174	106	0.0929	-1.1364	0.5520	365945042.0000	264457262.6400	2014468.0000	1497854.9222	516613.0778	1.3838	0.2565
w_take1.2_stop3.0_atr5.0_dev-3.0	202512	144	185	97	0.0404	-0.9540	0.4444	385253720.0000	301697317.8105	1237290.0000	770338.8085	466951.1915	1.2770	0.3774
w_take1.2_stop3.0_atr5.0_dev-3.0	202601	148	235	169	0.1002	-0.8772	0.6351	488933850.0000	309131862.8250	2720950.0000	1910345.1375	810604.8625	1.5816	0.2979
w_take1.2_stop3.0_atr5.0_dev-3.0	202602	85	125	80	0.0618	-1.2152	0.4941	262770460.0000	179215808.3395	1062700.0000	673152.8330	389547.1670	1.4662	0.3666
w_take1.2_stop3.0_atr5.0_dev-3.0	202603	23	35	26	-0.1895	-3.1097	0.3043	73224770.0000	48468239.1455	-424750.0000	-548461.4825	123711.4825	1.5108	0.2913
w_take1.2_stop3.0_atr5.0_dev-3.0	202604	54	75	45	0.0508	-0.8364	0.5000	156337430.0000	112797327.0615	594340.0000	376176.5850	218163.4150	1.3860	0.3671
w_take1.2_stop3.0_atr5.0_dev-3.0	202605	57	89	73	0.0685	-1.5478	0.5789	183666950.0000	120462716.6975	818950.0000	470344.5425	348605.4575	1.5247	0.4257
w_take1.2_stop3.0_atr5.0_dev-3.0	202606	8	10	6	-0.0553	-2.4255	0.3750	20901000.0000	16654197.7550	-23900.0000	-52587.8050	28687.8050	1.2550	1.2003
w_take1.2_stop3.0_atr5.0_dev-3.0	202607	2	6	4	0.3316	-1.5903	1.0000	12989450.0000	4336470.3730	106520.0000	86385.6320	20134.3680	2.9954	0.1890
w_take1.2_stop3.0_atr5.0_dev-3.0	202608	45	64	41	0.1151	-1.2956	0.5778	134706250.0000	94661097.0350	894700.0000	693051.7550	201648.2450	1.4230	0.2254
w_take1.2_stop3.0_atr5.0_dev-3.0	202609	74	119	85	0.1452	-1.0049	0.6351	248977650.0000	155962040.7975	1780050.0000	1366751.9375	413298.0625	1.5964	0.2322
w_take1.2_stop3.0_atr5.0_dev0.0	202509	67	82	37	0.0614	-0.9685	0.3731	171255970.0000	140115734.2080	707500.0000	525372.0650	182127.9350	1.2222	0.2574
w_take1.2_stop3.0_atr5.0_dev0.0	202510	88	118	76	0.0742	-1.1258	0.5114	247228280.0000	185906491.7915	1202210.0000	832724.9015	369485.0985	1.3299	0.3073
w_take1.2_stop3.0_atr5.0_dev0.0	202511	113	158	98	0.0941	-1.0938	0.5487	331929992.0000	238956138.0450	1844828.0000	1368601.4882	476226.5118	1.3891	0.2581
w_take1.2_stop3.0_atr5.0_dev0.0	202512	130	167	87	0.0690	-0.8921	0.4692	348315260.0000	272682606.2565	1554590.0000	1132319.2835	422270.7165	1.2774	0.2716
w_take1.2_stop3.0_atr5.0_dev0.0	202601	139	225	161	0.1132	-0.8475	0.6475	468490700.0000	290734753.6725	2791350.0000	2016482.5175	774867.4825	1.6114	0.2776
w_take1.2_stop3.0_atr5.0_dev0.0	202602	80	114	70	0.0646	-1.1658	0.5000	239852660.0000	168663625.7495	1001100.0000	659840.6030	341259.3970	1.4221	0.3409
w_take1.2_stop3.0_atr5.0_dev0.0	202603	18	27	22	-0.2244	-3.1860	0.2778	55930650.0000	37641695.4075	-402650.0000	-506964.3375	104314.3375	1.4859	0.2591
w_take1.2_stop3.0_atr5.0_dev0.0	202604	51	71	42	0.0593	-0.8345	0.5098	148904430.0000	107278999.4365	588640.0000	382996.9300	205643.0700	1.3880	0.3494
w_take1.2_stop3.0_atr5.0_dev0.0	202605	51	82	64	0.1213	-1.4301	0.6275	168709850.0000	107656095.9925	1064450.0000	759371.3775	305078.6225	1.5671	0.2866
w_take1.2_stop3.0_atr5.0_dev0.0	202606	7	9	6	-0.0633	-2.0442	0.4286	18902300.0000	14655197.9500	-23900.0000	-52587.8050	28687.8050	1.2898	1.2003
w_take1.2_stop3.0_atr5.0_dev0.0	202607	2	6	4	0.3316	-1.5903	1.0000	12989450.0000	4336470.3730	106520.0000	86385.6320	20134.3680	2.9954	0.1890
w_take1.2_stop3.0_atr5.0_dev0.0	202608	39	50	32	0.1161	-1.2693	0.5641	105582200.0000	82383355.6500	742500.0000	583570.6300	158929.3700	1.2816	0.2140
w_take1.2_stop3.0_atr5.0_dev0.0	202609	64	100	68	0.1354	-0.9616	0.5938	210999050.0000	135786714.9525	1442850.0000	1109659.3475	333190.6525	1.5539	0.2309
w_take1.2_stop4.0_atr4.0_dev-1.0	202509	50	62	27	0.0508	-0.7618	0.3600	130093120.0000	104900052.6480	457800.0000	324575.3900	133224.6100	1.2402	0.2910
w_take1.2_stop4.0_atr4.0_dev-1.0	202510	65	86	52	0.0826	-1.0951	0.5538	180338650.0000	137366001.8100	945950.0000	691539.8525	254410.1475	1.3128	0.2689
w_take1.2_stop4.0_atr4.0_dev-1.0	202511	57	76	52	0.1221	-0.9685	0.6316	161877250.0000	122298442.0150	1155700.0000	897466.9750	258233.0250	1.3236	0.2234
w_take1.2_stop4.0_atr4.0_dev-1.0	202512	94	117	56	0.0731	-0.7253	0.4468	247538610.0000	199678607.2990	1159430.0000	884288.3025	275141.6975	1.2397	0.2373
w_take1.2_stop4.0_atr4.0_dev-1.0	202601	85	135	93	0.1524	-0.7109	0.6706	285899800.0000	180797565.5675	2127850.0000	1671059.0125	456790.9875	1.5813	0.2147
w_take1.2_stop4.0_atr4.0_dev-1.0	202602	34	46	25	0.0858	-0.9929	0.5294	97636640.0000	71829682.8365	494120.0000	370512.5840	123607.4160	1.3593	0.2502
w_take1.2_stop4.0_atr4.0_dev-1.0	202603	5	7	4	-0.2363	-3.1804	0.2000	14808900.0000	10739910.7450	-132300.0000	-151788.1950	19488.1950	1.3789	0.1473
w_take1.2_stop4.0_atr4.0_dev-1.0	202604	26	32	20	0.0498	-0.9353	0.5000	67777830.0000	55396618.2465	263590.0000	165089.3275	98500.6725	1.2235	0.3737
w_take1.2_stop4.0_atr4.0_dev-1.0	202605	22	36	30	0.2191	-1.3485	0.7273	74911400.0000	46907885.1275	754000.0000	608838.2000	145161.8000	1.5970	0.1925
w_take1.2_stop4.0_atr4.0_dev-1.0	202606	5	5	3	-0.0802	-2.0442	0.4000	10433000.0000	10465369.5700	-36300.0000	-50448.1450	14148.1450	0.9969	0.3898
w_take1.2_stop4.0_atr4.0_dev-1.0	202608	6	10	6	0.1678	-0.9788	0.6667	20620200.0000	12273240.7100	160600.0000	130707.3000	29892.7000	1.6801	0.1861
w_take1.2_stop4.0_atr4.0_dev-1.0	202609	34	52	39	0.1709	-1.0230	0.7647	109947350.0000	72125067.1375	933550.0000	742480.4525	191069.5475	1.5244	0.2047
w_take1.2_stop4.0_atr4.0_dev-3.0	202509	53	67	32	0.0475	-0.7491	0.3962	140516320.0000	111214199.6280	481000.0000	323823.6800	157176.3200	1.2635	0.3268
w_take1.2_stop4.0_atr4.0_dev-3.0	202510	70	92	58	0.0696	-1.1016	0.5714	192964340.0000	148066596.6585	906510.0000	623149.0345	283360.9655	1.3032	0.3126
w_take1.2_stop4.0_atr4.0_dev-3.0	202511	60	80	53	0.1188	-0.9687	0.6167	170427250.0000	128711903.8900	1182300.0000	919093.5350	263206.4650	1.3241	0.2226
w_take1.2_stop4.0_atr4.0_dev-3.0	202512	95	120	59	0.0694	-0.7246	0.4526	253894610.0000	201827929.6490	1137430.0000	848278.0025	289151.9975	1.2580	0.2542
w_take1.2_stop4.0_atr4.0_dev-3.0	202601	85	135	93	0.1524	-0.7109	0.6706	285899800.0000	180797565.5675	2127850.0000	1671059.0125	456790.9875	1.5813	0.2147
w_take1.2_stop4.0_atr4.0_dev-3.0	202602	34	46	25	0.0858	-0.9929	0.5294	97636640.0000	71829682.8365	494120.0000	370512.5840	123607.4160	1.3593	0.2502
w_take1.2_stop4.0_atr4.0_dev-3.0	202603	6	8	5	-0.3341	-3.8011	0.1667	16971900.0000	12903235.1950	-234800.0000	-258633.3200	23833.3200	1.3153	0.1015
w_take1.2_stop4.0_atr4.0_dev-3.0	202604	26	32	20	0.0498	-0.9353	0.5000	67777830.0000	55396618.2465	263590.0000	165089.3275	98500.6725	1.2235	0.3737
w_take1.2_stop4.0_atr4.0_dev-3.0	202605	22	36	30	0.2191	-1.3485	0.7273	74911400.0000	46907885.1275	754000.0000	608838.2000	145161.8000	1.5970	0.1925
w_take1.2_stop4.0_atr4.0_dev-3.0	202606	6	6	3	-0.0668	-2.2812	0.3333	12577400.0000	12610091.2300	-36300.0000	-50448.1450	14148.1450	0.9974	0.3898
w_take1.2_stop4.0_atr4.0_dev-3.0	202608	6	10	6	0.1678	-0.9788	0.6667	20620200.0000	12273240.7100	160600.0000	130707.3000	29892.7000	1.6801	0.1861
w_take1.2_stop4.0_atr4.0_dev-3.0	202609	35	53	39	0.1660	-1.0212	0.7429	111457350.0000	73635293.6375	933550.0000	742480.4525	191069.5475	1.5136	0.2047
w_take1.2_stop4.0_atr4.0_dev0.0	202509	47	57	24	0.0656	-0.7491	0.3617	119459270.0000	98578804.6030	512700.0000	394274.6950	118425.3050	1.2118	0.2310
w_take1.2_stop4.0_atr4.0_dev0.0	202510	61	77	44	0.0639	-1.1080	0.4754	161084150.0000	128578283.8500	716650.0000	502043.0675	214606.9325	1.2528	0.2995
w_take1.2_stop4.0_atr4.0_dev0.0	202511	55	73	50	0.1204	-0.9685	0.6364	155563450.0000	118006898.3800	1101100.0000	852961.9950	248138.0050	1.3183	0.2254
w_take1.2_stop4.0_atr4.0_dev0.0	202512	92	114	54	0.0822	-0.7233	0.4457	241216750.0000	195381502.8300	1240330.0000	974654.8635	265675.1365	1.2346	0.2142
w_take1.2_stop4.0_atr4.0_dev0.0	202601	81	130	89	0.1614	-0.7080	0.6790	275341700.0000	172286989.1725	2126150.0000	1688354.4575	437795.5425	1.5982	0.2059
w_take1.2_stop4.0_atr4.0_dev0.0	202602	33	45	25	0.0884	-0.8876	0.5455	95608640.0000	69801378.6365	494120.0000	370512.5840	123607.4160	1.3697	0.2502
w_take1.2_stop4.0_atr4.0_dev0.0	202603	4	6	4	-0.2953	-3.8011	0.2500	12647300.0000	8577986.5050	-132300.0000	-151788.1950	19488.1950	1.4744	0.1473
w_take1.2_stop4.0_atr4.0_dev0.0	202604	24	29	18	0.0400	-0.9353	0.5000	61626830.0000	51201489.0715	211890.0000	122965.6725	88924.3275	1.2036	0.4197
w_take1.2_stop4.0_atr4.0_dev0.0	202605	21	34	28	0.2130	-1.3456	0.7143	70581800.0000	44732558.8775	698500.0000	563415.6050	135084.3950	1.5779	0.1934
w_take1.2_stop4.0_atr4.0_dev0.0	202606	5	5	3	-0.0802	-2.0442	0.4000	10433000.0000	10465369.5700	-36300.0000	-50448.1450	14148.1450	0.9969	0.3898
w_take1.2_stop4.0_atr4.0_dev0.0	202608	6	10	6	0.1678	-0.9788	0.6667	20620200.0000	12273240.7100	160600.0000	130707.3000	29892.7000	1.6801	0.1861
w_take1.2_stop4.0_atr4.0_dev0.0	202609	33	50	38	0.1711	-1.0212	0.7576	105680750.0000	69982345.7775	907550.0000	721422.0125	186127.9875	1.5101	0.2051
w_take1.2_stop4.0_atr4.5_dev-1.0	202509	56	68	28	0.0483	-0.9109	0.3393	142214520.0000	117023270.8580	483000.0000	344968.4900	138031.5100	1.2153	0.2858
w_take1.2_stop4.0_atr4.5_dev-1.0	202510	79	108	70	0.1025	-1.1080	0.5949	225856930.0000	166554059.3620	1372350.0000	1031980.8225	340369.1775	1.3561	0.2480
w_take1.2_stop4.0_atr4.5_dev-1.0	202511	76	101	61	0.1129	-0.9981	0.5658	214254700.0000	162171772.1175	1406400.0000	1104401.0800	301998.9200	1.3212	0.2147
w_take1.2_stop4.0_atr4.5_dev-1.0	202512	117	150	75	0.0716	-0.9512	0.4701	313562960.0000	245715611.8140	1449830.0000	1084933.4225	364896.5775	1.2761	0.2517
w_take1.2_stop4.0_atr4.5_dev-1.0	202601	124	193	137	0.1392	-0.8185	0.6694	403305300.0000	260244180.7725	2863950.0000	2201889.3175	662060.6825	1.5497	0.2312
w_take1.2_stop4.0_atr4.5_dev-1.0	202602	66	100	62	0.1189	-1.0114	0.5909	210985740.0000	139287399.9765	1305620.0000	1000842.7890	304777.2110	1.5148	0.2334
w_take1.2_stop4.0_atr4.5_dev-1.0	202603	13	19	15	-0.2523	-4.1353	0.3077	39771490.0000	27514616.5735	-345180.0000	-417243.3050	72063.3050	1.4455	0.2088
w_take1.2_stop4.0_atr4.5_dev-1.0	202604	37	49	29	0.0401	-1.1296	0.5405	102152830.0000	77183685.8165	367340.0000	226459.1050	140880.8950	1.3235	0.3835
w_take1.2_stop4.0_atr4.5_dev-1.0	202605	32	52	41	0.1654	-1.3664	0.6562	109106800.0000	68414460.6300	869300.0000	669706.2150	199593.7850	1.5948	0.2296
w_take1.2_stop4.0_atr4.5_dev-1.0	202606	6	6	3	-0.0668	-2.4756	0.3333	12466200.0000	12498874.5500	-36300.0000	-50448.1450	14148.1450	0.9974	0.3898
w_take1.2_stop4.0_atr4.5_dev-1.0	202608	19	25	13	0.1311	-1.3609	0.5263	52143100.0000	39475320.4100	387050.0000	322281.5225	64768.4775	1.3209	0.1673
w_take1.2_stop4.0_atr4.5_dev-1.0	202609	42	63	45	0.1634	-1.1517	0.7143	133061450.0000	89009899.4825	1097150.0000	876653.4925	220496.5075	1.4949	0.2010
w_take1.2_stop4.0_atr4.5_dev-3.0	202509	59	73	33	0.0454	-0.9091	0.3729	152637720.0000	123337417.8380	506200.0000	344216.7800	161983.2200	1.2376	0.3200
w_take1.2_stop4.0_atr4.5_dev-3.0	202510	84	114	76	0.0905	-1.1258	0.6071	238482620.0000	177254654.2105	1332910.0000	963590.0045	369319.9955	1.3454	0.2771
w_take1.2_stop4.0_atr4.5_dev-3.0	202511	81	107	63	0.1098	-1.0274	0.5556	227031300.0000	172830470.6825	1456400.0000	1144616.3300	311783.6700	1.3136	0.2141
w_take1.2_stop4.0_atr4.5_dev-3.0	202512	119	156	81	0.0623	-0.9512	0.4790	326322660.0000	250111271.0640	1379830.0000	987182.6225	392647.3775	1.3047	0.2846
w_take1.2_stop4.0_atr4.5_dev-3.0	202601	124	193	137	0.1392	-0.8185	0.6694	403305300.0000	260244180.7725	2863950.0000	2201889.3175	662060.6825	1.5497	0.2312
w_take1.2_stop4.0_atr4.5_dev-3.0	202602	67	101	63	0.1034	-1.0981	0.5821	213139140.0000	141456925.3565	1190020.0000	880502.1690	309517.8310	1.5067	0.2601
w_take1.2_stop4.0_atr4.5_dev-3.0	202603	14	20	16	-0.2930	-4.1656	0.2857	41934490.0000	29677941.0235	-447680.0000	-524088.4300	76408.4300	1.4130	0.1707
w_take1.2_stop4.0_atr4.5_dev-3.0	202604	37	49	29	0.0401	-1.1296	0.5405	102152830.0000	77183685.8165	367340.0000	226459.1050	140880.8950	1.3235	0.3835
w_take1.2_stop4.0_atr4.5_dev-3.0	202605	32	52	41	0.1654	-1.3664	0.6562	109106800.0000	68414460.6300	869300.0000	669706.2150	199593.7850	1.5948	0.2296
w_take1.2_stop4.0_atr4.5_dev-3.0	202606	7	7	3	-0.0573	-2.5182	0.2857	14610600.0000	14643596.2100	-36300.0000	-50448.1450	14148.1450	0.9977	0.3898
w_take1.2_stop4.0_atr4.5_dev-3.0	202608	20	29	16	0.1489	-1.3427	0.5500	60328100.0000	41555632.4100	462050.0000	383078.7725	78971.2275	1.4517	0.1709
w_take1.2_stop4.0_atr4.5_dev-3.0	202609	44	67	48	0.1673	-1.0720	0.7045	140601450.0000	92525426.7325	1172150.0000	937623.2425	234526.7575	1.5196	0.2001
w_take1.2_stop4.0_atr4.5_dev0.0	202509	53	63	25	0.0613	-0.9091	0.3396	131580670.0000	110702022.8130	537900.0000	414667.7950	123232.2050	1.1886	0.2291
w_take1.2_stop4.0_atr4.5_dev0.0	202510	75	99	62	0.0883	-1.1436	0.5333	206602430.0000	157766341.4020	1143050.0000	842484.0375	300565.9625	1.3095	0.2630
w_take1.2_stop4.0_atr4.5_dev0.0	202511	72	95	58	0.1120	-0.9687	0.5694	201608500.0000	153649593.9825	1324800.0000	1037797.9500	287002.0500	1.3121	0.2166
w_take1.2_stop4.0_atr4.5_dev0.0	202512	112	144	71	0.0946	-0.8899	0.4821	301988100.0000	235966689.6950	1698730.0000	1351687.9835	347042.0165	1.2798	0.2043
w_take1.2_stop4.0_atr4.5_dev0.0	202601	119	187	131	0.1433	-0.8032	0.6639	390953200.0000	249939335.2775	2818250.0000	2183481.1625	634768.8375	1.5642	0.2252
w_take1.2_stop4.0_atr4.5_dev0.0	202602	64	94	57	0.1057	-0.9062	0.5938	198319740.0000	135104772.6765	1140620.0000	860664.9390	279955.0610	1.4679	0.2454
w_take1.2_stop4.0_atr4.5_dev0.0	202603	10	14	12	-0.2925	-4.1656	0.3000	28975200.0000	21021552.7600	-313500.0000	-370719.9650	57219.9650	1.3784	0.1825
w_take1.2_stop4.0_atr4.5_dev0.0	202604	34	45	26	0.0564	-1.0628	0.5588	94720830.0000	71665358.1915	373640.0000	245253.6500	128386.3500	1.3217	0.3436
w_take1.2_stop4.0_atr4.5_dev0.0	202605	31	50	39	0.1595	-1.3684	0.6452	104777200.0000	66239134.3800	813800.0000	624283.6200	189516.3800	1.5818	0.2329
w_take1.2_stop4.0_atr4.5_dev0.0	202606	6	6	3	-0.0668	-2.4756	0.3333	12466200.0000	12498874.5500	-36300.0000	-50448.1450	14148.1450	0.9974	0.3898
w_take1.2_stop4.0_atr4.5_dev0.0	202608	19	25	13	0.1311	-1.3609	0.5263	52143100.0000	39475320.4100	387050.0000	322281.5225	64768.4775	1.3209	0.1673
w_take1.2_stop4.0_atr4.5_dev0.0	202609	41	61	43	0.1594	-1.1190	0.6829	128961450.0000	86929587.4825	1047150.0000	836190.9925	210959.0075	1.4835	0.2015
w_take1.2_stop4.0_atr5.0_dev-1.0	202509	66	83	37	0.0540	-0.9701	0.3636	173370220.0000	137885999.7980	643000.0000	460726.2300	182273.7700	1.2573	0.2835
w_take1.2_stop4.0_atr5.0_dev-1.0	202510	89	125	81	0.1123	-1.1080	0.6067	262146430.0000	188075167.0440	1671360.0000	1276426.8890	394933.1110	1.3938	0.2363
w_take1.2_stop4.0_atr5.0_dev-1.0	202511	104	145	88	0.1150	-1.1202	0.5769	304302762.0000	219225128.8375	1979138.0000	1549982.0907	429155.9093	1.3881	0.2168
w_take1.2_stop4.0_atr5.0_dev-1.0	202512	127	163	83	0.0691	-0.9512	0.4646	340375060.0000	266723662.5490	1540930.0000	1137373.0475	403556.9525	1.2761	0.2619
w_take1.2_stop4.0_atr5.0_dev-1.0	202601	140	227	165	0.1437	-0.8430	0.6857	472537200.0000	292665443.2325	3346850.0000	2553290.7125	793559.2875	1.6146	0.2371
w_take1.2_stop4.0_atr5.0_dev-1.0	202602	80	119	71	0.1173	-1.1658	0.5625	250645440.0000	168850733.8115	1541220.0000	1193121.2890	348098.7110	1.4844	0.2259
w_take1.2_stop4.0_atr5.0_dev-1.0	202603	21	32	24	-0.2320	-4.0675	0.2857	66719440.0000	44134759.2210	-498380.0000	-612531.3300	114151.3300	1.5117	0.2290
w_take1.2_stop4.0_atr5.0_dev-1.0	202604	52	73	44	0.0495	-0.8565	0.5385	152013530.0000	108473778.6265	576040.0000	362898.8800	213141.1200	1.4014	0.3700
w_take1.2_stop4.0_atr5.0_dev-1.0	202605	48	81	62	0.1580	-1.3884	0.6458	166631650.0000	101190376.2800	1238450.0000	942903.7225	295546.2775	1.6467	0.2386
w_take1.2_stop4.0_atr5.0_dev-1.0	202606	7	9	5	-0.0100	-2.0442	0.4286	18899000.0000	14655197.9500	16500.0000	-7598.3050	24098.3050	1.2896	1.4605
w_take1.2_stop4.0_atr5.0_dev-1.0	202607	2	6	4	0.3316	-1.5903	1.0000	12989450.0000	4336470.3730	106520.0000	86385.6320	20134.3680	2.9954	0.1890
w_take1.2_stop4.0_atr5.0_dev-1.0	202608	40	53	33	0.1367	-1.2825	0.6000	112072200.0000	84549880.5800	870200.0000	706154.3450	164045.6550	1.3255	0.1885
w_take1.2_stop4.0_atr5.0_dev-1.0	202609	58	92	66	0.1796	-1.0230	0.7069	193241850.0000	122578333.9925	1650250.0000	1327358.5775	322891.4225	1.5765	0.1957
w_take1.2_stop4.0_atr5.0_dev-3.0	202509	69	88	42	0.0513	-0.9642	0.3913	183793420.0000	144200146.7780	666200.0000	459974.5200	206225.4800	1.2746	0.3096
w_take1.2_stop4.0_atr5.0_dev-3.0	202510	94	131	87	0.1011	-1.1258	0.6170	274772120.0000	198775761.8925	1631920.0000	1208036.0710	423883.9290	1.3823	0.2597
w_take1.2_stop4.0_atr5.0_dev-3.0	202511	108	150	90	0.1137	-1.1202	0.5741	314944362.0000	227748507.1525	2029138.0000	1590197.3407	438940.6593	1.3829	0.2163
w_take1.2_stop4.0_atr5.0_dev-3.0	202512	130	172	92	0.0646	-0.9226	0.4769	359621060.0000	273268444.1190	1562730.0000	1116306.3875	446423.6125	1.3160	0.2857
w_take1.2_stop4.0_atr5.0_dev-3.0	202601	141	228	165	0.1426	-0.8475	0.6809	474283200.0000	294411705.1325	3346850.0000	2553290.7125	793559.2875	1.6110	0.2371
w_take1.2_stop4.0_atr5.0_dev-3.0	202602	81	120	72	0.1044	-1.1727	0.5556	252798840.0000	171020259.1915	1425620.0000	1072780.6690	352839.3310	1.4782	0.2475
w_take1.2_stop4.0_atr5.0_dev-3.0	202603	23	35	26	-0.2405	-4.0675	0.3043	73212040.0000	48469809.3810	-574480.0000	-697997.0750	123517.0750	1.5105	0.2150
w_take1.2_stop4.0_atr5.0_dev-3.0	202604	52	72	44	0.0495	-0.8565	0.5385	149845430.0000	108477079.1215	576040.0000	362891.2900	213148.7100	1.3814	0.3700
w_take1.2_stop4.0_atr5.0_dev-3.0	202605	50	84	65	0.1466	-1.4193	0.6200	173012650.0000	105437213.2100	1222050.0000	912002.5225	310047.4775	1.6409	0.2537
w_take1.2_stop4.0_atr5.0_dev-3.0	202606	8	10	5	-0.0087	-2.2812	0.3750	21043400.0000	16799919.6100	16500.0000	-7598.3050	24098.3050	1.2526	1.4605
w_take1.2_stop4.0_atr5.0_dev-3.0	202607	2	6	4	0.3316	-1.5903	1.0000	12989450.0000	4336470.3730	106520.0000	86385.6320	20134.3680	2.9954	0.1890
w_take1.2_stop4.0_atr5.0_dev-3.0	202608	42	58	37	0.1241	-1.2825	0.5952	121788200.0000	88184425.6800	879200.0000	697519.2950	181680.7050	1.3811	0.2066
w_take1.2_stop4.0_atr5.0_dev-3.0	202609	63	102	75	0.1887	-1.0249	0.7302	212596850.0000	132341798.2925	1872250.0000	1507672.1775	364577.8225	1.6064	0.1947
w_take1.2_stop4.0_atr5.0_dev0.0	202509	63	78	34	0.0652	-0.9642	0.3651	162736370.0000	131564751.7530	697900.0000	530425.5350	167474.4650	1.2369	0.2400
w_take1.2_stop4.0_atr5.0_dev0.0	202510	84	114	72	0.0995	-1.1258	0.5476	238571330.0000	177121124.1840	1415460.0000	1065369.0940	350090.9060	1.3469	0.2473
w_take1.2_stop4.0_atr5.0_dev0.0	202511	98	137	84	0.1244	-1.1035	0.5816	287667412.0000	206905081.1075	1968088.0000	1558700.7732	409387.2268	1.3903	0.2080
w_take1.2_stop4.0_atr5.0_dev0.0	202512	122	157	79	0.0913	-0.8899	0.4754	328800200.0000	256936734.7300	1805830.0000	1420180.6085	385649.3915	1.2797	0.2136
w_take1.2_stop4.0_atr5.0_dev0.0	202601	135	221	159	0.1475	-0.8292	0.6815	460185100.0000	282360597.7375	3301150.0000	2534882.5575	766267.4425	1.6298	0.2321
w_take1.2_stop4.0_atr5.0_dev0.0	202602	77	111	65	0.1054	-1.1589	0.5584	233666540.0000	162493380.3515	1347420.0000	1029206.4790	318213.5210	1.4380	0.2362
w_take1.2_stop4.0_atr5.0_dev0.0	202603	18	27	21	-0.2509	-4.1014	0.2778	55923150.0000	37641695.4075	-466700.0000	-566007.9900	99307.9900	1.4857	0.2128
w_take1.2_stop4.0_atr5.0_dev0.0	202604	49	69	41	0.0614	-0.8383	0.5510	144581530.0000	102955451.0015	582340.0000	381693.4250	200646.5750	1.4043	0.3446
w_take1.2_stop4.0_atr5.0_dev0.0	202605	46	77	58	0.1728	-1.3884	0.6522	157994650.0000	96849325.2200	1265750.0000	990010.1275	275739.8725	1.6313	0.2178
w_take1.2_stop4.0_atr5.0_dev0.0	202606	7	9	5	-0.0100	-2.0442	0.4286	18899000.0000	14655197.9500	16500.0000	-7598.3050	24098.3050	1.2896	1.4605
w_take1.2_stop4.0_atr5.0_dev0.0	202607	2	6	4	0.3316	-1.5903	1.0000	12989450.0000	4336470.3730	106520.0000	86385.6320	20134.3680	2.9954	0.1890
w_take1.2_stop4.0_atr5.0_dev0.0	202608	38	49	31	0.1348	-1.2160	0.5789	103455900.0000	80210529.7750	815100.0000	661011.2900	154088.7100	1.2898	0.1890
w_take1.2_stop4.0_atr5.0_dev0.0	202609	54	85	60	0.1745	-1.0178	0.7037	178845350.0000	114238883.2625	1497750.0000	1203654.7025	294095.2975	1.5655	0.1964
w_take1.2_stop5.0_atr4.0_dev-1.0	202509	48	59	25	0.0640	-0.7618	0.3542	123863120.0000	100691021.3880	519100.0000	395390.7150	123709.2850	1.2301	0.2383
w_take1.2_stop5.0_atr4.0_dev-1.0	202510	61	80	47	0.0967	-1.1080	0.5574	167810750.0000	128773813.1750	987050.0000	756963.6875	230086.3125	1.3031	0.2331
w_take1.2_stop5.0_atr4.0_dev-1.0	202511	52	71	49	0.1258	-0.9981	0.6346	151246150.0000	111551730.2500	1086650.0000	843335.2275	243314.7725	1.3558	0.2239
w_take1.2_stop5.0_atr4.0_dev-1.0	202512	90	112	52	0.0897	-0.7201	0.4444	236807610.0000	191061514.9290	1295930.0000	1040185.8635	255744.1365	1.2394	0.1973
w_take1.2_stop5.0_atr4.0_dev-1.0	202601	82	132	91	0.1769	-0.7094	0.7073	279802600.0000	174588434.3375	2305450.0000	1857528.6925	447921.3075	1.6026	0.1943
w_take1.2_stop5.0_atr4.0_dev-1.0	202602	32	43	24	0.1026	-1.1285	0.5625	91211840.0000	67709014.8290	535320.0000	416518.2890	118801.7110	1.3471	0.2219
w_take1.2_stop5.0_atr4.0_dev-1.0	202603	4	6	3	-0.1370	-2.4969	0.2500	12856400.0000	8594588.9950	-55550.0000	-70269.7075	14719.7075	1.4959	0.2650
w_take1.2_stop5.0_atr4.0_dev-1.0	202604	25	31	19	0.0788	-0.8746	0.5200	65697830.0000	53270799.4215	344790.0000	251003.3975	93786.6025	1.2333	0.2720
w_take1.2_stop5.0_atr4.0_dev-1.0	202605	22	36	30	0.2191	-1.3485	0.7273	74911400.0000	46907885.1275	754000.0000	608838.2000	145161.8000	1.5970	0.1925
w_take1.2_stop5.0_atr4.0_dev-1.0	202606	4	4	2	0.0829	-1.4258	0.5000	8380400.0000	8383857.3900	50600.0000	41051.7800	9548.2200	0.9996	0.1887
w_take1.2_stop5.0_atr4.0_dev-1.0	202608	6	10	6	0.1678	-0.9788	0.6667	20620200.0000	12273240.7100	160600.0000	130707.3000	29892.7000	1.6801	0.1861
w_take1.2_stop5.0_atr4.0_dev-1.0	202609	34	52	39	0.1709	-1.0230	0.7647	109947350.0000	72125067.1375	933550.0000	742480.4525	191069.5475	1.5244	0.2047
w_take1.2_stop5.0_atr4.0_dev-3.0	202509	50	63	28	0.0738	-0.7317	0.3800	132205520.0000	104924056.2480	612300.0000	473980.3750	138319.6250	1.2600	0.2259
w_take1.2_stop5.0_atr4.0_dev-3.0	202510	64	85	51	0.1095	-1.1016	0.5938	178325300.0000	135150319.5075	1147350.0000	897729.3375	249620.6625	1.3195	0.2176
w_take1.2_stop5.0_atr4.0_dev-3.0	202511	55	75	50	0.1220	-1.0274	0.6182	159796150.0000	117965192.1250	1113250.0000	864961.7875	248288.2125	1.3546	0.2230
w_take1.2_stop5.0_atr4.0_dev-3.0	202512	90	112	53	0.0789	-0.7201	0.4444	236821610.0000	191075517.0290	1175930.0000	916041.6635	259888.3365	1.2394	0.2210
w_take1.2_stop5.0_atr4.0_dev-3.0	202601	82	132	91	0.1769	-0.7094	0.7073	279802600.0000	174588434.3375	2305450.0000	1857528.6925	447921.3075	1.6026	0.1943
w_take1.2_stop5.0_atr4.0_dev-3.0	202602	32	43	24	0.1026	-1.1285	0.5625	91211840.0000	67709014.8290	535320.0000	416518.2890	118801.7110	1.3471	0.2219
w_take1.2_stop5.0_atr4.0_dev-3.0	202603	5	7	4	-0.2742	-3.1804	0.2000	15019400.0000	10757913.4450	-158050.0000	-177114.8325	19064.8325	1.3961	0.1206
w_take1.2_stop5.0_atr4.0_dev-3.0	202604	25	31	19	0.0788	-0.8746	0.5200	65697830.0000	53270799.4215	344790.0000	251003.3975	93786.6025	1.2333	0.2720
w_take1.2_stop5.0_atr4.0_dev-3.0	202605	22	36	30	0.2191	-1.3485	0.7273	74911400.0000	46907885.1275	754000.0000	608838.2000	145161.8000	1.5970	0.1925
w_take1.2_stop5.0_atr4.0_dev-3.0	202606	5	5	2	0.0663	-2.0442	0.4000	10524800.0000	10528579.0500	50600.0000	41051.7800	9548.2200	0.9996	0.1887
w_take1.2_stop5.0_atr4.0_dev-3.0	202608	6	10	6	0.1678	-0.9788	0.6667	20620200.0000	12273240.7100	160600.0000	130707.3000	29892.7000	1.6801	0.1861
w_take1.2_stop5.0_atr4.0_dev-3.0	202609	35	53	39	0.1660	-1.0212	0.7429	111457350.0000	73635293.6375	933550.0000	742480.4525	191069.5475	1.5136	0.2047
w_take1.2_stop5.0_atr4.0_dev0.0	202509	45	54	22	0.0804	-0.7491	0.3556	113229270.0000	94369773.3430	574000.0000	465090.0200	108909.9800	1.1998	0.1897
w_take1.2_stop5.0_atr4.0_dev0.0	202510	59	75	43	0.0884	-1.1080	0.5254	157023950.0000	124436962.7450	877650.0000	667633.4075	210016.5925	1.2619	0.2393
w_take1.2_stop5.0_atr4.0_dev0.0	202511	50	68	47	0.1240	-0.9981	0.6400	144932350.0000	107260186.6150	1032050.0000	798830.2475	233219.7525	1.3512	0.2260
w_take1.2_stop5.0_atr4.0_dev0.0	202512	88	109	51	0.0899	-0.7201	0.4432	230492550.0000	186771211.4800	1271230.0000	1020197.3885	251032.6115	1.2341	0.1975
w_take1.2_stop5.0_atr4.0_dev0.0	202601	79	128	87	0.1853	-0.7080	0.6962	271407500.0000	168241182.3925	2305950.0000	1877019.4075	428930.5925	1.6132	0.1860
w_take1.2_stop5.0_atr4.0_dev0.0	202602	31	42	23	0.1374	-1.0981	0.5806	89219840.0000	65584696.2290	655320.0000	541145.4890	114174.5110	1.3604	0.1742
w_take1.2_stop5.0_atr4.0_dev0.0	202603	3	5	3	-0.1827	-3.1804	0.3333	10694800.0000	6432664.7550	-55550.0000	-70269.7075	14719.7075	1.6626	0.2650
w_take1.2_stop5.0_atr4.0_dev0.0	202604	23	28	17	0.0712	-0.8746	0.5217	59546830.0000	49075670.2465	293090.0000	208879.7425	84210.2575	1.2134	0.2873
w_take1.2_stop5.0_atr4.0_dev0.0	202605	21	34	28	0.2130	-1.3456	0.7143	70581800.0000	44732558.8775	698500.0000	563415.6050	135084.3950	1.5779	0.1934
w_take1.2_stop5.0_atr4.0_dev0.0	202606	4	4	2	0.0829	-1.4258	0.5000	8380400.0000	8383857.3900	50600.0000	41051.7800	9548.2200	0.9996	0.1887
w_take1.2_stop5.0_atr4.0_dev0.0	202608	6	10	6	0.1678	-0.9788	0.6667	20620200.0000	12273240.7100	160600.0000	130707.3000	29892.7000	1.6801	0.1861
w_take1.2_stop5.0_atr4.0_dev0.0	202609	33	50	38	0.1711	-1.0212	0.7576	105680750.0000	69982345.7775	907550.0000	721422.0125	186127.9875	1.5101	0.2051
w_take1.2_stop5.0_atr4.5_dev-1.0	202509	54	65	26	0.0599	-0.9109	0.3333	135984520.0000	112814239.5980	544300.0000	415783.8150	128516.1850	1.2054	0.2361
w_take1.2_stop5.0_atr4.5_dev-1.0	202510	75	103	65	0.1151	-1.1765	0.6000	215372630.0000	157961870.7270	1413450.0000	1097386.7175	316063.2825	1.3634	0.2236
w_take1.2_stop5.0_atr4.5_dev-1.0	202511	69	93	57	0.0989	-1.0377	0.5652	197185300.0000	147117514.3175	1162350.0000	880638.4225	281711.5775	1.3403	0.2424
w_take1.2_stop5.0_atr4.5_dev-1.0	202512	111	143	69	0.1001	-0.8897	0.4775	299225960.0000	233293948.8440	1754330.0000	1417218.9835	337111.0165	1.2826	0.1922
w_take1.2_stop5.0_atr4.5_dev-1.0	202601	117	186	132	0.1704	-0.8032	0.7094	388754500.0000	245532374.3325	3170950.0000	2532001.3775	638948.6225	1.5833	0.2015
w_take1.2_stop5.0_atr4.5_dev-1.0	202602	62	91	57	0.1334	-1.1658	0.6290	191934840.0000	130925995.9540	1332720.0000	1052303.0490	280416.9510	1.4660	0.2104
w_take1.2_stop5.0_atr4.5_dev-1.0	202603	11	17	13	-0.2234	-3.1804	0.3636	35653550.0000	23196728.9875	-246150.0000	-308496.5675	62346.5675	1.5370	0.2533
w_take1.2_stop5.0_atr4.5_dev-1.0	202604	35	47	27	0.0837	-0.9960	0.5714	98791830.0000	73734668.5415	506540.0000	373291.3750	133248.6250	1.3398	0.2631
w_take1.2_stop5.0_atr4.5_dev-1.0	202605	32	52	41	0.1595	-1.3664	0.6562	109106800.0000	68414460.6300	844900.0000	645358.6750	199541.3250	1.5948	0.2362
w_take1.2_stop5.0_atr4.5_dev-1.0	202606	5	5	2	0.0663	-2.0442	0.4000	10413600.0000	10417362.3700	50600.0000	41051.7800	9548.2200	0.9996	0.1887
w_take1.2_stop5.0_atr4.5_dev-1.0	202608	19	25	13	0.1311	-1.3609	0.5263	52143100.0000	39475320.4100	387050.0000	322281.5225	64768.4775	1.3209	0.1673
w_take1.2_stop5.0_atr4.5_dev-1.0	202609	42	63	45	0.1634	-1.1517	0.7143	133061450.0000	89009899.4825	1097150.0000	876653.4925	220496.5075	1.4949	0.2010
w_take1.2_stop5.0_atr4.5_dev-3.0	202509	56	69	29	0.0688	-0.8418	0.3571	144326920.0000	117047274.4580	637500.0000	494373.4750	143126.5250	1.2331	0.2245
w_take1.2_stop5.0_atr4.5_dev-3.0	202510	78	108	69	0.1248	-1.1573	0.6282	225887180.0000	164338377.0595	1573750.0000	1238152.3675	335597.6325	1.3745	0.2132
w_take1.2_stop5.0_atr4.5_dev-3.0	202511	74	99	59	0.0965	-1.0657	0.5541	209961900.0000	157776212.8825	1212350.0000	920853.6725	291496.3275	1.3308	0.2404
w_take1.2_stop5.0_atr4.5_dev-3.0	202512	112	146	73	0.0845	-0.8899	0.4821	305643660.0000	235554287.8440	1586330.0000	1231334.2835	354995.7165	1.2976	0.2238
w_take1.2_stop5.0_atr4.5_dev-3.0	202601	118	187	133	0.1615	-0.8055	0.7034	390798100.0000	247576280.8725	3067750.0000	2424322.9775	643427.0225	1.5785	0.2097
w_take1.2_stop5.0_atr4.5_dev-3.0	202602	63	92	58	0.1166	-1.1727	0.6190	194088240.0000	133095521.3340	1217120.0000	931962.4290	285157.5710	1.4583	0.2343
w_take1.2_stop5.0_atr4.5_dev-3.0	202603	12	18	14	-0.2734	-4.0965	0.3333	37816550.0000	25360053.4375	-348650.0000	-415341.6925	66691.6925	1.4912	0.1913
w_take1.2_stop5.0_atr4.5_dev-3.0	202604	35	47	27	0.0837	-0.9960	0.5714	98791830.0000	73734668.5415	506540.0000	373291.3750	133248.6250	1.3398	0.2631
w_take1.2_stop5.0_atr4.5_dev-3.0	202605	32	52	41	0.1595	-1.3664	0.6562	109106800.0000	68414460.6300	844900.0000	645358.6750	199541.3250	1.5948	0.2362
w_take1.2_stop5.0_atr4.5_dev-3.0	202606	6	6	2	0.0553	-2.2812	0.3333	12558000.0000	12562084.0300	50600.0000	41051.7800	9548.2200	0.9997	0.1887
w_take1.2_stop5.0_atr4.5_dev-3.0	202608	20	29	16	0.1489	-1.3427	0.5500	60328100.0000	41555632.4100	462050.0000	383078.7725	78971.2275	1.4517	0.1709
w_take1.2_stop5.0_atr4.5_dev-3.0	202609	44	67	48	0.1673	-1.0720	0.7045	140601450.0000	92525426.7325	1172150.0000	937623.2425	234526.7575	1.5196	0.2001
w_take1.2_stop5.0_atr4.5_dev0.0	202509	51	60	23	0.0741	-0.9091	0.3333	125350670.0000	106492991.5530	599200.0000	485483.1200	113716.8800	1.1771	0.1898
w_take1.2_stop5.0_atr4.5_dev0.0	202510	73	98	61	0.1088	-1.1765	0.5753	204585830.0000	153625020.2970	1304050.0000	1008056.4375	295993.5625	1.3317	0.2270
w_take1.2_stop5.0_atr4.5_dev0.0	202511	66	88	54	0.0956	-0.9981	0.5606	186659000.0000	140715554.1675	1080750.0000	814035.2925	266714.7075	1.3265	0.2468
w_take1.2_stop5.0_atr4.5_dev0.0	202512	108	139	68	0.1014	-0.8845	0.4815	291263900.0000	227356398.3450	1729630.0000	1397230.5085	332399.4915	1.2811	0.1922
w_take1.2_stop5.0_atr4.5_dev0.0	202601	113	181	126	0.1748	-0.7979	0.6903	378565400.0000	237390853.2875	3127450.0000	2515788.4925	611661.5075	1.5947	0.1956
w_take1.2_stop5.0_atr4.5_dev0.0	202602	61	90	56	0.1516	-1.1589	0.6393	189942840.0000	128801677.3540	1452720.0000	1176930.2490	275789.7510	1.4747	0.1898
w_take1.2_stop5.0_atr4.5_dev0.0	202603	9	13	11	-0.3108	-5.0125	0.3333	27022700.0000	18876231.0100	-300150.0000	-352465.1675	52315.1675	1.4316	0.1743
w_take1.2_stop5.0_atr4.5_dev0.0	202604	33	44	25	0.0787	-0.9960	0.5758	92640830.0000	69539539.3665	454840.0000	331167.7200	123672.2800	1.3322	0.2719
w_take1.2_stop5.0_atr4.5_dev0.0	202605	31	50	39	0.1534	-1.3684	0.6452	104777200.0000	66239134.3800	789400.0000	599936.0800	189463.9200	1.5818	0.2400
w_take1.2_stop5.0_atr4.5_dev0.0	202606	5	5	2	0.0663	-2.0442	0.4000	10413600.0000	10417362.3700	50600.0000	41051.7800	9548.2200	0.9996	0.1887
w_take1.2_stop5.0_atr4.5_dev0.0	202608	19	25	13	0.1311	-1.3609	0.5263	52143100.0000	39475320.4100	387050.0000	322281.5225	64768.4775	1.3209	0.1673
w_take1.2_stop5.0_atr4.5_dev0.0	202609	41	61	43	0.1594	-1.1190	0.6829	128961450.0000	86929587.4825	1047150.0000	836190.9925	210959.0075	1.4835	0.2015
w_take1.2_stop5.0_atr5.0_dev-1.0	202509	62	77	33	0.0712	-0.9701	0.3548	160797420.0000	129305412.9030	727300.0000	564584.2750	162715.7250	1.2435	0.2237
w_take1.2_stop5.0_atr5.0_dev-1.0	202510	84	118	75	0.1233	-1.1600	0.6071	247341530.0000	177316653.5090	1685860.0000	1320271.7740	365588.2260	1.3949	0.2169
w_take1.2_stop5.0_atr5.0_dev-1.0	202511	96	136	81	0.1101	-1.1318	0.5833	285098362.0000	202035550.7875	1759588.0000	1364454.1082	395133.8918	1.4111	0.2246
w_take1.2_stop5.0_atr5.0_dev-1.0	202512	121	156	77	0.0950	-0.8897	0.4711	325530060.0000	253788922.6290	1867430.0000	1492791.2085	374638.7915	1.2827	0.2006
w_take1.2_stop5.0_atr5.0_dev-1.0	202601	132	219	159	0.1702	-0.8339	0.7197	456063400.0000	276030348.3425	3612350.0000	2846414.8975	765935.1025	1.6522	0.2120
w_take1.2_stop5.0_atr5.0_dev-1.0	202602	75	109	66	0.1307	-1.2235	0.6000	229514540.0000	158409017.7890	1568320.0000	1244581.5490	323738.4510	1.4489	0.2064
w_take1.2_stop5.0_atr5.0_dev-1.0	202603	19	30	21	-0.1920	-3.1804	0.3684	62601500.0000	39816871.6350	-352050.0000	-451721.7875	99671.7875	1.5722	0.2831
w_take1.2_stop5.0_atr5.0_dev-1.0	202604	50	71	43	0.0739	-0.8364	0.5600	148652530.0000	105052265.4765	679340.0000	469043.8350	210296.1650	1.4150	0.3096
w_take1.2_stop5.0_atr5.0_dev-1.0	202605	47	79	61	0.1382	-1.3684	0.6383	162295450.0000	98993646.8200	1093450.0000	803305.6025	290144.3975	1.6395	0.2653
w_take1.2_stop5.0_atr5.0_dev-1.0	202606	6	8	4	0.1105	-1.7874	0.5000	16846400.0000	12573685.7700	103400.0000	83901.6200	19498.3800	1.3398	0.1886
w_take1.2_stop5.0_atr5.0_dev-1.0	202607	2	6	4	0.3316	-1.5903	1.0000	12989450.0000	4336470.3730	106520.0000	86385.6320	20134.3680	2.9954	0.1890
w_take1.2_stop5.0_atr5.0_dev-1.0	202608	40	53	33	0.1367	-1.2825	0.6000	112072200.0000	84549880.5800	870200.0000	706154.3450	164045.6550	1.3255	0.1885
w_take1.2_stop5.0_atr5.0_dev-1.0	202609	57	91	66	0.1827	-1.0212	0.7193	191074350.0000	120410508.8675	1650250.0000	1327358.5775	322891.4225	1.5869	0.1957
w_take1.2_stop5.0_atr5.0_dev-3.0	202509	64	81	36	0.0786	-0.9384	0.3750	169139820.0000	133538447.7630	820500.0000	643173.9350	177326.0650	1.2666	0.2161
w_take1.2_stop5.0_atr5.0_dev-3.0	202510	87	123	79	0.1318	-1.1436	0.6322	257856080.0000	183693159.8415	1846160.0000	1461037.4240	385122.5760	1.4037	0.2086
w_take1.2_stop5.0_atr5.0_dev-3.0	202511	100	141	83	0.1089	-1.1318	0.5800	295739962.0000	210558929.1025	1809588.0000	1404669.3582	404918.6418	1.4045	0.2238
w_take1.2_stop5.0_atr5.0_dev-3.0	202512	123	162	84	0.0848	-0.8897	0.4797	338434060.0000	258198383.9490	1791230.0000	1383590.6485	407639.3515	1.3108	0.2276
w_take1.2_stop5.0_atr5.0_dev-3.0	202601	134	221	160	0.1611	-0.8430	0.7090	459853000.0000	279820516.7825	3509150.0000	2738736.4975	770413.5025	1.6434	0.2195
w_take1.2_stop5.0_atr5.0_dev-3.0	202602	76	110	67	0.1168	-1.2528	0.5921	231667940.0000	160578543.1690	1452720.0000	1124240.9290	328479.0710	1.4427	0.2261
w_take1.2_stop5.0_atr5.0_dev-3.0	202603	21	33	23	-0.2051	-3.1804	0.3810	69094100.0000	44151921.7950	-428150.0000	-537187.5325	109037.5325	1.5649	0.2547
w_take1.2_stop5.0_atr5.0_dev-3.0	202604	50	70	43	0.0739	-0.8364	0.5600	146484430.0000	105055565.9715	679340.0000	469036.2450	210303.7550	1.3944	0.3096
w_take1.2_stop5.0_atr5.0_dev-3.0	202605	48	80	61	0.1354	-1.3884	0.6250	164430250.0000	101128767.0400	1093450.0000	803305.6025	290144.3975	1.6259	0.2653
w_take1.2_stop5.0_atr5.0_dev-3.0	202606	7	9	4	0.0947	-2.0442	0.4286	18990800.0000	14718407.4300	103400.0000	83901.6200	19498.3800	1.2903	0.1886
w_take1.2_stop5.0_atr5.0_dev-3.0	202607	2	6	4	0.3316	-1.5903	1.0000	12989450.0000	4336470.3730	106520.0000	86385.6320	20134.3680	2.9954	0.1890
w_take1.2_stop5.0_atr5.0_dev-3.0	202608	41	57	36	0.1453	-1.2693	0.6098	120257200.0000	86630192.5800	945200.0000	766951.5950	178248.4050	1.3882	0.1886
w_take1.2_stop5.0_atr5.0_dev-3.0	202609	62	101	75	0.1918	-1.0230	0.7419	210429350.0000	130173973.1675	1872250.0000	1507672.1775	364577.8225	1.6165	0.1947
w_take1.2_stop5.0_atr5.0_dev0.0	202509	59	72	30	0.0840	-0.9642	0.3559	150163570.0000	122984164.8580	782200.0000	634283.5800	147916.4200	1.2210	0.1891
w_take1.2_stop5.0_atr5.0_dev0.0	202510	82	113	71	0.1180	-1.1600	0.5854	236554730.0000	172979803.0790	1576460.0000	1230941.4940	345518.5060	1.3675	0.2192
w_take1.2_stop5.0_atr5.0_dev0.0	202511	91	129	77	0.1208	-1.1132	0.5824	270582912.0000	191835721.0425	1768538.0000	1393129.7907	375408.2093	1.4105	0.2123
w_take1.2_stop5.0_atr5.0_dev0.0	202512	117	151	75	0.1051	-0.8794	0.4786	315986000.0000	246161118.6300	1936730.0000	1570487.6335	366242.3665	1.2837	0.1891
w_take1.2_stop5.0_atr5.0_dev0.0	202601	128	214	153	0.1741	-0.8185	0.7031	445874300.0000	267888827.2975	3568850.0000	2830202.0125	738647.9875	1.6644	0.2070
w_take1.2_stop5.0_atr5.0_dev0.0	202602	73	106	64	0.1452	-1.2152	0.6027	223209640.0000	154109973.0290	1659520.0000	1345471.7890	314048.2110	1.4484	0.1892
w_take1.2_stop5.0_atr5.0_dev0.0	202603	17	26	19	-0.2346	-4.0675	0.3529	53970650.0000	35496373.6575	-406050.0000	-495690.3875	89640.3875	1.5205	0.2208
w_take1.2_stop5.0_atr5.0_dev0.0	202604	48	68	41	0.0701	-0.8364	0.5625	142501530.0000	100857136.3015	627640.0000	426920.1800	200719.8200	1.4129	0.3198
w_take1.2_stop5.0_atr5.0_dev0.0	202605	45	75	57	0.1558	-1.3684	0.6444	153658450.0000	94652595.7600	1140550.0000	870169.4375	270380.5625	1.6234	0.2371
w_take1.2_stop5.0_atr5.0_dev0.0	202606	6	8	4	0.1105	-1.7874	0.5000	16846400.0000	12573685.7700	103400.0000	83901.6200	19498.3800	1.3398	0.1886
w_take1.2_stop5.0_atr5.0_dev0.0	202607	2	6	4	0.3316	-1.5903	1.0000	12989450.0000	4336470.3730	106520.0000	86385.6320	20134.3680	2.9954	0.1890
w_take1.2_stop5.0_atr5.0_dev0.0	202608	38	49	31	0.1348	-1.2160	0.5789	103455900.0000	80210529.7750	815100.0000	661011.2900	154088.7100	1.2898	0.1890
w_take1.2_stop5.0_atr5.0_dev0.0	202609	54	85	60	0.1745	-1.0178	0.7037	178845350.0000	114238883.2625	1497750.0000	1203654.7025	294095.2975	1.5655	0.1964
w_take1.5_stop3.0_atr4.0_dev-1.0	202509	53	60	24	0.0429	-0.7491	0.3019	125828820.0000	111270108.0130	409200.0000	290583.9100	118616.0900	1.1308	0.2899
w_take1.5_stop3.0_atr4.0_dev-1.0	202510	68	79	44	0.0444	-1.1016	0.4265	165513450.0000	143697901.4525	603750.0000	388848.1775	214901.8225	1.1518	0.3559
w_take1.5_stop3.0_atr4.0_dev-1.0	202511	62	74	40	0.1129	-0.7856	0.5323	157978870.0000	133029691.4610	1103580.0000	904275.7140	199304.2860	1.1875	0.1806
w_take1.5_stop3.0_atr4.0_dev-1.0	202512	96	110	44	0.0323	-0.7214	0.3125	231843390.0000	203481637.6680	615350.0000	400284.9385	215065.0615	1.1394	0.3495
w_take1.5_stop3.0_atr4.0_dev-1.0	202601	85	115	69	0.1358	-0.7181	0.5882	243318000.0000	180675847.3125	1822200.0000	1484025.3400	338174.6600	1.3467	0.1856
w_take1.5_stop3.0_atr4.0_dev-1.0	202602	33	37	18	0.0201	-1.0981	0.3030	78351010.0000	69813840.5055	167040.0000	78528.0970	88511.9030	1.1223	0.5299
w_take1.5_stop3.0_atr4.0_dev-1.0	202603	5	7	4	-0.1871	-3.1804	0.2000	14816400.0000	10739910.7450	-100500.0000	-120056.5650	19556.5650	1.3796	0.1946
w_take1.5_stop3.0_atr4.0_dev-1.0	202604	24	26	14	0.0144	-0.7629	0.2917	54972830.0000	51086391.8095	110900.0000	42051.1850	68848.8150	1.0761	0.6208
w_take1.5_stop3.0_atr4.0_dev-1.0	202605	25	37	30	0.1783	-1.3043	0.7200	77448800.0000	53318346.5525	715550.0000	568868.6875	146681.3125	1.4526	0.2050
w_take1.5_stop3.0_atr4.0_dev-1.0	202606	5	5	3	-0.0256	-2.0442	0.4000	10436300.0000	10465369.5700	-2200.0000	-16421.4600	14221.4600	0.9972	6.4643
w_take1.5_stop3.0_atr4.0_dev-1.0	202608	5	8	4	0.1747	-0.6884	0.6000	16352400.0000	10098914.6100	133200.0000	113142.8200	20057.1800	1.6192	0.1506
w_take1.5_stop3.0_atr4.0_dev-1.0	202609	37	49	34	0.1621	-0.9813	0.6757	103671250.0000	78572684.1350	935000.0000	768068.3650	166931.6350	1.3194	0.1785
w_take1.5_stop3.0_atr4.0_dev-3.0	202509	55	63	27	0.0396	-0.7491	0.3273	132101220.0000	115494141.5230	413700.0000	280669.5650	133030.4350	1.1438	0.3216
w_take1.5_stop3.0_atr4.0_dev-3.0	202510	73	86	50	0.0516	-1.1080	0.4658	180321540.0000	154396496.0010	726600.0000	482374.5160	244225.4840	1.1679	0.3361
w_take1.5_stop3.0_atr4.0_dev-3.0	202511	65	78	42	0.1023	-0.8104	0.5231	166537430.0000	139451714.6200	1067770.0000	858655.1205	209114.8795	1.1942	0.1958
w_take1.5_stop3.0_atr4.0_dev-3.0	202512	100	114	45	0.0260	-0.7355	0.3000	240322490.0000	211962009.5330	555350.0000	336073.8385	219276.1615	1.1338	0.3948
w_take1.5_stop3.0_atr4.0_dev-3.0	202601	85	115	69	0.1358	-0.7181	0.5882	243318000.0000	180675847.3125	1822200.0000	1484025.3400	338174.6600	1.3467	0.1856
w_take1.5_stop3.0_atr4.0_dev-3.0	202602	33	37	18	0.0201	-1.0981	0.3030	78351010.0000	69813840.5055	167040.0000	78528.0970	88511.9030	1.1223	0.5299
w_take1.5_stop3.0_atr4.0_dev-3.0	202603	6	8	5	-0.2867	-3.3759	0.1667	16979400.0000	12903235.1950	-198000.0000	-221900.9400	23900.9400	1.3159	0.1207
w_take1.5_stop3.0_atr4.0_dev-3.0	202604	24	26	14	0.0144	-0.7629	0.2917	54972830.0000	51086391.8095	110900.0000	42051.1850	68848.8150	1.0761	0.6208
w_take1.5_stop3.0_atr4.0_dev-3.0	202605	25	37	30	0.1783	-1.3043	0.7200	77448800.0000	53318346.5525	715550.0000	568868.6875	146681.3125	1.4526	0.2050
w_take1.5_stop3.0_atr4.0_dev-3.0	202606	6	6	3	-0.0213	-2.4255	0.3333	12435000.0000	12464369.3750	-2200.0000	-16421.4600	14221.4600	0.9976	6.4643
w_take1.5_stop3.0_atr4.0_dev-3.0	202608	5	8	4	0.1747	-0.6884	0.6000	16352400.0000	10098914.6100	133200.0000	113142.8200	20057.1800	1.6192	0.1506
w_take1.5_stop3.0_atr4.0_dev-3.0	202609	38	50	34	0.1578	-0.9571	0.6579	105181250.0000	80082910.6350	935000.0000	768068.3650	166931.6350	1.3134	0.1785
w_take1.5_stop3.0_atr4.0_dev0.0	202509	50	55	21	0.0485	-0.7317	0.3000	115193620.0000	104948359.8930	413300.0000	309593.5850	103706.4150	1.0976	0.2509
w_take1.5_stop3.0_atr4.0_dev0.0	202510	65	73	39	0.0287	-1.1080	0.3692	152862550.0000	137206227.8475	431750.0000	241678.0175	190071.9825	1.1141	0.4402
w_take1.5_stop3.0_atr4.0_dev0.0	202511	59	71	39	0.1149	-0.7692	0.5424	151663830.0000	126569482.5750	1069780.0000	875541.6840	194238.3160	1.1983	0.1816
w_take1.5_stop3.0_atr4.0_dev0.0	202512	90	102	40	0.0432	-0.7126	0.3111	215200730.0000	190645452.5290	697150.0000	501369.1385	195780.8615	1.1288	0.2808
w_take1.5_stop3.0_atr4.0_dev0.0	202601	80	110	66	0.1492	-0.7145	0.6125	232652250.0000	170008497.4500	1858700.0000	1534678.5750	324021.4250	1.3685	0.1743
w_take1.5_stop3.0_atr4.0_dev0.0	202602	32	36	18	0.0207	-1.0490	0.3125	76323010.0000	67785536.3055	167040.0000	78528.0970	88511.9030	1.1259	0.5299
w_take1.5_stop3.0_atr4.0_dev0.0	202603	4	6	4	-0.2338	-3.3759	0.2500	12654800.0000	8577986.5050	-100500.0000	-120056.5650	19556.5650	1.4753	0.1946
w_take1.5_stop3.0_atr4.0_dev0.0	202604	22	24	13	0.0060	-0.7629	0.2727	50919730.0000	46891262.6345	79700.0000	15558.2850	64141.7150	1.0859	0.8048
w_take1.5_stop3.0_atr4.0_dev0.0	202605	23	34	27	0.2052	-1.2068	0.7391	71056100.0000	49079610.8375	730350.0000	598340.0775	132009.9225	1.4478	0.1807
w_take1.5_stop3.0_atr4.0_dev0.0	202606	5	5	3	-0.0256	-2.0442	0.4000	10436300.0000	10465369.5700	-2200.0000	-16421.4600	14221.4600	0.9972	6.4643
w_take1.5_stop3.0_atr4.0_dev0.0	202608	5	8	4	0.1747	-0.6884	0.6000	16352400.0000	10098914.6100	133200.0000	113142.8200	20057.1800	1.6192	0.1506
w_take1.5_stop3.0_atr4.0_dev0.0	202609	36	47	33	0.1603	-0.9571	0.6667	99404650.0000	76429962.7750	901200.0000	739226.6950	161973.3050	1.3006	0.1797
w_take1.5_stop3.0_atr4.5_dev-1.0	202509	58	65	24	0.0392	-0.8418	0.2759	135879620.0000	121322415.6330	409200.0000	290583.9100	118616.0900	1.1200	0.2899
w_take1.5_stop3.0_atr4.5_dev-1.0	202510	82	96	57	0.0691	-1.0604	0.4756	200605130.0000	172850953.7545	993550.0000	716933.2475	276616.7525	1.1606	0.2784
w_take1.5_stop3.0_atr4.5_dev-1.0	202511	83	98	47	0.0939	-0.7792	0.4578	208206520.0000	177187764.1785	1239180.0000	1006292.8240	232887.1760	1.1751	0.1879
w_take1.5_stop3.0_atr4.5_dev-1.0	202512	117	137	58	0.0391	-0.8446	0.3419	285785790.0000	245240100.4980	894950.0000	614484.5185	280465.4815	1.1653	0.3134
w_take1.5_stop3.0_atr4.5_dev-1.0	202601	125	170	110	0.1200	-0.8386	0.5840	354776600.0000	262353297.0925	2426100.0000	1896657.5350	529442.4650	1.3523	0.2182
w_take1.5_stop3.0_atr4.5_dev-1.0	202602	66	84	50	0.0647	-1.0231	0.4091	177052710.0000	139402877.2955	796340.0000	551454.6420	244885.3580	1.2701	0.3075
w_take1.5_stop3.0_atr4.5_dev-1.0	202603	14	19	14	-0.1220	-3.1291	0.2857	40050220.0000	29661168.5080	-144400.0000	-212403.4500	68003.4500	1.3503	0.4709
w_take1.5_stop3.0_atr4.5_dev-1.0	202604	35	42	22	0.0218	-0.8415	0.3714	87205230.0000	72889261.7495	230800.0000	124467.7850	106332.2150	1.1964	0.4607
w_take1.5_stop3.0_atr4.5_dev-1.0	202605	36	54	42	0.1334	-1.3579	0.6389	113807450.0000	76994147.3900	819050.0000	612973.6025	206076.3975	1.4781	0.2516
w_take1.5_stop3.0_atr4.5_dev-1.0	202606	6	6	4	-0.1128	-2.4756	0.3333	12469500.0000	12498874.5500	-64600.0000	-83363.6600	18763.6600	0.9976	0.2905
w_take1.5_stop3.0_atr4.5_dev-1.0	202608	18	23	10	0.0360	-1.4906	0.3333	47873550.0000	37349201.5400	132500.0000	82924.7450	49575.2550	1.2818	0.3742
w_take1.5_stop3.0_atr4.5_dev-1.0	202609	47	62	41	0.1444	-0.9813	0.5957	131091050.0000	99655346.0600	1071900.0000	870616.0900	201283.9100	1.3154	0.1878
w_take1.5_stop3.0_atr4.5_dev-3.0	202509	60	68	27	0.0363	-0.8418	0.3000	142152020.0000	125546449.1430	413700.0000	280669.5650	133030.4350	1.1323	0.3216
w_take1.5_stop3.0_atr4.5_dev-3.0	202510	87	103	63	0.0737	-1.0951	0.5057	215413220.0000	183549548.3030	1116400.0000	810459.5860	305940.4140	1.1736	0.2740
w_take1.5_stop3.0_atr4.5_dev-3.0	202511	88	103	49	0.0845	-0.8447	0.4432	218885680.0000	187833420.7875	1203370.0000	960705.3505	242664.6495	1.1653	0.2017
w_take1.5_stop3.0_atr4.5_dev-3.0	202512	123	144	61	0.0276	-0.8902	0.3333	300719890.0000	258095128.4630	764950.0000	471490.7185	293459.2815	1.1652	0.3836
w_take1.5_stop3.0_atr4.5_dev-3.0	202601	126	171	111	0.1144	-0.8386	0.5794	356820200.0000	264397203.6325	2358900.0000	1824901.7350	533998.2650	1.3496	0.2264
w_take1.5_stop3.0_atr4.5_dev-3.0	202602	67	85	51	0.0518	-1.0462	0.4030	179206110.0000	141556600.3055	697740.0000	448116.5720	249623.4280	1.2660	0.3578
w_take1.5_stop3.0_atr4.5_dev-3.0	202603	15	20	15	-0.1662	-3.1804	0.2667	42213220.0000	31824492.9580	-241900.0000	-314247.8250	72347.8250	1.3264	0.2991
w_take1.5_stop3.0_atr4.5_dev-3.0	202604	35	42	22	0.0218	-0.8415	0.3714	87205230.0000	72889261.7495	230800.0000	124467.7850	106332.2150	1.1964	0.4607
w_take1.5_stop3.0_atr4.5_dev-3.0	202605	36	54	42	0.1334	-1.3579	0.6389	113807450.0000	76994147.3900	819050.0000	612973.6025	206076.3975	1.4781	0.2516
w_take1.5_stop3.0_atr4.5_dev-3.0	202606	7	7	4	-0.0967	-2.8068	0.2857	14468200.0000	14497874.3550	-64600.0000	-83363.6600	18763.6600	0.9980	0.2905
w_take1.5_stop3.0_atr4.5_dev-3.0	202608	20	27	12	0.0547	-1.4906	0.3500	56113350.0000	41554632.2600	197500.0000	138504.4950	58995.5050	1.3504	0.2987
w_take1.5_stop3.0_atr4.5_dev-3.0	202609	50	66	44	0.1344	-0.9884	0.6000	138705650.0000	105275789.0000	1077100.0000	861764.3300	215335.6700	1.3175	0.1999
w_take1.5_stop3.0_atr4.5_dev0.0	202509	55	60	21	0.0441	-0.7744	0.2727	125244420.0000	115000667.5130	413300.0000	309593.5850	103706.4150	1.0891	0.2509
w_take1.5_stop3.0_atr4.5_dev0.0	202510	79	90	52	0.0571	-1.0951	0.4304	187954230.0000	166359280.1495	821550.0000	569763.0875	251786.9125	1.1298	0.3065
w_take1.5_stop3.0_atr4.5_dev0.0	202511	78	91	44	0.0916	-0.7656	0.4487	193483180.0000	166502121.5725	1141480.0000	923426.5090	218053.4910	1.1620	0.1910
w_take1.5_stop3.0_atr4.5_dev0.0	202512	109	127	52	0.0605	-0.7955	0.3486	265858130.0000	229090418.4090	1092750.0000	838939.2185	253810.7815	1.1605	0.2323
w_take1.5_stop3.0_atr4.5_dev0.0	202601	119	164	105	0.1257	-0.8292	0.5882	342316850.0000	249891678.1300	2406600.0000	1899632.9700	506967.0300	1.3699	0.2107
w_take1.5_stop3.0_atr4.5_dev0.0	202602	64	80	46	0.0503	-0.9724	0.4062	168622710.0000	135204247.5955	639240.0000	414408.0070	224831.9930	1.2472	0.3517
w_take1.5_stop3.0_atr4.5_dev0.0	202603	11	14	12	-0.1988	-3.2168	0.2727	29248700.0000	23169674.9300	-216400.0000	-274333.3500	57933.3500	1.2624	0.2677
w_take1.5_stop3.0_atr4.5_dev0.0	202604	32	39	20	0.0364	-0.8380	0.3750	81870130.0000	67370934.1245	245600.0000	146918.8850	98681.1150	1.2152	0.4018
w_take1.5_stop3.0_atr4.5_dev0.0	202605	34	51	39	0.1490	-1.3485	0.6471	107414750.0000	72755411.6750	833850.0000	642444.9925	191405.0075	1.4764	0.2295
w_take1.5_stop3.0_atr4.5_dev0.0	202606	6	6	4	-0.1128	-2.4756	0.3333	12469500.0000	12498874.5500	-64600.0000	-83363.6600	18763.6600	0.9976	0.2905
w_take1.5_stop3.0_atr4.5_dev0.0	202608	17	20	8	0.0097	-1.6204	0.2941	41379000.0000	35180476.2800	59700.0000	20231.9850	39468.0150	1.1762	0.6611
w_take1.5_stop3.0_atr4.5_dev0.0	202609	46	61	40	0.1422	-0.9884	0.5870	129051050.0000	97615040.0600	1036900.0000	840383.3400	196516.6600	1.3220	0.1895
w_take1.5_stop3.0_atr5.0_dev-1.0	202509	68	79	32	0.0496	-0.9310	0.2941	165017520.0000	142282259.1380	589800.0000	431865.3600	157934.6400	1.1598	0.2678
w_take1.5_stop3.0_atr5.0_dev-1.0	202510	91	109	64	0.0704	-1.0951	0.4835	228350670.0000	192187193.7555	1123500.0000	812192.6350	311307.3650	1.1882	0.2771
w_take1.5_stop3.0_atr5.0_dev-1.0	202511	116	141	73	0.0894	-1.0342	0.4655	296385982.0000	244917822.1635	1696818.0000	1341501.9297	355316.0703	1.2101	0.2094
w_take1.5_stop3.0_atr5.0_dev-1.0	202512	128	152	68	0.0465	-0.8620	0.3594	316465890.0000	267801384.1830	1113050.0000	784409.6935	328640.3065	1.1817	0.2953
w_take1.5_stop3.0_atr5.0_dev-1.0	202601	144	199	132	0.1059	-0.8403	0.5764	413610300.0000	301252231.0575	2573000.0000	1941040.9700	631959.0300	1.3730	0.2456
w_take1.5_stop3.0_atr5.0_dev-1.0	202602	81	102	58	0.0647	-1.1142	0.3951	214544210.0000	170798085.8705	958840.0000	675281.7470	283558.2530	1.2561	0.2957
w_take1.5_stop3.0_atr5.0_dev-1.0	202603	22	29	21	-0.1728	-3.0853	0.2273	60772220.0000	46260157.9830	-370400.0000	-470889.7750	100489.7750	1.3137	0.2713
w_take1.5_stop3.0_atr5.0_dev-1.0	202604	50	63	34	0.0385	-0.8305	0.4200	130827830.0000	104161851.9345	432800.0000	268823.9750	163976.0250	1.2560	0.3789
w_take1.5_stop3.0_atr5.0_dev-1.0	202605	55	85	67	0.1216	-1.4799	0.6182	176404850.0000	116214679.5875	1161400.0000	837784.4650	323615.5350	1.5179	0.2786
w_take1.5_stop3.0_atr5.0_dev-1.0	202606	7	8	5	-0.0657	-2.0442	0.4286	16759500.0000	14655197.9500	-31600.0000	-55342.8100	23742.8100	1.1436	0.7514
w_take1.5_stop3.0_atr5.0_dev-1.0	202607	2	5	3	0.3344	-1.7059	1.0000	10832760.0000	4341621.1455	102280.0000	87126.9800	15153.0200	2.4951	0.1482
w_take1.5_stop3.0_atr5.0_dev-1.0	202608	38	48	27	0.0759	-1.2436	0.4211	101423500.0000	80318645.9900	504950.0000	370965.4125	133984.5875	1.2628	0.2653
w_take1.5_stop3.0_atr5.0_dev-1.0	202609	64	91	61	0.1455	-0.9203	0.5781	191411950.0000	135386004.8550	1486500.0000	1187997.9400	298502.0600	1.4138	0.2008
w_take1.5_stop3.0_atr5.0_dev-3.0	202509	70	82	35	0.0468	-0.9310	0.3143	171289920.0000	146506292.6480	594300.0000	421951.0150	172348.9850	1.1692	0.2900
w_take1.5_stop3.0_atr5.0_dev-3.0	202510	96	116	70	0.0745	-1.1016	0.5104	243158760.0000	202885788.3040	1246350.0000	905718.9735	340631.0265	1.1985	0.2733
w_take1.5_stop3.0_atr5.0_dev-3.0	202511	121	146	75	0.0828	-1.0903	0.4545	307065142.0000	255563478.7725	1661008.0000	1295914.4562	365093.5438	1.2015	0.2198
w_take1.5_stop3.0_atr5.0_dev-3.0	202512	135	161	73	0.0389	-0.8902	0.3556	335723190.0000	282805534.4680	1055400.0000	703666.9810	351733.0190	1.1871	0.3333
w_take1.5_stop3.0_atr5.0_dev-3.0	202601	146	201	134	0.0964	-0.8448	0.5685	417399900.0000	305042399.4975	2447800.0000	1807394.0700	640405.9300	1.3683	0.2616
w_take1.5_stop3.0_atr5.0_dev-3.0	202602	83	106	62	0.0518	-1.1727	0.3855	222584610.0000	174961110.2305	856740.0000	554911.1020	301828.8980	1.2722	0.3523
w_take1.5_stop3.0_atr5.0_dev-3.0	202603	24	32	23	-0.1821	-3.0853	0.2500	67254920.0000	50585306.6580	-434900.0000	-544768.9600	109868.9600	1.3295	0.2526
w_take1.5_stop3.0_atr5.0_dev-3.0	202604	50	63	34	0.0385	-0.8305	0.4200	130827830.0000	104161851.9345	432800.0000	268823.9750	163976.0250	1.2560	0.3789
w_take1.5_stop3.0_atr5.0_dev-3.0	202605	57	86	69	0.0974	-1.5478	0.5965	178523450.0000	120475918.6775	1025000.0000	692034.7450	332965.2550	1.4818	0.3248
w_take1.5_stop3.0_atr5.0_dev-3.0	202606	8	9	5	-0.0575	-2.4255	0.3750	18758200.0000	16654197.7550	-31600.0000	-55342.8100	23742.8100	1.1263	0.7514
w_take1.5_stop3.0_atr5.0_dev-3.0	202607	2	5	3	0.3344	-1.7059	1.0000	10832760.0000	4341621.1455	102280.0000	87126.9800	15153.0200	2.4951	0.1482
w_take1.5_stop3.0_atr5.0_dev-3.0	202608	41	53	30	0.0631	-1.3245	0.4146	111194300.0000	86078309.8100	503950.0000	357112.8625	146837.1375	1.2918	0.2914
w_take1.5_stop3.0_atr5.0_dev-3.0	202609	70	99	68	0.1452	-0.9571	0.6143	206954050.0000	147244383.3450	1622200.0000	1290932.2550	331267.7450	1.4055	0.2042
w_take1.5_stop3.0_atr5.0_dev0.0	202509	65	74	29	0.0542	-0.9126	0.2923	154382320.0000	135960511.0180	593900.0000	450875.0350	143024.9650	1.1355	0.2408
w_take1.5_stop3.0_atr5.0_dev0.0	202510	87	102	58	0.0672	-1.0951	0.4483	213533770.0000	183529195.2505	1023700.0000	742049.0450	281650.9550	1.1635	0.2751
w_take1.5_stop3.0_atr5.0_dev0.0	202511	109	131	68	0.0817	-0.9688	0.4495	275310492.0000	230046751.8375	1479968.0000	1150071.4322	329896.5678	1.1968	0.2229
w_take1.5_stop3.0_atr5.0_dev0.0	202512	120	142	62	0.0664	-0.8126	0.3667	296538230.0000	251651702.0940	1310850.0000	1008864.3935	301985.6065	1.1784	0.2304
w_take1.5_stop3.0_atr5.0_dev0.0	202601	138	193	127	0.1102	-0.8386	0.5797	401150550.0000	288790612.0950	2553500.0000	1944016.4050	609483.5950	1.3891	0.2387
w_take1.5_stop3.0_atr5.0_dev0.0	202602	78	96	53	0.0506	-1.0722	0.3846	201801310.0000	164424730.0105	765740.0000	507313.6320	258426.3680	1.2273	0.3375
w_take1.5_stop3.0_atr5.0_dev0.0	202603	19	24	19	-0.2253	-3.1097	0.2105	49970700.0000	39768664.4050	-442400.0000	-532819.6750	90419.6750	1.2565	0.2044
w_take1.5_stop3.0_atr5.0_dev0.0	202604	47	60	32	0.0495	-0.8264	0.4255	125492730.0000	98643524.3095	447600.0000	291275.0750	156324.9250	1.2722	0.3493
w_take1.5_stop3.0_atr5.0_dev0.0	202605	51	79	60	0.1505	-1.4301	0.6471	163566350.0000	107669297.9725	1250000.0000	960605.6550	289394.3450	1.5192	0.2315
w_take1.5_stop3.0_atr5.0_dev0.0	202606	7	8	5	-0.0657	-2.0442	0.4286	16759500.0000	14655197.9500	-31600.0000	-55342.8100	23742.8100	1.1436	0.7514
w_take1.5_stop3.0_atr5.0_dev0.0	202607	2	5	3	0.3344	-1.7059	1.0000	10832760.0000	4341621.1455	102280.0000	87126.9800	15153.0200	2.4951	0.1482
w_take1.5_stop3.0_atr5.0_dev0.0	202608	35	43	24	0.0870	-1.1628	0.4286	90601350.0000	73821671.5900	511350.0000	392110.2925	119239.7075	1.2273	0.2332
w_take1.5_stop3.0_atr5.0_dev0.0	202609	60	85	56	0.1355	-0.9203	0.5667	178957950.0000	127084059.7500	1314000.0000	1039863.5650	274136.4350	1.4082	0.2086
w_take1.5_stop4.0_atr4.0_dev-1.0	202509	51	58	23	0.0491	-0.7143	0.3137	121673820.0000	107055175.8680	434500.0000	320771.7550	113728.2450	1.1366	0.2617
w_take1.5_stop4.0_atr4.0_dev-1.0	202510	65	77	42	0.0822	-1.0951	0.4923	161140000.0000	137188875.2450	890700.0000	685181.8650	205518.1350	1.1746	0.2307
w_take1.5_stop4.0_atr4.0_dev-1.0	202511	56	65	38	0.1118	-0.9042	0.5536	138704350.0000	120118265.0375	996850.0000	807728.7325	189121.2675	1.1547	0.1897
w_take1.5_stop4.0_atr4.0_dev-1.0	202512	87	99	36	0.0692	-0.7181	0.3218	209117430.0000	184643752.4090	948890.0000	772464.2775	176425.7225	1.1325	0.1859
w_take1.5_stop4.0_atr4.0_dev-1.0	202601	84	113	71	0.1372	-0.7192	0.5952	239024650.0000	178537876.6650	1832900.0000	1484910.0850	347989.9150	1.3388	0.1899
w_take1.5_stop4.0_atr4.0_dev-1.0	202602	32	36	16	0.0711	-1.0490	0.3438	76185390.0000	67652496.3525	367220.0000	288255.6620	78964.3380	1.1261	0.2150
w_take1.5_stop4.0_atr4.0_dev-1.0	202603	5	7	4	-0.2252	-3.1804	0.2000	14808900.0000	10739910.7450	-125100.0000	-144603.6750	19503.6750	1.3789	0.1559
w_take1.5_stop4.0_atr4.0_dev-1.0	202604	23	25	13	0.0195	-0.8264	0.3478	52816430.0000	48929668.3495	119800.0000	55915.0000	63885.0000	1.0794	0.5333
w_take1.5_stop4.0_atr4.0_dev-1.0	202605	22	34	27	0.2513	-1.2556	0.7727	71084900.0000	46921087.1075	835950.0000	703666.1175	132283.8825	1.5150	0.1582
w_take1.5_stop4.0_atr4.0_dev-1.0	202606	5	5	3	-0.0607	-2.0442	0.4000	10433000.0000	10465369.5700	-24200.0000	-38374.1600	14174.1600	0.9969	0.5857
w_take1.5_stop4.0_atr4.0_dev-1.0	202608	5	8	4	0.1747	-0.6884	0.6000	16352400.0000	10098914.6100	133200.0000	113142.8200	20057.1800	1.6192	0.1506
w_take1.5_stop4.0_atr4.0_dev-1.0	202609	34	45	32	0.1638	-0.9789	0.7059	95115850.0000	72084110.9950	868900.0000	712069.4800	156830.5200	1.3195	0.1805
w_take1.5_stop4.0_atr4.0_dev-3.0	202509	53	61	26	0.0435	-0.7143	0.3396	127946220.0000	111279209.3780	425400.0000	297286.6500	128113.3500	1.1498	0.3012
w_take1.5_stop4.0_atr4.0_dev-3.0	202510	70	84	49	0.0731	-1.1016	0.5143	175938790.0000	147904972.4185	892210.0000	652654.8745	239555.1255	1.1895	0.2685
w_take1.5_stop4.0_atr4.0_dev-3.0	202511	59	69	39	0.1096	-0.9294	0.5424	147265750.0000	126543128.6225	1029150.0000	835043.0375	194106.9625	1.1638	0.1886
w_take1.5_stop4.0_atr4.0_dev-3.0	202512	88	101	38	0.0635	-0.7179	0.3295	213359430.0000	186793074.7590	902390.0000	716868.8525	185521.1475	1.1422	0.2056
w_take1.5_stop4.0_atr4.0_dev-3.0	202601	84	113	71	0.1372	-0.7192	0.5952	239024650.0000	178537876.6650	1832900.0000	1484910.0850	347989.9150	1.3388	0.1899
w_take1.5_stop4.0_atr4.0_dev-3.0	202602	32	36	16	0.0711	-1.0490	0.3438	76185390.0000	67652496.3525	367220.0000	288255.6620	78964.3380	1.1261	0.2150
w_take1.5_stop4.0_atr4.0_dev-3.0	202603	6	8	5	-0.3184	-3.8011	0.1667	16971900.0000	12903235.1950	-222600.0000	-246448.0500	23848.0500	1.3153	0.1071
w_take1.5_stop4.0_atr4.0_dev-3.0	202604	23	25	13	0.0195	-0.8264	0.3478	52816430.0000	48929668.3495	119800.0000	55915.0000	63885.0000	1.0794	0.5333
w_take1.5_stop4.0_atr4.0_dev-3.0	202605	22	34	27	0.2513	-1.2556	0.7727	71084900.0000	46921087.1075	835950.0000	703666.1175	132283.8825	1.5150	0.1582
w_take1.5_stop4.0_atr4.0_dev-3.0	202606	6	6	3	-0.0506	-2.2812	0.3333	12577400.0000	12610091.2300	-24200.0000	-38374.1600	14174.1600	0.9974	0.5857
w_take1.5_stop4.0_atr4.0_dev-3.0	202608	5	8	4	0.1747	-0.6884	0.6000	16352400.0000	10098914.6100	133200.0000	113142.8200	20057.1800	1.6192	0.1506
w_take1.5_stop4.0_atr4.0_dev-3.0	202609	35	46	32	0.1591	-0.9328	0.6857	96625850.0000	73594337.4950	868900.0000	712069.4800	156830.5200	1.3130	0.1805
w_take1.5_stop4.0_atr4.0_dev0.0	202509	48	53	20	0.0619	-0.7141	0.3125	111035020.0000	100733927.8230	479300.0000	380392.7750	98907.2250	1.1023	0.2064
w_take1.5_stop4.0_atr4.0_dev0.0	202510	61	69	35	0.0617	-1.1080	0.4098	144205600.0000	128420860.2400	653700.0000	483003.5050	170696.4950	1.1229	0.2611
w_take1.5_stop4.0_atr4.0_dev0.0	202511	54	63	37	0.1118	-0.9042	0.5556	134557650.0000	115826721.4025	963050.0000	778994.7025	184055.2975	1.1617	0.1911
w_take1.5_stop4.0_atr4.0_dev0.0	202512	85	96	34	0.0783	-0.7177	0.3176	202795570.0000	180346647.9400	1023290.0000	856344.8135	166945.1865	1.1245	0.1631
w_take1.5_stop4.0_atr4.0_dev0.0	202601	80	109	68	0.1493	-0.7192	0.6125	230527050.0000	170039002.0250	1873300.0000	1539475.8650	333824.1350	1.3557	0.1782
w_take1.5_stop4.0_atr4.0_dev0.0	202602	31	35	16	0.0734	-1.0000	0.3548	74157390.0000	65624192.1525	367220.0000	288255.6620	78964.3380	1.1300	0.2150
w_take1.5_stop4.0_atr4.0_dev0.0	202603	4	6	4	-0.2815	-3.8011	0.2500	12647300.0000	8577986.5050	-125100.0000	-144603.6750	19503.6750	1.4744	0.1559
w_take1.5_stop4.0_atr4.0_dev0.0	202604	21	23	12	0.0112	-0.8264	0.3333	48763330.0000	44734539.1745	88600.0000	29422.1000	59177.9000	1.0901	0.6679
w_take1.5_stop4.0_atr4.0_dev0.0	202605	21	32	25	0.2419	-1.2068	0.7619	66755300.0000	44745760.8575	767550.0000	645371.2575	122178.7425	1.4919	0.1592
w_take1.5_stop4.0_atr4.0_dev0.0	202606	5	5	3	-0.0607	-2.0442	0.4000	10433000.0000	10465369.5700	-24200.0000	-38374.1600	14174.1600	0.9969	0.5857
w_take1.5_stop4.0_atr4.0_dev0.0	202608	5	8	4	0.1747	-0.6884	0.6000	16352400.0000	10098914.6100	133200.0000	113142.8200	20057.1800	1.6192	0.1506
w_take1.5_stop4.0_atr4.0_dev0.0	202609	33	43	31	0.1620	-0.9328	0.6970	90849250.0000	69941389.6350	835100.0000	683227.8100	151872.1900	1.2989	0.1819
w_take1.5_stop4.0_atr4.5_dev-1.0	202509	56	63	23	0.0447	-0.7618	0.2857	131724620.0000	117107483.4880	434500.0000	320771.7550	113728.2450	1.1248	0.2617
w_take1.5_stop4.0_atr4.5_dev-1.0	202510	79	94	55	0.1011	-1.0256	0.5316	196231680.0000	166341927.5470	1280500.0000	1013266.9350	267233.0650	1.1797	0.2087
w_take1.5_stop4.0_atr4.5_dev-1.0	202511	75	86	44	0.0887	-0.9346	0.4667	182528100.0000	159949088.7650	1077150.0000	859278.5875	217871.4125	1.1412	0.2023
w_take1.5_stop4.0_atr4.5_dev-1.0	202512	108	126	49	0.0733	-0.8620	0.3519	263445830.0000	226888288.1390	1244490.0000	1005299.7575	239190.2425	1.1611	0.1922
w_take1.5_stop4.0_atr4.5_dev-1.0	202601	123	167	110	0.1264	-0.8292	0.6016	348238950.0000	257974090.3100	2505700.0000	1976037.6350	529662.3650	1.3499	0.2114
w_take1.5_stop4.0_atr4.5_dev-1.0	202602	64	82	45	0.1050	-0.9724	0.4375	172709590.0000	135055205.2425	1079520.0000	858111.9570	221408.0430	1.2788	0.2051
w_take1.5_stop4.0_atr4.5_dev-1.0	202603	14	19	15	-0.2227	-3.6579	0.2857	40038830.0000	29657697.9875	-320820.0000	-393428.7070	72608.7070	1.3500	0.2263
w_take1.5_stop4.0_atr4.5_dev-1.0	202604	34	41	21	0.0210	-0.8581	0.4118	85047830.0000	70732538.2895	227700.0000	126357.4000	101342.6000	1.2024	0.4451
w_take1.5_stop4.0_atr4.5_dev-1.0	202605	32	50	38	0.1992	-1.3485	0.6875	105280300.0000	68427662.6100	1000100.0000	813279.1050	186820.8950	1.5386	0.1868
w_take1.5_stop4.0_atr4.5_dev-1.0	202606	6	6	3	-0.0506	-2.4756	0.3333	12466200.0000	12498874.5500	-24200.0000	-38374.1600	14174.1600	0.9974	0.5857
w_take1.5_stop4.0_atr4.5_dev-1.0	202608	15	18	6	0.0891	-1.3609	0.3333	37097700.0000	30847326.4050	202300.0000	172478.6450	29821.3550	1.2026	0.1474
w_take1.5_stop4.0_atr4.5_dev-1.0	202609	42	55	37	0.1591	-1.0720	0.6429	116169950.0000	88928937.3400	1035800.0000	854273.4250	181526.5750	1.3063	0.1753
w_take1.5_stop4.0_atr4.5_dev-3.0	202509	58	66	26	0.0397	-0.7618	0.3103	137997020.0000	121331516.9980	425400.0000	297286.6500	128113.3500	1.1374	0.3012
w_take1.5_stop4.0_atr4.5_dev-3.0	202510	84	101	62	0.0924	-1.0604	0.5476	211030470.0000	177058024.7205	1282010.0000	980739.9445	301270.0555	1.1919	0.2350
w_take1.5_stop4.0_atr4.5_dev-3.0	202511	80	91	45	0.0858	-0.9516	0.4500	193210100.0000	170597585.8000	1109450.0000	886626.0125	222823.9875	1.1325	0.2008
w_take1.5_stop4.0_atr4.5_dev-3.0	202512	110	130	53	0.0606	-0.8620	0.3636	272014830.0000	231283947.3890	1127990.0000	870997.5325	256992.4675	1.1761	0.2278
w_take1.5_stop4.0_atr4.5_dev-3.0	202601	123	167	110	0.1264	-0.8292	0.6016	348238950.0000	257974090.3100	2505700.0000	1976037.6350	529662.3650	1.3499	0.2114
w_take1.5_stop4.0_atr4.5_dev-3.0	202602	65	83	46	0.0911	-1.0000	0.4308	174862990.0000	137208928.2525	980920.0000	754773.8870	226146.1130	1.2744	0.2305
w_take1.5_stop4.0_atr4.5_dev-3.0	202603	15	20	16	-0.2601	-4.1353	0.2667	42201830.0000	31821022.4375	-418320.0000	-495273.0820	76953.0820	1.3262	0.1840
w_take1.5_stop4.0_atr4.5_dev-3.0	202604	34	41	21	0.0210	-0.8581	0.4118	85047830.0000	70732538.2895	227700.0000	126357.4000	101342.6000	1.2024	0.4451
w_take1.5_stop4.0_atr4.5_dev-3.0	202605	32	50	38	0.1992	-1.3485	0.6875	105280300.0000	68427662.6100	1000100.0000	813279.1050	186820.8950	1.5386	0.1868
w_take1.5_stop4.0_atr4.5_dev-3.0	202606	7	7	3	-0.0434	-2.5182	0.2857	14610600.0000	14643596.2100	-24200.0000	-38374.1600	14174.1600	0.9977	0.5857
w_take1.5_stop4.0_atr4.5_dev-3.0	202608	16	21	8	0.1115	-1.3427	0.3750	43202700.0000	32917636.9050	267300.0000	228058.3950	39241.6050	1.3124	0.1468
w_take1.5_stop4.0_atr4.5_dev-3.0	202609	44	58	39	0.1631	-1.0720	0.6591	121719950.0000	92484470.5900	1105800.0000	914830.9250	190969.0750	1.3161	0.1727
w_take1.5_stop4.0_atr4.5_dev0.0	202509	53	58	20	0.0561	-0.7491	0.2830	121085820.0000	110786235.4430	479300.0000	380392.7750	98907.2250	1.0930	0.2064
w_take1.5_stop4.0_atr4.5_dev0.0	202510	75	86	48	0.0854	-1.0951	0.4667	179297280.0000	157573912.5420	1043500.0000	811088.5750	232411.4250	1.1379	0.2227
w_take1.5_stop4.0_atr4.5_dev0.0	202511	71	81	42	0.0875	-0.9294	0.4648	172049000.0000	151426910.6300	1010950.0000	803058.0175	207891.9825	1.1362	0.2056
w_take1.5_stop4.0_atr4.5_dev0.0	202512	104	121	46	0.0900	-0.7997	0.3558	253452970.0000	218791613.8200	1418890.0000	1193914.8935	224975.1065	1.1584	0.1586
w_take1.5_stop4.0_atr4.5_dev0.0	202601	118	162	105	0.1317	-0.8185	0.6017	337947350.0000	247680946.5700	2490100.0000	1982925.6150	507174.3850	1.3644	0.2037
w_take1.5_stop4.0_atr4.5_dev0.0	202602	62	78	42	0.0949	-0.9162	0.4355	164276590.0000	130872577.9425	956520.0000	750107.9070	206412.0930	1.2552	0.2158
w_take1.5_stop4.0_atr4.5_dev0.0	202603	11	14	12	-0.2513	-4.1353	0.2727	29241200.0000	23169674.9300	-289500.0000	-347276.1850	57776.1850	1.2620	0.1996
w_take1.5_stop4.0_atr4.5_dev0.0	202604	31	38	19	0.0409	-0.8415	0.4194	79713730.0000	65214210.6645	254500.0000	160782.7000	93717.3000	1.2223	0.3682
w_take1.5_stop4.0_atr4.5_dev0.0	202605	31	48	36	0.1912	-1.3456	0.6774	100950700.0000	66252336.3600	931700.0000	754984.2450	176715.7550	1.5237	0.1897
w_take1.5_stop4.0_atr4.5_dev0.0	202606	6	6	3	-0.0506	-2.4756	0.3333	12466200.0000	12498874.5500	-24200.0000	-38374.1600	14174.1600	0.9974	0.5857
w_take1.5_stop4.0_atr4.5_dev0.0	202608	15	18	6	0.0891	-1.3609	0.3333	37097700.0000	30847326.4050	202300.0000	172478.6450	29821.3550	1.2026	0.1474
w_take1.5_stop4.0_atr4.5_dev0.0	202609	41	54	36	0.1570	-1.1190	0.6341	114129950.0000	86888631.3400	1000800.0000	824040.6750	176759.3250	1.3135	0.1766
w_take1.5_stop4.0_atr5.0_dev-1.0	202509	66	77	31	0.0513	-0.9109	0.3030	160720320.0000	137950209.4280	591700.0000	438703.5150	152996.4850	1.1651	0.2586
w_take1.5_stop4.0_atr5.0_dev-1.0	202510	88	107	61	0.1059	-1.0604	0.5341	223977220.0000	185678167.5480	1482650.0000	1185552.8925	297097.1075	1.2063	0.2004
w_take1.5_stop4.0_atr5.0_dev-1.0	202511	102	123	63	0.0940	-1.0397	0.4804	258081362.0000	214840421.2300	1553988.0000	1246981.2332	307006.7668	1.2013	0.1976
w_take1.5_stop4.0_atr5.0_dev-1.0	202512	119	140	59	0.0669	-0.8902	0.3613	291970930.0000	249552587.2740	1313590.0000	1027430.7825	286159.2175	1.1700	0.2178
w_take1.5_stop4.0_atr5.0_dev-1.0	202601	139	193	129	0.1278	-0.8292	0.6115	400816250.0000	290341644.7150	2861700.0000	2243457.7750	618242.2250	1.3805	0.2160
w_take1.5_stop4.0_atr5.0_dev-1.0	202602	78	99	52	0.1062	-1.0722	0.4231	208361090.0000	164610137.8175	1312020.0000	1056538.0620	255481.9380	1.2658	0.1947
w_take1.5_stop4.0_atr5.0_dev-1.0	202603	22	29	21	-0.2339	-3.6239	0.2273	60760830.0000	46256687.4625	-541770.0000	-642007.2495	100237.2495	1.3136	0.1850
w_take1.5_stop4.0_atr5.0_dev-1.0	202604	49	62	33	0.0359	-0.8345	0.4490	128670430.0000	102005128.4745	414500.0000	255546.2700	158953.7300	1.2614	0.3835
w_take1.5_stop4.0_atr5.0_dev-1.0	202605	48	78	58	0.1903	-1.3865	0.6667	161488150.0000	101203578.2600	1432050.0000	1152170.6925	279879.3075	1.5957	0.1954
w_take1.5_stop4.0_atr5.0_dev-1.0	202606	7	8	4	-0.0124	-2.0442	0.4286	16756200.0000	14655197.9500	8800.0000	-10353.3100	19153.3100	1.1434	2.1765
w_take1.5_stop4.0_atr5.0_dev-1.0	202607	2	5	3	0.3344	-1.7059	1.0000	10832760.0000	4341621.1455	102280.0000	87126.9800	15153.0200	2.4951	0.1482
w_take1.5_stop4.0_atr5.0_dev-1.0	202608	34	42	22	0.1240	-1.1003	0.4412	88475150.0000	71643944.9800	653950.0000	544356.9525	109593.0475	1.2349	0.1676
w_take1.5_stop4.0_atr5.0_dev-1.0	202609	58	82	56	0.1811	-0.9294	0.6552	172159350.0000	122451064.9050	1612000.0000	1337871.4650	274128.5350	1.4059	0.1701
w_take1.5_stop4.0_atr5.0_dev-3.0	202509	68	80	34	0.0468	-0.9109	0.3235	166992720.0000	142174242.9380	582600.0000	415218.4100	167381.5900	1.1746	0.2873
w_take1.5_stop4.0_atr5.0_dev-3.0	202510	93	114	68	0.0978	-1.0951	0.5484	238776010.0000	196394264.7215	1484160.0000	1153025.9020	331134.0980	1.2158	0.2231
w_take1.5_stop4.0_atr5.0_dev-3.0	202511	106	127	64	0.0924	-1.0397	0.4717	266628362.0000	223353598.0150	1586288.0000	1274328.6582	311959.3418	1.1938	0.1967
w_take1.5_stop4.0_atr5.0_dev-3.0	202512	122	146	65	0.0590	-0.8848	0.3770	304863130.0000	256097368.8440	1269440.0000	955379.6450	314060.3550	1.1904	0.2474
w_take1.5_stop4.0_atr5.0_dev-3.0	202601	140	194	129	0.1269	-0.8339	0.6071	402562250.0000	292087906.6150	2861700.0000	2243457.7750	618242.2250	1.3782	0.2160
w_take1.5_stop4.0_atr5.0_dev-3.0	202602	79	100	53	0.0948	-1.0981	0.4177	210514490.0000	166763860.8275	1213420.0000	953199.9920	260220.0080	1.2624	0.2145
w_take1.5_stop4.0_atr5.0_dev-3.0	202603	24	32	23	-0.2381	-3.6239	0.2500	67243530.0000	50581836.1375	-606270.0000	-715886.4345	109616.4345	1.3294	0.1808
w_take1.5_stop4.0_atr5.0_dev-3.0	202604	49	61	33	0.0359	-0.8345	0.4490	126502330.0000	101998527.4845	414500.0000	255561.4500	158938.5500	1.2402	0.3834
w_take1.5_stop4.0_atr5.0_dev-3.0	202605	50	79	59	0.1681	-1.4193	0.6400	163599550.0000	105457616.2700	1343650.0000	1059244.3725	284405.6275	1.5513	0.2117
w_take1.5_stop4.0_atr5.0_dev-3.0	202606	8	9	4	-0.0109	-2.2812	0.3750	18900600.0000	16799919.6100	8800.0000	-10353.3100	19153.3100	1.1250	2.1765
w_take1.5_stop4.0_atr5.0_dev-3.0	202607	2	5	3	0.3344	-1.7059	1.0000	10832760.0000	4341621.1455	102280.0000	87126.9800	15153.0200	2.4951	0.1482
w_take1.5_stop4.0_atr5.0_dev-3.0	202608	36	46	25	0.1089	-1.1003	0.4444	96111150.0000	75268488.5800	652950.0000	530504.4025	122445.5975	1.2769	0.1875
w_take1.5_stop4.0_atr5.0_dev-3.0	202609	63	89	62	0.1892	-1.0249	0.6984	185636850.0000	132244533.7050	1812500.0000	1510215.0400	302284.9600	1.4037	0.1668
w_take1.5_stop4.0_atr5.0_dev0.0	202509	63	72	28	0.0611	-0.9091	0.3016	150081520.0000	131628961.3830	636500.0000	498324.5350	138175.4650	1.1402	0.2171
w_take1.5_stop4.0_atr5.0_dev0.0	202510	83	98	54	0.0933	-1.0951	0.4819	204876820.0000	174743827.6430	1245650.0000	983374.5325	262275.4675	1.1724	0.2106
w_take1.5_stop4.0_atr5.0_dev0.0	202511	96	115	59	0.1003	-1.0088	0.4792	241628612.0000	202511372.1500	1520138.0000	1232528.9557	287609.0443	1.1932	0.1892
w_take1.5_stop4.0_atr5.0_dev0.0	202512	114	134	55	0.0901	-0.8330	0.3684	280396070.0000	239765659.4550	1571990.0000	1303752.3185	268237.6815	1.1695	0.1706
w_take1.5_stop4.0_atr5.0_dev0.0	202601	134	188	124	0.1325	-0.8185	0.6119	390524650.0000	280048500.9750	2846100.0000	2250345.7550	595754.2450	1.3945	0.2093
w_take1.5_stop4.0_atr5.0_dev0.0	202602	75	93	48	0.0962	-1.0000	0.4133	195615190.0000	158252784.3575	1153020.0000	917612.5320	235407.4680	1.2361	0.2042
w_take1.5_stop4.0_atr5.0_dev0.0	202603	19	24	18	-0.2522	-4.0675	0.2105	49963200.0000	39768664.4050	-510450.0000	-595854.7275	85404.7275	1.2563	0.1673
w_take1.5_stop4.0_atr5.0_dev0.0	202604	46	59	31	0.0503	-0.8305	0.4565	123336330.0000	96486800.8495	441300.0000	289971.5700	151328.4300	1.2783	0.3429
w_take1.5_stop4.0_atr5.0_dev0.0	202605	46	74	54	0.2035	-1.3799	0.6739	152851150.0000	96862527.2000	1441050.0000	1181016.4425	260033.5575	1.5780	0.1804
w_take1.5_stop4.0_atr5.0_dev0.0	202606	7	8	4	-0.0124	-2.0442	0.4286	16756200.0000	14655197.9500	8800.0000	-10353.3100	19153.3100	1.1434	2.1765
w_take1.5_stop4.0_atr5.0_dev0.0	202607	2	5	3	0.3344	-1.7059	1.0000	10832760.0000	4341621.1455	102280.0000	87126.9800	15153.0200	2.4951	0.1482
w_take1.5_stop4.0_atr5.0_dev0.0	202608	33	41	22	0.1278	-1.0377	0.4545	86320050.0000	69488521.7150	653950.0000	544356.9525	109593.0475	1.2422	0.1676
w_take1.5_stop4.0_atr5.0_dev0.0	202609	54	77	53	0.1808	-0.9294	0.6667	161867850.0000	114188325.6800	1507000.0000	1247138.7150	259861.2850	1.4176	0.1724
w_take1.5_stop5.0_atr4.0_dev-1.0	202509	49	56	22	0.0653	-0.7143	0.3265	117480820.0000	102860146.7080	520300.0000	411381.5050	108918.4950	1.1421	0.2093
w_take1.5_stop5.0_atr4.0_dev-1.0	202510	60	70	36	0.0930	-1.1016	0.4833	146602100.0000	126556380.6100	890400.0000	713986.7100	176413.2900	1.1584	0.1981
w_take1.5_stop5.0_atr4.0_dev-1.0	202511	51	60	36	0.1199	-0.9346	0.5686	128060200.0000	109364302.1850	968400.0000	789156.1850	179243.8150	1.1710	0.1851
w_take1.5_stop5.0_atr4.0_dev-1.0	202512	82	94	35	0.0838	-0.7059	0.3415	198380430.0000	173905141.8590	1054490.0000	882819.3135	171670.6865	1.1407	0.1628
w_take1.5_stop5.0_atr4.0_dev-1.0	202601	81	110	69	0.1614	-0.7181	0.6296	232927450.0000	172328745.4350	2010500.0000	1671379.7650	339120.2350	1.3516	0.1687
w_take1.5_stop5.0_atr4.0_dev-1.0	202602	30	34	15	0.0872	-1.1566	0.4000	71917890.0000	63516376.0275	405270.0000	331120.6695	74149.3305	1.1323	0.1830
w_take1.5_stop5.0_atr4.0_dev-1.0	202603	4	6	3	-0.1231	-2.4969	0.2500	12856400.0000	8594588.9950	-48350.0000	-63085.1875	14735.1875	1.4959	0.3048
w_take1.5_stop5.0_atr4.0_dev-1.0	202604	22	24	12	0.0512	-0.7629	0.3636	50736430.0000	46803849.5245	201000.0000	141829.0700	59170.9300	1.0840	0.2944
w_take1.5_stop5.0_atr4.0_dev-1.0	202605	22	34	27	0.2513	-1.2556	0.7727	71084900.0000	46921087.1075	835950.0000	703666.1175	132283.8825	1.5150	0.1582
w_take1.5_stop5.0_atr4.0_dev-1.0	202606	4	4	2	0.1072	-1.4258	0.5000	8380400.0000	8383857.3900	62700.0000	53125.7650	9574.2350	0.9996	0.1527
w_take1.5_stop5.0_atr4.0_dev-1.0	202608	5	8	4	0.1747	-0.6884	0.6000	16352400.0000	10098914.6100	133200.0000	113142.8200	20057.1800	1.6192	0.1506
w_take1.5_stop5.0_atr4.0_dev-1.0	202609	34	45	32	0.1638	-0.9789	0.7059	95115850.0000	72084110.9950	868900.0000	712069.4800	156830.5200	1.3195	0.1805
w_take1.5_stop5.0_atr4.0_dev-3.0	202509	51	59	24	0.0746	-0.7138	0.3529	123762220.0000	107093181.5680	606400.0000	487626.7300	118773.2700	1.1556	0.1959
w_take1.5_stop5.0_atr4.0_dev-3.0	202510	63	75	40	0.1077	-1.0951	0.5238	157116650.0000	132932886.9425	1063750.0000	867774.3025	195975.6975	1.1819	0.1842
w_take1.5_stop5.0_atr4.0_dev-3.0	202511	54	64	37	0.1171	-0.9516	0.5556	136621600.0000	115789165.7700	1000700.0000	816470.4900	184229.5100	1.1799	0.1841
w_take1.5_stop5.0_atr4.0_dev-3.0	202512	82	94	36	0.0719	-0.7059	0.3415	198394430.0000	173919143.9590	934490.0000	758675.1135	175814.8865	1.1407	0.1881
w_take1.5_stop5.0_atr4.0_dev-3.0	202601	81	110	69	0.1614	-0.7181	0.6296	232927450.0000	172328745.4350	2010500.0000	1671379.7650	339120.2350	1.3516	0.1687
w_take1.5_stop5.0_atr4.0_dev-3.0	202602	30	34	15	0.0872	-1.1566	0.4000	71917890.0000	63516376.0275	405270.0000	331120.6695	74149.3305	1.1323	0.1830
w_take1.5_stop5.0_atr4.0_dev-3.0	202603	5	7	4	-0.2672	-3.1804	0.2000	15016400.0000	10754912.9950	-153350.0000	-172413.4375	19063.4375	1.3962	0.1243
w_take1.5_stop5.0_atr4.0_dev-3.0	202604	22	24	12	0.0512	-0.7629	0.3636	50736430.0000	46803849.5245	201000.0000	141829.0700	59170.9300	1.0840	0.2944
w_take1.5_stop5.0_atr4.0_dev-3.0	202605	22	34	27	0.2513	-1.2556	0.7727	71084900.0000	46921087.1075	835950.0000	703666.1175	132283.8825	1.5150	0.1582
w_take1.5_stop5.0_atr4.0_dev-3.0	202606	5	5	2	0.0858	-2.0442	0.4000	10524800.0000	10528579.0500	62700.0000	53125.7650	9574.2350	0.9996	0.1527
w_take1.5_stop5.0_atr4.0_dev-3.0	202608	5	8	4	0.1747	-0.6884	0.6000	16352400.0000	10098914.6100	133200.0000	113142.8200	20057.1800	1.6192	0.1506
w_take1.5_stop5.0_atr4.0_dev-3.0	202609	35	46	32	0.1591	-0.9328	0.6857	96625850.0000	73594337.4950	868900.0000	712069.4800	156830.5200	1.3130	0.1805
w_take1.5_stop5.0_atr4.0_dev0.0	202509	46	51	19	0.0797	-0.7141	0.3261	106842020.0000	96538898.6630	565100.0000	471002.5250	94097.4750	1.1067	0.1665
w_take1.5_stop5.0_atr4.0_dev0.0	202510	58	66	33	0.0848	-1.1016	0.4483	138135400.0000	122239233.1350	789700.0000	628339.5950	161360.4050	1.1300	0.2043
w_take1.5_stop5.0_atr4.0_dev0.0	202511	49	58	35	0.1202	-0.9346	0.5714	123913500.0000	105072758.5500	934600.0000	760422.1550	174177.8450	1.1793	0.1864
w_take1.5_stop5.0_atr4.0_dev0.0	202512	80	91	34	0.0832	-0.7059	0.3375	192065370.0000	169614838.4100	1023290.0000	856344.8135	166945.1865	1.1324	0.1631
w_take1.5_stop5.0_atr4.0_dev0.0	202601	78	107	66	0.1733	-0.7192	0.6282	226592850.0000	165993195.2450	2053100.0000	1728140.8150	324959.1850	1.3651	0.1583
w_take1.5_stop5.0_atr4.0_dev0.0	202602	29	33	14	0.1240	-1.0981	0.4138	69925890.0000	61392057.4275	525270.0000	455747.8695	69522.1305	1.1390	0.1324
w_take1.5_stop5.0_atr4.0_dev0.0	202603	3	5	3	-0.1642	-3.1804	0.3333	10694800.0000	6432664.7550	-48350.0000	-63085.1875	14735.1875	1.6626	0.3048
w_take1.5_stop5.0_atr4.0_dev0.0	202604	20	22	11	0.0455	-0.7629	0.3500	46683330.0000	42608720.3495	169800.0000	115336.1700	54463.8300	1.0956	0.3208
w_take1.5_stop5.0_atr4.0_dev0.0	202605	21	32	25	0.2419	-1.2068	0.7619	66755300.0000	44745760.8575	767550.0000	645371.2575	122178.7425	1.4919	0.1592
w_take1.5_stop5.0_atr4.0_dev0.0	202606	4	4	2	0.1072	-1.4258	0.5000	8380400.0000	8383857.3900	62700.0000	53125.7650	9574.2350	0.9996	0.1527
w_take1.5_stop5.0_atr4.0_dev0.0	202608	5	8	4	0.1747	-0.6884	0.6000	16352400.0000	10098914.6100	133200.0000	113142.8200	20057.1800	1.6192	0.1506
w_take1.5_stop5.0_atr4.0_dev0.0	202609	33	43	31	0.1620	-0.9328	0.6970	90849250.0000	69941389.6350	835100.0000	683227.8100	151872.1900	1.2989	0.1819
w_take1.5_stop5.0_atr4.5_dev-1.0	202509	54	61	22	0.0593	-0.7618	0.2963	127531620.0000	112912454.3280	520300.0000	411381.5050	108918.4950	1.1295	0.2093
w_take1.5_stop5.0_atr4.5_dev-1.0	202510	74	88	49	0.1111	-1.1016	0.5270	183746480.0000	155718534.2770	1280200.0000	1042032.9100	238167.0900	1.1800	0.1860
w_take1.5_stop5.0_atr4.5_dev-1.0	202511	67	78	40	0.1035	-0.9685	0.4776	165508650.0000	142775363.0925	1091700.0000	893428.1500	198271.8500	1.1592	0.1816
w_take1.5_stop5.0_atr4.5_dev-1.0	202512	102	120	47	0.0939	-0.7997	0.3725	250684830.0000	213997354.7890	1450090.0000	1220389.3935	229700.6065	1.1714	0.1584
w_take1.5_stop5.0_atr4.5_dev-1.0	202601	117	161	104	0.1620	-0.8032	0.6325	335841150.0000	245437010.0300	2901300.0000	2399381.8450	501918.1550	1.3683	0.1730
w_take1.5_stop5.0_atr4.5_dev-1.0	202602	60	76	41	0.1202	-0.9724	0.4667	160010590.0000	126636442.6175	1120970.0000	919126.4545	201843.5455	1.2635	0.1801
w_take1.5_stop5.0_atr4.5_dev-1.0	202603	12	17	13	-0.1799	-3.0585	0.3333	35919550.0000	25344851.1575	-204150.0000	-267091.4875	62941.4875	1.4172	0.3083
w_take1.5_stop5.0_atr4.5_dev-1.0	202604	32	39	19	0.0674	-0.8380	0.4375	81686830.0000	67283521.0145	366900.0000	273189.6700	93710.3300	1.2141	0.2554
w_take1.5_stop5.0_atr4.5_dev-1.0	202605	32	50	38	0.1934	-1.3485	0.6875	105280300.0000	68427662.6100	975700.0000	788931.5650	186768.4350	1.5386	0.1914
w_take1.5_stop5.0_atr4.5_dev-1.0	202606	5	5	2	0.0858	-2.0442	0.4000	10413600.0000	10417362.3700	62700.0000	53125.7650	9574.2350	0.9996	0.1527
w_take1.5_stop5.0_atr4.5_dev-1.0	202608	15	18	6	0.0891	-1.3609	0.3333	37097700.0000	30847326.4050	202300.0000	172478.6450	29821.3550	1.2026	0.1474
w_take1.5_stop5.0_atr4.5_dev-1.0	202609	42	55	37	0.1591	-1.0720	0.6429	116169950.0000	88928937.3400	1035800.0000	854273.4250	181526.5750	1.3063	0.1753
w_take1.5_stop5.0_atr4.5_dev-3.0	202509	56	64	24	0.0679	-0.7317	0.3214	133813020.0000	117145489.1880	606400.0000	487626.7300	118773.2700	1.1423	0.1959
w_take1.5_stop5.0_atr4.5_dev-3.0	202510	77	93	53	0.1225	-1.0951	0.5584	194261030.0000	162095040.6095	1453550.0000	1195820.5025	257729.4975	1.1984	0.1773
w_take1.5_stop5.0_atr4.5_dev-3.0	202511	72	83	41	0.0993	-0.9687	0.4583	176190650.0000	153423860.1275	1124000.0000	920775.5750	203224.4250	1.1484	0.1808
w_take1.5_stop5.0_atr4.5_dev-3.0	202512	103	122	50	0.0756	-0.8039	0.3786	255025830.0000	216257693.7890	1260090.0000	1017538.3935	242551.6065	1.1793	0.1925
w_take1.5_stop5.0_atr4.5_dev-3.0	202601	118	162	105	0.1532	-0.8055	0.6271	337884750.0000	247480916.5700	2798100.0000	2291703.4450	506396.5550	1.3653	0.1810
w_take1.5_stop5.0_atr4.5_dev-3.0	202602	60	76	41	0.1202	-0.9724	0.4667	160010590.0000	126636442.6175	1120970.0000	919126.4545	201843.5455	1.2635	0.1801
w_take1.5_stop5.0_atr4.5_dev-3.0	202603	13	18	14	-0.2309	-3.1804	0.3077	38079550.0000	27505175.1575	-309150.0000	-376419.7375	67269.7375	1.3845	0.2176
w_take1.5_stop5.0_atr4.5_dev-3.0	202604	32	39	19	0.0674	-0.8380	0.4375	81686830.0000	67283521.0145	366900.0000	273189.6700	93710.3300	1.2141	0.2554
w_take1.5_stop5.0_atr4.5_dev-3.0	202605	32	50	38	0.1934	-1.3485	0.6875	105280300.0000	68427662.6100	975700.0000	788931.5650	186768.4350	1.5386	0.1914
w_take1.5_stop5.0_atr4.5_dev-3.0	202606	6	6	2	0.0715	-2.2812	0.3333	12558000.0000	12562084.0300	62700.0000	53125.7650	9574.2350	0.9997	0.1527
w_take1.5_stop5.0_atr4.5_dev-3.0	202608	16	21	8	0.1115	-1.3427	0.3750	43202700.0000	32917636.9050	267300.0000	228058.3950	39241.6050	1.3124	0.1468
w_take1.5_stop5.0_atr4.5_dev-3.0	202609	44	58	39	0.1631	-1.0720	0.6591	121719950.0000	92484470.5900	1105800.0000	914830.9250	190969.0750	1.3161	0.1727
w_take1.5_stop5.0_atr4.5_dev0.0	202509	51	56	19	0.0719	-0.7491	0.2941	116892820.0000	106591206.2830	565100.0000	471002.5250	94097.4750	1.0966	0.1665
w_take1.5_stop5.0_atr4.5_dev0.0	202510	72	84	46	0.1050	-1.1016	0.5000	175279780.0000	151401386.8020	1179500.0000	956385.7950	223114.2050	1.1577	0.1892
w_take1.5_stop5.0_atr4.5_dev0.0	202511	64	74	38	0.1015	-0.9320	0.4688	157149450.0000	136373402.9425	1025500.0000	837207.5800	188292.4200	1.1523	0.1836
w_take1.5_stop5.0_atr4.5_dev0.0	202512	99	116	46	0.0945	-0.7955	0.3737	242722770.0000	208059804.2900	1418890.0000	1193914.8935	224975.1065	1.1666	0.1586
w_take1.5_stop5.0_atr4.5_dev0.0	202601	113	157	99	0.1678	-0.8032	0.6195	327712550.0000	237307190.7400	2887900.0000	2408465.0950	479434.9050	1.3810	0.1660
w_take1.5_stop5.0_atr4.5_dev0.0	202602	59	75	40	0.1388	-0.9449	0.4746	158018590.0000	124512124.0175	1240970.0000	1043753.6545	197216.3455	1.2691	0.1589
w_take1.5_stop5.0_atr4.5_dev0.0	202603	10	13	11	-0.2636	-4.0965	0.3000	27288700.0000	21024353.1800	-276150.0000	-329021.3875	52871.3875	1.2980	0.1915
w_take1.5_stop5.0_atr4.5_dev0.0	202604	30	37	18	0.0648	-0.8380	0.4333	77633730.0000	63088391.8395	335700.0000	246696.7700	89003.2300	1.2306	0.2651
w_take1.5_stop5.0_atr4.5_dev0.0	202605	31	48	36	0.1852	-1.3456	0.6774	100950700.0000	66252336.3600	907300.0000	730636.7050	176663.2950	1.5237	0.1947
w_take1.5_stop5.0_atr4.5_dev0.0	202606	5	5	2	0.0858	-2.0442	0.4000	10413600.0000	10417362.3700	62700.0000	53125.7650	9574.2350	0.9996	0.1527
w_take1.5_stop5.0_atr4.5_dev0.0	202608	15	18	6	0.0891	-1.3609	0.3333	37097700.0000	30847326.4050	202300.0000	172478.6450	29821.3550	1.2026	0.1474
w_take1.5_stop5.0_atr4.5_dev0.0	202609	41	54	36	0.1570	-1.1190	0.6341	114129950.0000	86888631.3400	1000800.0000	824040.6750	176759.3250	1.3135	0.1766
w_take1.5_stop5.0_atr5.0_dev-1.0	202509	62	73	29	0.0734	-0.9109	0.3226	152344520.0000	129403627.6330	725000.0000	581835.3100	143164.6900	1.1773	0.1975
w_take1.5_stop5.0_atr5.0_dev-1.0	202510	82	100	55	0.1165	-1.1016	0.5366	209326020.0000	172888449.3780	1482350.0000	1214318.8675	268031.1325	1.2108	0.1808
w_take1.5_stop5.0_atr5.0_dev-1.0	202511	94	114	58	0.1104	-1.0660	0.4894	238886912.0000	197485168.3325	1620038.0000	1337301.7707	282736.2293	1.2096	0.1745
w_take1.5_stop5.0_atr5.0_dev-1.0	202512	112	133	56	0.0923	-0.8330	0.3839	277119930.0000	234496329.1740	1609190.0000	1337306.4185	271883.5815	1.1818	0.1690
w_take1.5_stop5.0_atr5.0_dev-1.0	202601	132	186	122	0.1575	-0.8055	0.6364	386495450.0000	275881275.9850	3209800.0000	2623827.0100	585972.9900	1.4009	0.1826
w_take1.5_stop5.0_atr5.0_dev-1.0	202602	73	92	48	0.1203	-1.0462	0.4521	193582090.0000	154111063.1925	1353470.0000	1117552.5595	235917.4405	1.2561	0.1743
w_take1.5_stop5.0_atr5.0_dev-1.0	202603	20	27	18	-0.1876	-3.1450	0.3000	56641550.0000	41943840.6325	-373800.0000	-459615.8250	85815.8250	1.3504	0.2296
w_take1.5_stop5.0_atr5.0_dev-1.0	202604	47	60	32	0.0613	-0.8264	0.4681	125309430.0000	98583615.3245	517800.0000	361691.2250	156108.7750	1.2711	0.3015
w_take1.5_stop5.0_atr5.0_dev-1.0	202605	47	74	55	0.1618	-1.3848	0.6596	152924650.0000	99006848.8000	1219550.0000	954940.4875	264609.5125	1.5446	0.2170
w_take1.5_stop5.0_atr5.0_dev-1.0	202606	6	7	3	0.1076	-1.7874	0.5000	14703600.0000	12573685.7700	95700.0000	81146.6150	14553.3850	1.1694	0.1521
w_take1.5_stop5.0_atr5.0_dev-1.0	202607	2	5	3	0.3344	-1.7059	1.0000	10832760.0000	4341621.1455	102280.0000	87126.9800	15153.0200	2.4951	0.1482
w_take1.5_stop5.0_atr5.0_dev-1.0	202608	34	42	22	0.1240	-1.1003	0.4412	88475150.0000	71643944.9800	653950.0000	544356.9525	109593.0475	1.2349	0.1676
w_take1.5_stop5.0_atr5.0_dev-1.0	202609	57	81	56	0.1843	-0.9259	0.6667	169991850.0000	120283239.7800	1612000.0000	1337871.4650	274128.5350	1.4133	0.1701
w_take1.5_stop5.0_atr5.0_dev-3.0	202509	64	76	31	0.0805	-0.8848	0.3438	158625920.0000	133636662.4930	811100.0000	658080.5350	153019.4650	1.1870	0.1887
w_take1.5_stop5.0_atr5.0_dev-3.0	202510	85	105	59	0.1266	-1.0951	0.5647	219840570.0000	179264955.7105	1655700.0000	1368106.4600	287593.5400	1.2263	0.1737
w_take1.5_stop5.0_atr5.0_dev-3.0	202511	98	118	59	0.1081	-1.0660	0.4796	247433912.0000	205998345.1175	1652338.0000	1364649.1957	287688.8043	1.2011	0.1741
w_take1.5_stop5.0_atr5.0_dev-3.0	202512	114	137	61	0.0792	-0.8330	0.3947	285784130.0000	238905790.4940	1491540.0000	1196706.5060	294833.4940	1.1962	0.1977
w_take1.5_stop5.0_atr5.0_dev-3.0	202601	134	188	123	0.1486	-0.8185	0.6269	390285050.0000	279671444.4250	3106600.0000	2516148.6100	590451.3900	1.3955	0.1901
w_take1.5_stop5.0_atr5.0_dev-3.0	202602	73	92	48	0.1203	-1.0462	0.4521	193582090.0000	154111063.1925	1353470.0000	1117552.5595	235917.4405	1.2561	0.1743
w_take1.5_stop5.0_atr5.0_dev-3.0	202603	22	30	20	-0.1991	-3.1450	0.3182	63121250.0000	46265988.8575	-445800.0000	-540978.8850	95178.8850	1.3643	0.2135
w_take1.5_stop5.0_atr5.0_dev-3.0	202604	47	59	32	0.0613	-0.8264	0.4681	123141330.0000	98577014.3345	517800.0000	361706.4050	156093.5950	1.2492	0.3015
w_take1.5_stop5.0_atr5.0_dev-3.0	202605	48	75	55	0.1584	-1.3966	0.6458	155059450.0000	101141969.0200	1219550.0000	954940.4875	264609.5125	1.5331	0.2170
w_take1.5_stop5.0_atr5.0_dev-3.0	202606	7	8	3	0.0922	-2.0442	0.4286	16848000.0000	14718407.4300	95700.0000	81146.6150	14553.3850	1.1447	0.1521
w_take1.5_stop5.0_atr5.0_dev-3.0	202607	2	5	3	0.3344	-1.7059	1.0000	10832760.0000	4341621.1455	102280.0000	87126.9800	15153.0200	2.4951	0.1482
w_take1.5_stop5.0_atr5.0_dev-3.0	202608	35	45	24	0.1332	-1.0377	0.4571	94580150.0000	73714255.4800	718950.0000	599936.7025	119013.2975	1.2831	0.1655
w_take1.5_stop5.0_atr5.0_dev-3.0	202609	62	88	62	0.1923	-0.9789	0.7097	183469350.0000	130076708.5800	1812500.0000	1510215.0400	302284.9600	1.4105	0.1668
w_take1.5_stop5.0_atr5.0_dev0.0	202509	59	68	26	0.0850	-0.9091	0.3220	141705720.0000	123082379.5880	769800.0000	641456.3300	128343.6700	1.1513	0.1667
w_take1.5_stop5.0_atr5.0_dev0.0	202510	80	96	52	0.1112	-1.1016	0.5125	200859320.0000	168571301.9030	1381650.0000	1128671.7525	252978.2475	1.1915	0.1831
w_take1.5_stop5.0_atr5.0_dev0.0	202511	89	107	54	0.1192	-1.0267	0.4831	224554062.0000	187276337.2375	1606188.0000	1342806.4932	263381.5068	1.1991	0.1640
w_take1.5_stop5.0_atr5.0_dev0.0	202512	108	128	54	0.1026	-0.8126	0.3889	267575870.0000	226868525.1750	1671990.0000	1408516.8185	263473.1815	1.1794	0.1576
w_take1.5_stop5.0_atr5.0_dev0.0	202601	128	182	117	0.1625	-0.8055	0.6250	378366850.0000	267751456.6950	3196400.0000	2632910.2600	563489.7400	1.4131	0.1763
w_take1.5_stop5.0_atr5.0_dev0.0	202602	71	89	46	0.1341	-1.0000	0.4507	187277190.0000	149812018.4325	1437470.0000	1211258.2795	226211.7205	1.2501	0.1574
w_take1.5_stop5.0_atr5.0_dev0.0	202603	18	23	16	-0.2350	-3.6239	0.2778	48010700.0000	37623342.6550	-445800.0000	-521545.7250	75745.7250	1.2761	0.1699
w_take1.5_stop5.0_atr5.0_dev0.0	202604	45	58	31	0.0592	-0.8264	0.4667	121256330.0000	94388486.1495	486600.0000	335198.3250	151401.6750	1.2847	0.3111
w_take1.5_stop5.0_atr5.0_dev0.0	202605	45	70	51	0.1773	-1.3848	0.6667	144287650.0000	94665797.7400	1248350.0000	1003543.6675	244806.3325	1.5242	0.1961
w_take1.5_stop5.0_atr5.0_dev0.0	202606	6	7	3	0.1076	-1.7874	0.5000	14703600.0000	12573685.7700	95700.0000	81146.6150	14553.3850	1.1694	0.1521
w_take1.5_stop5.0_atr5.0_dev0.0	202607	2	5	3	0.3344	-1.7059	1.0000	10832760.0000	4341621.1455	102280.0000	87126.9800	15153.0200	2.4951	0.1482
w_take1.5_stop5.0_atr5.0_dev0.0	202608	33	41	22	0.1278	-1.0377	0.4545	86320050.0000	69488521.7150	653950.0000	544356.9525	109593.0475	1.2422	0.1676
w_take1.5_stop5.0_atr5.0_dev0.0	202609	54	77	53	0.1808	-0.9294	0.6667	161867850.0000	114188325.6800	1507000.0000	1247138.7150	259861.2850	1.4176	0.1724
w_take2.0_stop3.0_atr4.0_dev-1.0	202509	49	52	16	0.0266	-0.7744	0.2449	108843020.0000	102645614.5330	244200.0000	165358.8200	78841.1800	1.0604	0.3229
w_take2.0_stop3.0_atr4.0_dev-1.0	202510	65	71	36	0.0429	-1.0217	0.3385	148807250.0000	137210828.5375	537900.0000	361681.7750	176218.2250	1.0845	0.3276
w_take2.0_stop3.0_atr4.0_dev-1.0	202511	56	64	29	0.1118	-0.7395	0.4286	136607520.0000	120054275.4405	952700.0000	808038.2400	144661.7600	1.1379	0.1518
w_take2.0_stop3.0_atr4.0_dev-1.0	202512	95	99	34	0.0294	-0.7042	0.2526	208646790.0000	201250253.0105	526880.0000	360610.5890	166269.4110	1.0368	0.3156
w_take2.0_stop3.0_atr4.0_dev-1.0	202601	81	98	54	0.1495	-0.6925	0.4815	207309700.0000	171862625.5275	1816350.0000	1551394.8475	264955.1525	1.2063	0.1459
w_take2.0_stop3.0_atr4.0_dev-1.0	202602	33	34	14	0.0336	-1.0000	0.2121	71871110.0000	69804789.1480	204910.0000	136179.0165	68730.9835	1.0296	0.3354
w_take2.0_stop3.0_atr4.0_dev-1.0	202603	5	6	3	-0.2126	-3.1804	0.2000	12698900.0000	10739910.7450	-122100.0000	-136642.1250	14542.1250	1.1824	0.1191
w_take2.0_stop3.0_atr4.0_dev-1.0	202604	25	26	13	0.0285	-0.8264	0.2800	54979730.0000	53262818.2245	153100.0000	89047.4950	64052.5050	1.0322	0.4184
w_take2.0_stop3.0_atr4.0_dev-1.0	202605	22	30	23	0.2363	-0.7314	0.6818	62859100.0000	46871779.7125	773100.0000	659956.3750	113143.6250	1.3411	0.1464
w_take2.0_stop3.0_atr4.0_dev-1.0	202606	4	4	2	-0.0700	-1.4258	0.2500	8355100.0000	8383857.3900	-26400.0000	-35724.4800	9324.4800	0.9966	0.3532
w_take2.0_stop3.0_atr4.0_dev-1.0	202608	6	7	3	0.1481	-0.6662	0.5000	14299000.0000	12273240.7100	130400.0000	115291.0800	15108.9200	1.1651	0.1159
w_take2.0_stop3.0_atr4.0_dev-1.0	202609	33	37	23	0.1590	-0.9146	0.5758	78057950.0000	70052056.2325	782750.0000	669725.1225	113024.8775	1.1143	0.1444
w_take2.0_stop3.0_atr4.0_dev-3.0	202509	51	55	19	0.0257	-0.7744	0.2745	115112420.0000	106869648.0430	261300.0000	168024.2850	93275.7150	1.0771	0.3570
w_take2.0_stop3.0_atr4.0_dev-3.0	202510	69	76	40	0.0484	-1.0217	0.3623	159420340.0000	145865116.4860	627600.0000	431787.0860	195812.9140	1.0929	0.3120
w_take2.0_stop3.0_atr4.0_dev-3.0	202511	59	67	30	0.0966	-0.7597	0.4068	142998180.0000	126445894.0395	884590.0000	735103.3415	149486.6585	1.1309	0.1690
w_take2.0_stop3.0_atr4.0_dev-3.0	202512	99	103	35	0.0231	-0.7177	0.2424	217125890.0000	209730624.8755	466880.0000	296399.4890	170480.5110	1.0353	0.3651
w_take2.0_stop3.0_atr4.0_dev-3.0	202601	81	98	54	0.1495	-0.6925	0.4815	207309700.0000	171862625.5275	1816350.0000	1551394.8475	264955.1525	1.2063	0.1459
w_take2.0_stop3.0_atr4.0_dev-3.0	202602	33	34	14	0.0336	-1.0000	0.2121	71871110.0000	69804789.1480	204910.0000	136179.0165	68730.9835	1.0296	0.3354
w_take2.0_stop3.0_atr4.0_dev-3.0	202603	6	7	4	-0.3080	-3.3759	0.1667	14861900.0000	12903235.1950	-219600.0000	-238486.5000	18886.5000	1.1518	0.0860
w_take2.0_stop3.0_atr4.0_dev-3.0	202604	25	26	13	0.0285	-0.8264	0.2800	54979730.0000	53262818.2245	153100.0000	89047.4950	64052.5050	1.0322	0.4184
w_take2.0_stop3.0_atr4.0_dev-3.0	202605	22	30	23	0.2363	-0.7314	0.6818	62859100.0000	46871779.7125	773100.0000	659956.3750	113143.6250	1.3411	0.1464
w_take2.0_stop3.0_atr4.0_dev-3.0	202606	5	5	2	-0.0560	-2.0442	0.2000	10353800.0000	10382857.1950	-26400.0000	-35724.4800	9324.4800	0.9972	0.3532
w_take2.0_stop3.0_atr4.0_dev-3.0	202608	6	7	3	0.1481	-0.6662	0.5000	14299000.0000	12273240.7100	130400.0000	115291.0800	15108.9200	1.1651	0.1159
w_take2.0_stop3.0_atr4.0_dev-3.0	202609	34	38	23	0.1543	-0.9074	0.5588	79567950.0000	71562282.7325	782750.0000	669725.1225	113024.8775	1.1119	0.1444
w_take2.0_stop3.0_atr4.0_dev0.0	202509	46	48	14	0.0349	-0.7618	0.2391	100375920.0000	96323866.4130	273100.0000	204124.1750	68975.8250	1.0421	0.2526
w_take2.0_stop3.0_atr4.0_dev0.0	202510	62	65	31	0.0199	-1.0237	0.2742	136156350.0000	130719154.9325	313800.0000	162523.6300	151276.3700	1.0416	0.4821
w_take2.0_stop3.0_atr4.0_dev0.0	202511	54	62	29	0.1159	-0.7395	0.4444	132319280.0000	115765392.2045	952700.0000	808038.2400	144661.7600	1.1430	0.1518
w_take2.0_stop3.0_atr4.0_dev0.0	202512	89	92	31	0.0417	-0.6494	0.2584	194047730.0000	188432270.6015	629380.0000	477691.8640	151688.1360	1.0298	0.2410
w_take2.0_stop3.0_atr4.0_dev0.0	202601	76	93	50	0.1551	-0.6811	0.5000	196643950.0000	161195275.6650	1757550.0000	1511611.3975	245938.6025	1.2199	0.1399
w_take2.0_stop3.0_atr4.0_dev0.0	202602	32	33	14	0.0347	-0.9438	0.2188	69843110.0000	67776484.9480	204910.0000	136179.0165	68730.9835	1.0305	0.3354
w_take2.0_stop3.0_atr4.0_dev0.0	202603	4	5	3	-0.2658	-3.3759	0.2500	10537300.0000	8577986.5050	-122100.0000	-136642.1250	14542.1250	1.2284	0.1191
w_take2.0_stop3.0_atr4.0_dev0.0	202604	23	23	11	0.0080	-0.8264	0.2174	48775130.0000	49055887.2795	76700.0000	22376.3050	54323.6950	0.9943	0.7083
w_take2.0_stop3.0_atr4.0_dev0.0	202605	21	28	21	0.2185	-0.7303	0.6667	58529500.0000	44696453.4625	683400.0000	580407.3100	102992.6900	1.3095	0.1507
w_take2.0_stop3.0_atr4.0_dev0.0	202606	4	4	2	-0.0700	-1.4258	0.2500	8355100.0000	8383857.3900	-26400.0000	-35724.4800	9324.4800	0.9966	0.3532
w_take2.0_stop3.0_atr4.0_dev0.0	202608	6	7	3	0.1481	-0.6662	0.5000	14299000.0000	12273240.7100	130400.0000	115291.0800	15108.9200	1.1651	0.1159
w_take2.0_stop3.0_atr4.0_dev0.0	202609	32	36	23	0.1639	-0.9237	0.5938	75933750.0000	67927537.6025	782750.0000	669725.1225	113024.8775	1.1179	0.1444
w_take2.0_stop3.0_atr4.5_dev-1.0	202509	54	57	16	0.0241	-0.9109	0.2222	118893820.0000	112697922.1530	244200.0000	165358.8200	78841.1800	1.0550	0.3229
w_take2.0_stop3.0_atr4.5_dev-1.0	202510	78	86	47	0.0716	-1.0047	0.3846	179713030.0000	164267666.4545	937700.0000	709380.2750	228319.7250	1.0940	0.2435
w_take2.0_stop3.0_atr4.5_dev-1.0	202511	77	86	34	0.0890	-0.7246	0.3636	182756470.0000	164139137.1780	1055200.0000	886303.5650	168896.4350	1.1134	0.1601
w_take2.0_stop3.0_atr4.5_dev-1.0	202512	115	121	43	0.0321	-0.7682	0.2696	252090290.0000	240972210.4105	708380.0000	501103.5140	207276.4860	1.0461	0.2926
w_take2.0_stop3.0_atr4.5_dev-1.0	202601	119	145	85	0.1269	-0.7862	0.4790	302529800.0000	249555377.6925	2318750.0000	1908445.5775	410304.4225	1.2123	0.1770
w_take2.0_stop3.0_atr4.5_dev-1.0	202602	65	74	39	0.0746	-0.8876	0.3077	155757610.0000	137196896.4480	817710.0000	626669.5365	191040.4635	1.1353	0.2336
w_take2.0_stop3.0_atr4.5_dev-1.0	202603	13	16	12	-0.2109	-3.2168	0.2308	33603330.0000	27486952.4245	-288940.0000	-346793.0590	57853.0590	1.2225	0.2002
w_take2.0_stop3.0_atr4.5_dev-1.0	202604	36	39	18	0.0178	-0.8581	0.2778	80914230.0000	74999978.3095	197800.0000	110759.8350	87040.1650	1.0789	0.4400
w_take2.0_stop3.0_atr4.5_dev-1.0	202605	32	45	32	0.2000	-1.2456	0.6250	94964900.0000	68359852.4400	973700.0000	815693.9150	158006.0850	1.3892	0.1623
w_take2.0_stop3.0_atr4.5_dev-1.0	202606	5	5	3	-0.1658	-2.0442	0.2000	10388300.0000	10417362.3700	-88800.0000	-102666.6800	13866.6800	0.9972	0.1562
w_take2.0_stop3.0_atr4.5_dev-1.0	202608	19	21	8	0.0284	-1.3609	0.3158	43651750.0000	39523277.6025	108700.0000	69105.4750	39594.5250	1.1045	0.3643
w_take2.0_stop3.0_atr4.5_dev-1.0	202609	43	49	29	0.1450	-0.9146	0.5116	103303550.0000	91105413.7625	938750.0000	796315.6525	142434.3475	1.1339	0.1517
w_take2.0_stop3.0_atr4.5_dev-3.0	202509	56	60	19	0.0234	-0.9109	0.2500	125163220.0000	116921955.6630	261300.0000	168024.2850	93275.7150	1.0705	0.3570
w_take2.0_stop3.0_atr4.5_dev-3.0	202510	82	91	51	0.0749	-1.0047	0.4024	190326120.0000	172921954.4030	1027400.0000	779485.5860	247914.4140	1.1006	0.2413
w_take2.0_stop3.0_atr4.5_dev-3.0	202511	82	90	35	0.0768	-0.7608	0.3415	191267730.0000	174754389.2270	987090.0000	813401.7865	173688.2135	1.0945	0.1760
w_take2.0_stop3.0_atr4.5_dev-3.0	202512	121	128	46	0.0215	-0.8314	0.2645	267024390.0000	253827238.3755	590380.0000	370083.9140	220296.0860	1.0520	0.3731
w_take2.0_stop3.0_atr4.5_dev-3.0	202601	120	146	86	0.1209	-0.7920	0.4750	304573400.0000	251599284.2325	2251550.0000	1836689.7775	414860.2225	1.2105	0.1843
w_take2.0_stop3.0_atr4.5_dev-3.0	202602	66	75	40	0.0614	-0.9162	0.3030	157911010.0000	139350619.4580	719110.0000	523331.4665	195778.5335	1.1332	0.2723
w_take2.0_stop3.0_atr4.5_dev-3.0	202603	14	17	13	-0.2519	-3.3001	0.2143	35766330.0000	29650276.8745	-386440.0000	-448637.4340	62197.4340	1.2063	0.1609
w_take2.0_stop3.0_atr4.5_dev-3.0	202604	36	39	18	0.0178	-0.8581	0.2778	80914230.0000	74999978.3095	197800.0000	110759.8350	87040.1650	1.0789	0.4400
w_take2.0_stop3.0_atr4.5_dev-3.0	202605	32	45	32	0.2000	-1.2456	0.6250	94964900.0000	68359852.4400	973700.0000	815693.9150	158006.0850	1.3892	0.1623
w_take2.0_stop3.0_atr4.5_dev-3.0	202606	6	6	3	-0.1381	-2.4255	0.1667	12387000.0000	12416362.1750	-88800.0000	-102666.6800	13866.6800	0.9976	0.1562
w_take2.0_stop3.0_atr4.5_dev-3.0	202608	21	25	10	0.0547	-1.3609	0.3333	51891550.0000	43728708.3225	193700.0000	144642.2250	49057.7750	1.1867	0.2533
w_take2.0_stop3.0_atr4.5_dev-3.0	202609	46	52	31	0.1305	-0.9074	0.5000	108878150.0000	96680849.9525	918950.0000	767209.6425	151740.3575	1.1262	0.1651
w_take2.0_stop3.0_atr4.5_dev0.0	202509	51	53	14	0.0315	-0.9091	0.2157	110426720.0000	106376174.0330	273100.0000	204124.1750	68975.8250	1.0381	0.2526
w_take2.0_stop3.0_atr4.5_dev0.0	202510	75	80	42	0.0538	-1.0217	0.3333	167062130.0000	157775992.8495	713600.0000	510222.1300	203377.8700	1.0589	0.2850
w_take2.0_stop3.0_atr4.5_dev0.0	202511	73	81	33	0.0898	-0.6803	0.3699	172174630.0000	155658425.2620	1012000.0000	848040.2450	163959.7550	1.1061	0.1620
w_take2.0_stop3.0_atr4.5_dev0.0	202512	107	112	38	0.0546	-0.7246	0.2804	234206230.0000	224840731.0515	926880.0000	741555.2890	185324.7110	1.0417	0.1999
w_take2.0_stop3.0_atr4.5_dev0.0	202601	113	138	79	0.1256	-0.7862	0.4779	288320050.0000	237093758.7300	2187950.0000	1804968.1275	382981.8725	1.2161	0.1750
w_take2.0_stop3.0_atr4.5_dev0.0	202602	63	71	36	0.0615	-0.7988	0.3016	149433610.0000	132998266.7480	675310.0000	499447.4965	175862.5035	1.1236	0.2604
w_take2.0_stop3.0_atr4.5_dev0.0	202603	10	12	10	-0.2407	-3.3001	0.2000	24961200.0000	20999349.4300	-255200.0000	-303202.2500	48002.2500	1.1887	0.1881
w_take2.0_stop3.0_atr4.5_dev0.0	202604	33	35	15	0.0221	-0.8415	0.2424	73427630.0000	69469848.9145	167400.0000	93032.6450	74367.3550	1.0570	0.4442
w_take2.0_stop3.0_atr4.5_dev0.0	202605	31	43	30	0.1867	-1.1869	0.6129	90635300.0000	66184526.1900	884000.0000	736144.8500	147855.1500	1.3694	0.1673
w_take2.0_stop3.0_atr4.5_dev0.0	202606	5	5	3	-0.1658	-2.0442	0.2000	10388300.0000	10417362.3700	-88800.0000	-102666.6800	13866.6800	0.9972	0.1562
w_take2.0_stop3.0_atr4.5_dev0.0	202608	18	19	7	0.0122	-1.4906	0.2778	39325600.0000	37354802.3800	61900.0000	27369.4950	34530.5050	1.0528	0.5578
w_take2.0_stop3.0_atr4.5_dev0.0	202609	42	48	28	0.1406	-0.9237	0.5000	101263550.0000	89065107.7625	893750.0000	756104.4025	137645.5975	1.1370	0.1540
w_take2.0_stop3.0_atr5.0_dev-1.0	202509	64	69	22	0.0336	-0.9310	0.2500	143868320.0000	133639762.9580	382800.0000	274244.2900	108555.7100	1.0765	0.2836
w_take2.0_stop3.0_atr5.0_dev-1.0	202510	87	99	54	0.0771	-1.0217	0.4023	207458570.0000	183603906.4555	1115950.0000	852835.8175	263114.1825	1.1299	0.2358
w_take2.0_stop3.0_atr5.0_dev-1.0	202511	109	125	56	0.0893	-0.9688	0.3670	262459132.0000	229743276.3230	1524538.0000	1252742.3457	271795.6543	1.1424	0.1783
w_take2.0_stop3.0_atr5.0_dev-1.0	202512	126	136	52	0.0413	-0.8084	0.2937	282770390.0000	263533494.0955	940480.0000	689242.0890	251237.9110	1.0730	0.2671
w_take2.0_stop3.0_atr5.0_dev-1.0	202601	136	167	101	0.1187	-0.7855	0.4853	347085300.0000	284005544.4425	2527550.0000	2042646.7275	484903.2725	1.2221	0.1918
w_take2.0_stop3.0_atr5.0_dev-1.0	202602	80	90	44	0.0679	-0.9724	0.2875	188946610.0000	168568101.4230	914310.0000	699501.1065	214808.8935	1.1209	0.2349
w_take2.0_stop3.0_atr5.0_dev-1.0	202603	21	25	18	-0.2370	-3.1097	0.1429	52213330.0000	44085941.8995	-537940.0000	-623372.3340	85432.3340	1.1844	0.1588
w_take2.0_stop3.0_atr5.0_dev-1.0	202604	51	59	29	0.0445	-0.8345	0.3333	122443930.0000	106315574.9445	452500.0000	312689.3500	139810.6500	1.1517	0.3090
w_take2.0_stop3.0_atr5.0_dev-1.0	202605	51	72	54	0.1753	-1.4085	0.6078	149795600.0000	107588585.8675	1392050.0000	1129302.3375	262747.6625	1.3923	0.1887
w_take2.0_stop3.0_atr5.0_dev-1.0	202606	6	6	3	-0.1381	-1.4258	0.1667	12522300.0000	12551682.4700	-88800.0000	-102666.6800	13866.6800	0.9977	0.1562
w_take2.0_stop3.0_atr5.0_dev-1.0	202607	2	4	2	0.3094	-1.6227	1.0000	8659940.0000	4340751.0150	90720.0000	80589.3200	10130.6800	1.9950	0.1117
w_take2.0_stop3.0_atr5.0_dev-1.0	202608	37	41	19	0.0550	-1.1628	0.3514	86475050.0000	78173174.2175	355200.0000	261081.6200	94118.3800	1.1062	0.2650
w_take2.0_stop3.0_atr5.0_dev-1.0	202609	57	69	39	0.1471	-0.9146	0.4737	145082950.0000	120558231.0225	1256650.0000	1065533.0075	191116.9925	1.2034	0.1521
w_take2.0_stop3.0_atr5.0_dev-3.0	202509	66	72	25	0.0327	-0.9310	0.2727	150137720.0000	137863796.4680	399900.0000	276909.7550	122990.2450	1.0890	0.3076
w_take2.0_stop3.0_atr5.0_dev-3.0	202510	91	104	58	0.0798	-1.0217	0.4176	218071660.0000	192258194.4040	1205650.0000	922941.1285	282708.8715	1.1343	0.2345
w_take2.0_stop3.0_atr5.0_dev-3.0	202511	114	129	57	0.0804	-1.0088	0.3509	270970392.0000	240358528.3720	1456428.0000	1179840.5672	276587.4328	1.1274	0.1899
w_take2.0_stop3.0_atr5.0_dev-3.0	202512	133	144	56	0.0345	-0.8314	0.2932	299858090.0000	278540844.8605	890680.0000	621322.5790	269357.4210	1.0765	0.3024
w_take2.0_stop3.0_atr5.0_dev-3.0	202601	138	169	103	0.1085	-0.7920	0.4783	350874900.0000	287795712.8825	2402350.0000	1908999.8275	493350.1725	1.2192	0.2054
w_take2.0_stop3.0_atr5.0_dev-3.0	202602	82	93	47	0.0531	-1.0231	0.2805	195048010.0000	172731125.7830	791210.0000	562635.3115	228574.6885	1.1292	0.2889
w_take2.0_stop3.0_atr5.0_dev-3.0	202603	23	27	19	-0.2505	-3.1097	0.1304	56534530.0000	48407790.0795	-635440.0000	-725216.7090	89776.7090	1.1679	0.1413
w_take2.0_stop3.0_atr5.0_dev-3.0	202604	51	59	30	0.0507	-0.8345	0.3529	122394230.0000	106305673.4595	498700.0000	353826.1600	144873.8400	1.1513	0.2905
w_take2.0_stop3.0_atr5.0_dev-3.0	202605	53	73	56	0.1472	-1.4228	0.5849	151914200.0000	111849824.9575	1255650.0000	983552.6175	272097.3825	1.3582	0.2167
w_take2.0_stop3.0_atr5.0_dev-3.0	202606	7	7	3	-0.1184	-2.0442	0.1429	14521000.0000	14550682.2750	-88800.0000	-102666.6800	13866.6800	0.9980	0.1562
w_take2.0_stop3.0_atr5.0_dev-3.0	202607	2	4	2	0.3094	-1.6227	1.0000	8659940.0000	4340751.0150	90720.0000	80589.3200	10130.6800	1.9950	0.1117
w_take2.0_stop3.0_atr5.0_dev-3.0	202608	40	46	22	0.0475	-1.2436	0.3500	96245850.0000	83932838.0375	374200.0000	267186.0700	107013.9300	1.1467	0.2860
w_take2.0_stop3.0_atr5.0_dev-3.0	202609	61	74	43	0.1437	-0.9259	0.4918	154530050.0000	128315994.5125	1319350.0000	1109608.2725	209741.7275	1.2043	0.1590
w_take2.0_stop3.0_atr5.0_dev0.0	202509	61	65	20	0.0403	-0.9126	0.2459	135401220.0000	127318014.8380	411700.0000	313009.6450	98690.3550	1.0635	0.2397
w_take2.0_stop3.0_atr5.0_dev0.0	202510	83	92	48	0.0692	-1.0217	0.3614	192641670.0000	174945907.9505	964050.0000	730704.2425	233345.7575	1.1011	0.2420
w_take2.0_stop3.0_atr5.0_dev0.0	202511	103	117	53	0.0828	-0.9346	0.3592	245519942.0000	217066735.1270	1350288.0000	1094052.3882	256235.6118	1.1311	0.1898
w_take2.0_stop3.0_atr5.0_dev0.0	202512	118	127	47	0.0623	-0.7361	0.3051	264886330.0000	247402014.7365	1158980.0000	929693.8640	229286.1360	1.0707	0.1978
w_take2.0_stop3.0_atr5.0_dev0.0	202601	130	160	95	0.1173	-0.7855	0.4846	332875550.0000	271543925.4800	2396750.0000	1939169.2775	457580.7225	1.2259	0.1909
w_take2.0_stop3.0_atr5.0_dev0.0	202602	77	86	41	0.0579	-0.9449	0.2857	180448210.0000	162194745.5630	771910.0000	572279.0665	199630.9335	1.1125	0.2586
w_take2.0_stop3.0_atr5.0_dev0.0	202603	18	21	16	-0.2580	-3.1450	0.1111	43571200.0000	37598338.9050	-504200.0000	-579781.5250	75581.5250	1.1589	0.1499
w_take2.0_stop3.0_atr5.0_dev0.0	202604	48	55	26	0.0491	-0.8305	0.3125	114957330.0000	100785445.5495	422100.0000	294962.1600	127137.8400	1.1406	0.3012
w_take2.0_stop3.0_atr5.0_dev0.0	202605	48	67	48	0.1848	-1.3799	0.6042	139020200.0000	101111014.3775	1352150.0000	1119154.6725	232995.3275	1.3749	0.1723
w_take2.0_stop3.0_atr5.0_dev0.0	202606	6	6	3	-0.1381	-1.4258	0.1667	12522300.0000	12551682.4700	-88800.0000	-102666.6800	13866.6800	0.9977	0.1562
w_take2.0_stop3.0_atr5.0_dev0.0	202607	2	4	2	0.3094	-1.6227	1.0000	8659940.0000	4340751.0150	90720.0000	80589.3200	10130.6800	1.9950	0.1117
w_take2.0_stop3.0_atr5.0_dev0.0	202608	34	37	17	0.0693	-1.1003	0.3529	77821300.0000	71676449.8550	387600.0000	303183.2800	84416.7200	1.0857	0.2178
w_take2.0_stop3.0_atr5.0_dev0.0	202609	54	65	36	0.1379	-0.9137	0.4630	136698950.0000	114296591.9175	1121650.0000	945457.0075	176192.9925	1.1960	0.1571
w_take2.0_stop4.0_atr4.0_dev-1.0	202509	46	49	15	0.0334	-0.7618	0.2609	102665020.0000	96407378.9380	269500.0000	195546.6650	73953.3350	1.0649	0.2744
w_take2.0_stop4.0_atr4.0_dev-1.0	202510	62	68	33	0.0810	-1.0047	0.3871	142283600.0000	130667997.2600	807550.0000	645698.1175	161851.8825	1.0889	0.2004
w_take2.0_stop4.0_atr4.0_dev-1.0	202511	50	57	29	0.1186	-0.7656	0.4800	121666400.0000	107165522.4175	909700.0000	765169.5600	144530.4400	1.1353	0.1589
w_take2.0_stop4.0_atr4.0_dev-1.0	202512	86	89	27	0.0679	-0.6546	0.2674	188084430.0000	182426769.9115	882320.0000	749699.6830	132620.3170	1.0310	0.1503
w_take2.0_stop4.0_atr4.0_dev-1.0	202601	79	96	54	0.1489	-0.6925	0.4937	203016350.0000	167569631.6750	1774150.0000	1509285.5775	264864.4225	1.2115	0.1493
w_take2.0_stop4.0_atr4.0_dev-1.0	202602	32	33	13	0.0684	-0.9438	0.2188	69705490.0000	67643444.9950	340850.0000	276820.1375	64029.8625	1.0305	0.1879
w_take2.0_stop4.0_atr4.0_dev-1.0	202603	5	6	3	-0.2508	-3.1804	0.2000	12691400.0000	10739910.7450	-146700.0000	-161189.2350	14489.2350	1.1817	0.0988
w_take2.0_stop4.0_atr4.0_dev-1.0	202604	24	25	12	0.0339	-0.8505	0.3333	52823330.0000	51106094.7645	162000.0000	102911.3100	59088.6900	1.0336	0.3647
w_take2.0_stop4.0_atr4.0_dev-1.0	202605	20	28	21	0.2738	-0.7314	0.7000	58558300.0000	42537929.7325	799500.0000	696210.7750	103289.2250	1.3766	0.1292
w_take2.0_stop4.0_atr4.0_dev-1.0	202606	4	4	2	-0.1052	-1.4258	0.2500	8352900.0000	8383857.3900	-44000.0000	-53286.6400	9286.6400	0.9963	0.2111
w_take2.0_stop4.0_atr4.0_dev-1.0	202608	6	7	3	0.1481	-0.6662	0.5000	14299000.0000	12273240.7100	130400.0000	115291.0800	15108.9200	1.1651	0.1159
w_take2.0_stop4.0_atr4.0_dev-1.0	202609	34	38	24	0.1632	-0.9237	0.5882	80099150.0000	72094962.6225	824750.0000	706936.8425	117813.1575	1.1110	0.1428
w_take2.0_stop4.0_atr4.0_dev-3.0	202509	48	52	18	0.0299	-0.7618	0.2917	108934420.0000	100631412.4480	273000.0000	184641.3700	88358.6300	1.0825	0.3237
w_take2.0_stop4.0_atr4.0_dev-3.0	202510	66	73	38	0.0687	-1.0047	0.3939	152887390.0000	139339787.8335	766610.0000	580470.0945	186139.9055	1.0972	0.2428
w_take2.0_stop4.0_atr4.0_dev-3.0	202511	53	60	29	0.1119	-0.7692	0.4528	128059900.0000	113559981.4425	909700.0000	765169.5600	144530.4400	1.1277	0.1589
w_take2.0_stop4.0_atr4.0_dev-3.0	202512	87	91	29	0.0631	-0.6557	0.2759	192326430.0000	184576092.2615	846320.0000	704581.6830	141738.3170	1.0420	0.1675
w_take2.0_stop4.0_atr4.0_dev-3.0	202601	79	96	54	0.1489	-0.6925	0.4937	203016350.0000	167569631.6750	1774150.0000	1509285.5775	264864.4225	1.2115	0.1493
w_take2.0_stop4.0_atr4.0_dev-3.0	202602	32	33	13	0.0684	-0.9438	0.2188	69705490.0000	67643444.9950	340850.0000	276820.1375	64029.8625	1.0305	0.1879
w_take2.0_stop4.0_atr4.0_dev-3.0	202603	6	7	4	-0.3398	-3.8011	0.1667	14854400.0000	12903235.1950	-244200.0000	-263033.6100	18833.6100	1.1512	0.0771
w_take2.0_stop4.0_atr4.0_dev-3.0	202604	24	25	12	0.0339	-0.8505	0.3333	52823330.0000	51106094.7645	162000.0000	102911.3100	59088.6900	1.0336	0.3647
w_take2.0_stop4.0_atr4.0_dev-3.0	202605	20	28	21	0.2738	-0.7314	0.7000	58558300.0000	42537929.7325	799500.0000	696210.7750	103289.2250	1.3766	0.1292
w_take2.0_stop4.0_atr4.0_dev-3.0	202606	5	5	2	-0.0841	-2.0442	0.2000	10497300.0000	10528579.0500	-44000.0000	-53286.6400	9286.6400	0.9970	0.2111
w_take2.0_stop4.0_atr4.0_dev-3.0	202608	6	7	3	0.1481	-0.6662	0.5000	14299000.0000	12273240.7100	130400.0000	115291.0800	15108.9200	1.1651	0.1159
w_take2.0_stop4.0_atr4.0_dev-3.0	202609	35	39	24	0.1585	-0.9146	0.5714	81609150.0000	73605189.1225	824750.0000	706936.8425	117813.1575	1.1087	0.1428
w_take2.0_stop4.0_atr4.0_dev0.0	202509	43	45	13	0.0502	-0.7491	0.2558	94194320.0000	90086130.8930	339100.0000	274923.3650	64176.6350	1.0456	0.1893
w_take2.0_stop4.0_atr4.0_dev0.0	202510	58	61	27	0.0537	-1.0237	0.3103	127499400.0000	121933787.3250	534050.0000	402152.7725	131897.2275	1.0456	0.2470
w_take2.0_stop4.0_atr4.0_dev0.0	202511	49	56	29	0.1210	-0.7619	0.4898	119546500.0000	105045304.4325	909700.0000	765169.5600	144530.4400	1.1380	0.1589
w_take2.0_stop4.0_atr4.0_dev0.0	202512	84	87	26	0.0796	-0.6445	0.2738	183806170.0000	178147868.1725	987920.0000	860054.7190	127865.2810	1.0318	0.1294
w_take2.0_stop4.0_atr4.0_dev0.0	202601	75	92	51	0.1563	-0.6925	0.5067	194518750.0000	159070757.0350	1756950.0000	1506333.3375	250616.6625	1.2228	0.1426
w_take2.0_stop4.0_atr4.0_dev0.0	202602	31	32	13	0.0706	-0.8876	0.2258	67677490.0000	65615140.7950	340850.0000	276820.1375	64029.8625	1.0314	0.1879
w_take2.0_stop4.0_atr4.0_dev0.0	202603	4	5	3	-0.3135	-3.8011	0.2500	10529800.0000	8577986.5050	-146700.0000	-161189.2350	14489.2350	1.2275	0.0988
w_take2.0_stop4.0_atr4.0_dev0.0	202604	22	22	10	0.0130	-0.8505	0.2727	46618730.0000	46899163.8195	85600.0000	36240.1200	49359.8800	0.9940	0.5766
w_take2.0_stop4.0_atr4.0_dev0.0	202605	19	26	19	0.2561	-0.7303	0.6842	54228700.0000	40362603.4825	709800.0000	616661.7100	93138.2900	1.3435	0.1312
w_take2.0_stop4.0_atr4.0_dev0.0	202606	4	4	2	-0.1052	-1.4258	0.2500	8352900.0000	8383857.3900	-44000.0000	-53286.6400	9286.6400	0.9963	0.2111
w_take2.0_stop4.0_atr4.0_dev0.0	202608	6	7	3	0.1481	-0.6662	0.5000	14299000.0000	12273240.7100	130400.0000	115291.0800	15108.9200	1.1651	0.1159
w_take2.0_stop4.0_atr4.0_dev0.0	202609	33	37	24	0.1682	-0.9328	0.6061	77974950.0000	69970443.9925	824750.0000	706936.8425	117813.1575	1.1144	0.1428
w_take2.0_stop4.0_atr4.5_dev-1.0	202509	51	54	15	0.0302	-0.9091	0.2353	112715820.0000	106459686.5580	269500.0000	195546.6650	73953.3350	1.0588	0.2744
w_take2.0_stop4.0_atr4.5_dev-1.0	202510	75	83	44	0.1043	-0.9877	0.4267	173189380.0000	157724835.1770	1207350.0000	993396.6175	213953.3825	1.0980	0.1772
w_take2.0_stop4.0_atr4.5_dev-1.0	202511	69	77	34	0.0920	-0.8019	0.4058	163522150.0000	146968341.9450	989600.0000	820846.6750	168753.3250	1.1126	0.1705
w_take2.0_stop4.0_atr4.5_dev-1.0	202512	106	111	35	0.0676	-0.7361	0.2830	231913930.0000	222634800.2115	1079820.0000	908828.5080	170991.4920	1.0417	0.1584
w_take2.0_stop4.0_atr4.5_dev-1.0	202601	115	140	82	0.1308	-0.7862	0.4957	292448150.0000	241226878.6050	2311450.0000	1914902.1625	396547.8375	1.2123	0.1716
w_take2.0_stop4.0_atr4.5_dev-1.0	202602	63	73	37	0.1167	-0.7988	0.3175	153631990.0000	132866226.9450	1121350.0000	939021.2525	182328.7475	1.1563	0.1626
w_take2.0_stop4.0_atr4.5_dev-1.0	202603	12	15	11	-0.2230	-3.6579	0.2500	31429050.0000	25319847.4075	-283300.0000	-336199.4850	52899.4850	1.2413	0.1867
w_take2.0_stop4.0_atr4.5_dev-1.0	202604	35	38	17	0.0169	-0.8746	0.3143	78756830.0000	72843254.8495	194700.0000	112649.4500	82050.5500	1.0812	0.4214
w_take2.0_stop4.0_atr4.5_dev-1.0	202605	29	42	29	0.2532	-1.1869	0.6552	88500850.0000	61856777.1250	1082100.0000	938760.4850	143339.5150	1.4307	0.1325
w_take2.0_stop4.0_atr4.5_dev-1.0	202606	5	5	2	-0.0841	-2.0442	0.2000	10386100.0000	10417362.3700	-44000.0000	-53286.6400	9286.6400	0.9970	0.2111
w_take2.0_stop4.0_atr4.5_dev-1.0	202608	16	17	5	0.0893	-1.3427	0.3125	35044300.0000	33021652.5050	209500.0000	184605.4050	24894.5950	1.0613	0.1188
w_take2.0_stop4.0_atr4.5_dev-1.0	202609	42	48	29	0.1685	-1.0022	0.5714	101133050.0000	88935988.3975	1043750.0000	901217.0925	142532.9075	1.1371	0.1366
w_take2.0_stop4.0_atr4.5_dev-3.0	202509	53	57	18	0.0271	-0.9091	0.2642	118985220.0000	110683720.0680	273000.0000	184641.3700	88358.6300	1.0750	0.3237
w_take2.0_stop4.0_atr4.5_dev-3.0	202510	79	88	49	0.0928	-0.9877	0.4304	183793170.0000	166396625.7505	1166410.0000	928168.5945	238241.4055	1.1045	0.2043
w_take2.0_stop4.0_atr4.5_dev-3.0	202511	74	81	34	0.0858	-0.8061	0.3784	172036250.0000	157586434.4200	989600.0000	820879.7950	168720.2050	1.0917	0.1705
w_take2.0_stop4.0_atr4.5_dev-3.0	202512	108	115	39	0.0564	-0.7361	0.2963	240482930.0000	227030459.4615	985820.0000	796977.9080	188842.0920	1.0593	0.1916
w_take2.0_stop4.0_atr4.5_dev-3.0	202601	115	140	82	0.1308	-0.7862	0.4957	292448150.0000	241226878.6050	2311450.0000	1914902.1625	396547.8375	1.2123	0.1716
w_take2.0_stop4.0_atr4.5_dev-3.0	202602	64	74	38	0.1024	-0.8432	0.3125	155785390.0000	135019949.9550	1022750.0000	835683.1825	187066.8175	1.1538	0.1829
w_take2.0_stop4.0_atr4.5_dev-3.0	202603	13	16	12	-0.2662	-4.1353	0.2308	33592050.0000	27483171.8575	-380800.0000	-438043.8600	57243.8600	1.2223	0.1503
w_take2.0_stop4.0_atr4.5_dev-3.0	202604	35	38	17	0.0169	-0.8746	0.3143	78756830.0000	72843254.8495	194700.0000	112649.4500	82050.5500	1.0812	0.4214
w_take2.0_stop4.0_atr4.5_dev-3.0	202605	29	42	29	0.2532	-1.1869	0.6552	88500850.0000	61856777.1250	1082100.0000	938760.4850	143339.5150	1.4307	0.1325
w_take2.0_stop4.0_atr4.5_dev-3.0	202606	6	6	2	-0.0701	-2.2812	0.1667	12530500.0000	12562084.0300	-44000.0000	-53286.6400	9286.6400	0.9975	0.2111
w_take2.0_stop4.0_atr4.5_dev-3.0	202608	17	20	7	0.1198	-1.3245	0.3529	41149300.0000	35091963.0050	294500.0000	260142.1550	34357.8450	1.1726	0.1167
w_take2.0_stop4.0_atr4.5_dev-3.0	202609	44	50	30	0.1683	-0.9237	0.5682	104643050.0000	92446514.8975	1088750.0000	941520.3425	147229.6575	1.1319	0.1352
w_take2.0_stop4.0_atr4.5_dev0.0	202509	48	50	13	0.0449	-0.8418	0.2292	104245120.0000	100138438.5130	339100.0000	274923.3650	64176.6350	1.0410	0.1893
w_take2.0_stop4.0_atr4.5_dev0.0	202510	71	76	38	0.0833	-1.0217	0.3662	158405180.0000	148990625.2420	933850.0000	749851.2725	183998.7275	1.0632	0.1970
w_take2.0_stop4.0_atr4.5_dev0.0	202511	66	73	33	0.0916	-0.7656	0.4091	155069850.0000	140617489.4600	946400.0000	782583.3550	163816.6450	1.1028	0.1731
w_take2.0_stop4.0_atr4.5_dev0.0	202512	102	107	33	0.0865	-0.7214	0.2941	223964670.0000	214556328.6225	1285420.0000	1123918.1440	161501.8560	1.0439	0.1256
w_take2.0_stop4.0_atr4.5_dev0.0	202601	111	136	79	0.1352	-0.7862	0.5045	283950550.0000	232728003.9650	2294250.0000	1911949.9225	382300.0775	1.2201	0.1666
w_take2.0_stop4.0_atr4.5_dev0.0	202602	61	69	34	0.1042	-0.7796	0.3115	145195990.0000	128680599.1950	977350.0000	810069.2525	167280.7475	1.1283	0.1712
w_take2.0_stop4.0_atr4.5_dev0.0	202603	10	12	10	-0.2985	-4.1656	0.2000	24953700.0000	20999349.4300	-328300.0000	-376145.0850	47845.0850	1.1883	0.1457
w_take2.0_stop4.0_atr4.5_dev0.0	202604	32	34	14	0.0260	-0.8581	0.2812	71271230.0000	67313125.4545	176300.0000	106896.4600	69403.5400	1.0588	0.3937
w_take2.0_stop4.0_atr4.5_dev0.0	202605	28	40	27	0.2405	-1.1318	0.6429	84171250.0000	59681450.8750	992400.0000	859211.4200	133188.5800	1.4103	0.1342
w_take2.0_stop4.0_atr4.5_dev0.0	202606	5	5	2	-0.0841	-2.0442	0.2000	10386100.0000	10417362.3700	-44000.0000	-53286.6400	9286.6400	0.9970	0.2111
w_take2.0_stop4.0_atr4.5_dev0.0	202608	16	17	5	0.0893	-1.3427	0.3125	35044300.0000	33021652.5050	209500.0000	184605.4050	24894.5950	1.0613	0.1188
w_take2.0_stop4.0_atr4.5_dev0.0	202609	41	47	28	0.1646	-1.0716	0.5610	99093050.0000	86895682.3975	998750.0000	861005.8425	137744.1575	1.1404	0.1379
w_take2.0_stop4.0_atr5.0_dev-1.0	202509	61	66	21	0.0355	-0.9126	0.2623	137548120.0000	127284409.7980	384700.0000	281082.4450	103617.5550	1.0806	0.2693
w_take2.0_stop4.0_atr5.0_dev-1.0	202510	84	96	50	0.1134	-1.0047	0.4405	200934920.0000	177061075.1780	1457800.0000	1213878.7300	243921.2700	1.1348	0.1673
w_take2.0_stop4.0_atr5.0_dev-1.0	202511	96	110	49	0.0989	-0.9799	0.3958	230593512.0000	201800965.6050	1467938.0000	1229600.9257	238337.0743	1.1427	0.1624
w_take2.0_stop4.0_atr5.0_dev-1.0	202512	117	125	44	0.0621	-0.8214	0.2991	260439030.0000	245299099.3465	1152920.0000	939194.4330	213725.5670	1.0617	0.1854
w_take2.0_stop4.0_atr5.0_dev-1.0	202601	130	160	95	0.1289	-0.7855	0.5000	332938650.0000	271602934.3300	2584350.0000	2126468.7475	457881.2525	1.2258	0.1772
w_take2.0_stop4.0_atr5.0_dev-1.0	202602	77	88	41	0.1109	-0.8876	0.2987	184980990.0000	162397155.9200	1287950.0000	1086451.8225	201498.1775	1.1391	0.1564
w_take2.0_stop4.0_atr5.0_dev-1.0	202603	20	24	16	-0.2424	-3.6239	0.1500	50039050.0000	41918836.8825	-527250.0000	-602870.9775	75620.9775	1.1937	0.1434
w_take2.0_stop4.0_atr5.0_dev-1.0	202604	50	58	28	0.0420	-0.8364	0.3600	120286530.0000	104158851.4845	434200.0000	299411.6450	134788.3550	1.1548	0.3104
w_take2.0_stop4.0_atr5.0_dev-1.0	202605	45	66	46	0.2347	-1.3514	0.6222	136942000.0000	94645294.6650	1564100.0000	1340555.4250	223544.5750	1.4469	0.1429
w_take2.0_stop4.0_atr5.0_dev-1.0	202606	6	6	2	-0.0701	-1.4258	0.1667	12520100.0000	12551682.4700	-44000.0000	-53286.6400	9286.6400	0.9975	0.2111
w_take2.0_stop4.0_atr5.0_dev-1.0	202607	2	4	2	0.3094	-1.6227	1.0000	8659940.0000	4340751.0150	90720.0000	80589.3200	10130.6800	1.9950	0.1117
w_take2.0_stop4.0_atr5.0_dev-1.0	202608	33	36	15	0.1081	-1.0377	0.3636	75695100.0000	69498723.2450	535200.0000	460419.1900	74780.8100	1.0892	0.1397
w_take2.0_stop4.0_atr5.0_dev-1.0	202609	56	67	39	0.1782	-0.9294	0.5357	140664150.0000	118263786.9075	1458750.0000	1267464.1425	191285.8575	1.1894	0.1311
w_take2.0_stop4.0_atr5.0_dev-3.0	202509	63	69	24	0.0328	-0.9126	0.2857	143817520.0000	131508443.3080	388200.0000	270177.1500	118022.8500	1.0936	0.3040
w_take2.0_stop4.0_atr5.0_dev-3.0	202510	88	101	55	0.1028	-1.0047	0.4432	211538710.0000	185732865.7515	1416860.0000	1148650.7070	268209.2930	1.1389	0.1893
w_take2.0_stop4.0_atr5.0_dev-3.0	202511	100	113	49	0.0950	-0.9799	0.3800	236972612.0000	210283737.8300	1467938.0000	1229634.0457	238303.9543	1.1269	0.1623
w_take2.0_stop4.0_atr5.0_dev-3.0	202512	120	130	49	0.0556	-0.8084	0.3167	271161630.0000	251847081.3965	1127120.0000	890443.9230	236676.0770	1.0767	0.2100
w_take2.0_stop4.0_atr5.0_dev-3.0	202601	131	161	95	0.1279	-0.7862	0.4962	334684650.0000	273349196.2300	2584350.0000	2126468.7475	457881.2525	1.2244	0.1772
w_take2.0_stop4.0_atr5.0_dev-3.0	202602	78	89	42	0.0992	-0.9162	0.2949	187134390.0000	164550878.9300	1189350.0000	983113.7525	206236.2475	1.1372	0.1734
w_take2.0_stop4.0_atr5.0_dev-3.0	202603	22	26	17	-0.2560	-3.6239	0.1364	54360250.0000	46240685.0625	-624750.0000	-704715.3525	79965.3525	1.1756	0.1280
w_take2.0_stop4.0_atr5.0_dev-3.0	202604	50	58	29	0.0484	-0.8364	0.3800	120236830.0000	104148949.9995	480400.0000	340548.4550	139851.5450	1.1545	0.2911
w_take2.0_stop4.0_atr5.0_dev-3.0	202605	47	67	47	0.2091	-1.3645	0.5957	139053400.0000	98899332.6750	1475700.0000	1247629.1050	228070.8950	1.4060	0.1546
w_take2.0_stop4.0_atr5.0_dev-3.0	202606	7	7	2	-0.0601	-2.0442	0.1429	14664500.0000	14696404.1300	-44000.0000	-53286.6400	9286.6400	0.9978	0.2111
w_take2.0_stop4.0_atr5.0_dev-3.0	202607	2	4	2	0.3094	-1.6227	1.0000	8659940.0000	4340751.0150	90720.0000	80589.3200	10130.6800	1.9950	0.1117
w_take2.0_stop4.0_atr5.0_dev-3.0	202608	35	40	18	0.0980	-1.0377	0.3714	83331100.0000	73123266.8450	554200.0000	466523.6400	87676.3600	1.1396	0.1582
w_take2.0_stop4.0_atr5.0_dev-3.0	202609	59	71	42	0.1852	-0.9328	0.5593	148046650.0000	123956640.7075	1586250.0000	1380948.6675	205301.3325	1.1943	0.1294
w_take2.0_stop4.0_atr5.0_dev0.0	202509	58	62	19	0.0480	-0.9109	0.2586	129077420.0000	120963161.7530	454300.0000	360459.1450	93840.8550	1.0671	0.2066
w_take2.0_stop4.0_atr5.0_dev0.0	202510	79	88	44	0.0965	-1.0217	0.3924	183984720.0000	166160540.3430	1184300.0000	970333.3850	213966.6150	1.1073	0.1807
w_take2.0_stop4.0_atr5.0_dev0.0	202511	91	103	46	0.1054	-0.9685	0.3956	216162362.0000	191632840.6150	1445188.0000	1221243.4432	223944.5568	1.1280	0.1550
w_take2.0_stop4.0_atr5.0_dev0.0	202512	112	120	41	0.0874	-0.7361	0.3125	250907770.0000	235530374.2575	1442520.0000	1241990.4690	200529.5310	1.0653	0.1390
w_take2.0_stop4.0_atr5.0_dev0.0	202601	126	156	92	0.1327	-0.7855	0.5079	324441050.0000	263104059.6900	2567150.0000	2123516.5075	443633.4925	1.2331	0.1728
w_take2.0_stop4.0_atr5.0_dev0.0	202602	74	83	38	0.1019	-0.8563	0.2973	174370590.0000	156036802.0100	1143950.0000	957499.8225	186450.1775	1.1175	0.1630
w_take2.0_stop4.0_atr5.0_dev0.0	202603	18	21	15	-0.2864	-4.1014	0.1111	43563700.0000	37598338.9050	-572250.0000	-642816.5775	70566.5775	1.1587	0.1233
w_take2.0_stop4.0_atr5.0_dev0.0	202604	47	54	25	0.0498	-0.8345	0.3404	112800930.0000	98628722.0895	415800.0000	293658.6550	122141.3450	1.1437	0.2938
w_take2.0_stop4.0_atr5.0_dev0.0	202605	43	62	42	0.2451	-1.3043	0.6279	128305000.0000	90304243.6050	1541000.0000	1337370.1900	203629.8100	1.4208	0.1321
w_take2.0_stop4.0_atr5.0_dev0.0	202606	6	6	2	-0.0701	-1.4258	0.1667	12520100.0000	12551682.4700	-44000.0000	-53286.6400	9286.6400	0.9975	0.2111
w_take2.0_stop4.0_atr5.0_dev0.0	202607	2	4	2	0.3094	-1.6227	1.0000	8659940.0000	4340751.0150	90720.0000	80589.3200	10130.6800	1.9950	0.1117
w_take2.0_stop4.0_atr5.0_dev0.0	202608	32	35	15	0.1115	-0.9961	0.3750	73540000.0000	67343299.9800	535200.0000	460419.1900	74780.8100	1.0920	0.1397
w_take2.0_stop4.0_atr5.0_dev0.0	202609	53	64	38	0.1821	-0.9259	0.5472	134442650.0000	112041353.6825	1413750.0000	1227241.3925	186508.6075	1.1999	0.1319
w_take2.0_stop5.0_atr4.0_dev-1.0	202509	45	48	14	0.0496	-0.7491	0.2667	100495020.0000	94235653.2280	355300.0000	286156.4150	69143.5850	1.0664	0.1946
w_take2.0_stop5.0_atr4.0_dev-1.0	202510	57	62	28	0.0907	-1.0217	0.3860	129895900.0000	120069307.6950	801850.0000	664169.1125	137680.8875	1.0818	0.1717
w_take2.0_stop5.0_atr4.0_dev-1.0	202511	47	54	30	0.1357	-0.8019	0.5106	115334900.0000	100759511.6600	974200.0000	824449.0350	149750.9650	1.1447	0.1537
w_take2.0_stop5.0_atr4.0_dev-1.0	202512	82	85	26	0.0816	-0.6280	0.2805	179500230.0000	173841282.2815	987920.0000	860054.7190	127865.2810	1.0326	0.1294
w_take2.0_stop5.0_atr4.0_dev-1.0	202601	76	93	52	0.1752	-0.6811	0.5263	196919150.0000	161360500.4450	1951750.0000	1695755.2575	255994.7425	1.2204	0.1312
w_take2.0_stop5.0_atr4.0_dev-1.0	202602	30	31	11	0.1146	-1.0490	0.3000	65473990.0000	63398258.3125	489400.0000	434832.7700	54567.2300	1.0327	0.1115
w_take2.0_stop5.0_atr4.0_dev-1.0	202603	4	5	2	-0.1551	-2.4969	0.2500	10738900.0000	8594588.9950	-69950.0000	-79670.7475	9720.7475	1.2495	0.1390
w_take2.0_stop5.0_atr4.0_dev-1.0	202604	23	24	11	0.0648	-0.8264	0.3478	50743330.0000	48980275.9395	243200.0000	188825.3800	54374.6200	1.0360	0.2236
w_take2.0_stop5.0_atr4.0_dev-1.0	202605	20	28	21	0.2738	-0.7314	0.7000	58558300.0000	42537929.7325	799500.0000	696210.7750	103289.2250	1.3766	0.1292
w_take2.0_stop5.0_atr4.0_dev-1.0	202606	3	3	1	0.0979	-0.8073	0.3333	6299200.0000	6300144.8800	40700.0000	36023.0750	4676.9250	0.9999	0.1149
w_take2.0_stop5.0_atr4.0_dev-1.0	202608	6	7	3	0.1481	-0.6662	0.5000	14299000.0000	12273240.7100	130400.0000	115291.0800	15108.9200	1.1651	0.1159
w_take2.0_stop5.0_atr4.0_dev-1.0	202609	34	38	24	0.1632	-0.9237	0.5882	80099150.0000	72094962.6225	824750.0000	706936.8425	117813.1575	1.1110	0.1428
w_take2.0_stop5.0_atr4.0_dev-3.0	202509	47	51	16	0.0624	-0.7143	0.2979	106773420.0000	98468688.0880	454000.0000	374981.4500	79018.5500	1.0843	0.1740
w_take2.0_stop5.0_atr4.0_dev-3.0	202510	59	65	30	0.1037	-0.9877	0.4068	136215450.0000	124401507.4275	932750.0000	785255.6725	147494.3275	1.0950	0.1581
w_take2.0_stop5.0_atr4.0_dev-3.0	202511	50	57	30	0.1276	-0.8061	0.4800	121728400.0000	107153970.6850	974200.0000	824449.0350	149750.9650	1.1360	0.1537
w_take2.0_stop5.0_atr4.0_dev-3.0	202512	82	85	27	0.0697	-0.6280	0.2805	179514230.0000	173855284.3815	867920.0000	735910.5190	132009.4810	1.0325	0.1521
w_take2.0_stop5.0_atr4.0_dev-3.0	202601	76	93	52	0.1752	-0.6811	0.5263	196919150.0000	161360500.4450	1951750.0000	1695755.2575	255994.7425	1.2204	0.1312
w_take2.0_stop5.0_atr4.0_dev-3.0	202602	30	31	11	0.1146	-1.0490	0.3000	65473990.0000	63398258.3125	489400.0000	434832.7700	54567.2300	1.0327	0.1115
w_take2.0_stop5.0_atr4.0_dev-3.0	202603	5	6	3	-0.2928	-3.1804	0.2000	12898900.0000	10754912.9950	-174950.0000	-188998.9975	14048.9975	1.1993	0.0803
w_take2.0_stop5.0_atr4.0_dev-3.0	202604	23	24	11	0.0648	-0.8264	0.3478	50743330.0000	48980275.9395	243200.0000	188825.3800	54374.6200	1.0360	0.2236
w_take2.0_stop5.0_atr4.0_dev-3.0	202605	20	28	21	0.2738	-0.7314	0.7000	58558300.0000	42537929.7325	799500.0000	696210.7750	103289.2250	1.3766	0.1292
w_take2.0_stop5.0_atr4.0_dev-3.0	202606	4	4	1	0.0734	-1.4258	0.2500	8297900.0000	8299144.6850	40700.0000	36023.0750	4676.9250	0.9999	0.1149
w_take2.0_stop5.0_atr4.0_dev-3.0	202608	6	7	3	0.1481	-0.6662	0.5000	14299000.0000	12273240.7100	130400.0000	115291.0800	15108.9200	1.1651	0.1159
w_take2.0_stop5.0_atr4.0_dev-3.0	202609	35	39	24	0.1585	-0.9146	0.5714	81609150.0000	73605189.1225	824750.0000	706936.8425	117813.1575	1.1087	0.1428
w_take2.0_stop5.0_atr4.0_dev0.0	202509	42	44	12	0.0679	-0.7317	0.2619	92024320.0000	87914405.1830	424900.0000	365533.1150	59366.8850	1.0467	0.1397
w_take2.0_stop5.0_atr4.0_dev0.0	202510	55	58	25	0.0777	-1.0217	0.3455	121429200.0000	115752160.2200	670050.0000	547488.8625	122561.1375	1.0490	0.1829
w_take2.0_stop5.0_atr4.0_dev0.0	202511	46	53	30	0.1387	-0.7898	0.5217	113215000.0000	98639293.6750	974200.0000	824449.0350	149750.9650	1.1478	0.1537
w_take2.0_stop5.0_atr4.0_dev0.0	202512	80	83	26	0.0836	-0.6280	0.2875	175228770.0000	169569181.5625	987920.0000	860054.7190	127865.2810	1.0334	0.1294
w_take2.0_stop5.0_atr4.0_dev0.0	202601	73	90	49	0.1821	-0.6925	0.5205	190584550.0000	155024950.2550	1936750.0000	1694998.2875	241751.7125	1.2294	0.1248
w_take2.0_stop5.0_atr4.0_dev0.0	202602	29	30	11	0.1186	-1.0000	0.3103	63445990.0000	61369954.1125	489400.0000	434832.7700	54567.2300	1.0338	0.1115
w_take2.0_stop5.0_atr4.0_dev0.0	202603	3	4	2	-0.2068	-3.1804	0.3333	8577300.0000	6432664.7550	-69950.0000	-79670.7475	9720.7475	1.3334	0.1390
w_take2.0_stop5.0_atr4.0_dev0.0	202604	21	21	9	0.0459	-0.8264	0.2857	44538730.0000	44773344.9945	166800.0000	122154.1900	44645.8100	0.9948	0.2677
w_take2.0_stop5.0_atr4.0_dev0.0	202605	19	26	19	0.2561	-0.7303	0.6842	54228700.0000	40362603.4825	709800.0000	616661.7100	93138.2900	1.3435	0.1312
w_take2.0_stop5.0_atr4.0_dev0.0	202606	3	3	1	0.0979	-0.8073	0.3333	6299200.0000	6300144.8800	40700.0000	36023.0750	4676.9250	0.9999	0.1149
w_take2.0_stop5.0_atr4.0_dev0.0	202608	6	7	3	0.1481	-0.6662	0.5000	14299000.0000	12273240.7100	130400.0000	115291.0800	15108.9200	1.1651	0.1159
w_take2.0_stop5.0_atr4.0_dev0.0	202609	33	37	24	0.1682	-0.9328	0.6061	77974950.0000	69970443.9925	824750.0000	706936.8425	117813.1575	1.1144	0.1428
w_take2.0_stop5.0_atr4.5_dev-1.0	202509	50	53	14	0.0447	-0.8418	0.2400	110545820.0000	104287960.8480	355300.0000	286156.4150	69143.5850	1.0600	0.1946
w_take2.0_stop5.0_atr4.5_dev-1.0	202510	70	77	38	0.1101	-1.0237	0.4143	160776980.0000	147101441.9070	1163950.0000	978987.8175	184962.1825	1.0930	0.1589
w_take2.0_stop5.0_atr4.5_dev-1.0	202511	63	71	33	0.1144	-0.8104	0.4286	150815350.0000	134142568.3675	1094300.0000	930054.2800	164245.7200	1.1243	0.1501
w_take2.0_stop5.0_atr4.5_dev-1.0	202512	101	106	33	0.0874	-0.7181	0.2970	221305730.0000	211896989.7815	1285420.0000	1123918.1440	161501.8560	1.0444	0.1256
w_take2.0_stop5.0_atr4.5_dev-1.0	202601	109	134	76	0.1684	-0.7568	0.5229	280050350.0000	228689798.3250	2696250.0000	2327469.5925	368780.4075	1.2246	0.1368
w_take2.0_stop5.0_atr4.5_dev-1.0	202602	59	67	32	0.1467	-0.8876	0.3729	140906390.0000	124377303.7975	1260400.0000	1102278.2200	158121.7800	1.1329	0.1255
w_take2.0_stop5.0_atr4.5_dev-1.0	202603	11	14	10	-0.2317	-3.1804	0.2727	29476550.0000	23174525.6575	-269950.0000	-317944.6875	47994.6875	1.2719	0.1778
w_take2.0_stop5.0_atr4.5_dev-1.0	202604	33	36	15	0.0617	-0.8415	0.3333	75395830.0000	69394237.5745	333900.0000	259481.7200	74418.2800	1.0865	0.2229
w_take2.0_stop5.0_atr4.5_dev-1.0	202605	29	42	29	0.2532	-1.1869	0.6552	88500850.0000	61856777.1250	1082100.0000	938760.4850	143339.5150	1.4307	0.1325
w_take2.0_stop5.0_atr4.5_dev-1.0	202606	4	4	1	0.0734	-1.4258	0.2500	8332400.0000	8333649.8600	40700.0000	36023.0750	4676.9250	0.9999	0.1149
w_take2.0_stop5.0_atr4.5_dev-1.0	202608	16	17	5	0.0893	-1.3427	0.3125	35044300.0000	33021652.5050	209500.0000	184605.4050	24894.5950	1.0613	0.1188
w_take2.0_stop5.0_atr4.5_dev-1.0	202609	42	48	29	0.1685	-1.0022	0.5714	101133050.0000	88935988.3975	1043750.0000	901217.0925	142532.9075	1.1371	0.1366
w_take2.0_stop5.0_atr4.5_dev-3.0	202509	52	56	16	0.0564	-0.7618	0.2692	116824220.0000	108520995.7080	454000.0000	374981.4500	79018.5500	1.0765	0.1740
w_take2.0_stop5.0_atr4.5_dev-3.0	202510	72	80	40	0.1201	-1.0047	0.4306	167096530.0000	151433641.6395	1294850.0000	1100074.3775	194775.6225	1.1034	0.1504
w_take2.0_stop5.0_atr4.5_dev-3.0	202511	68	75	33	0.1060	-0.8725	0.3971	159329450.0000	144760660.8425	1094300.0000	930087.4000	164212.6000	1.1006	0.1501
w_take2.0_stop5.0_atr4.5_dev-3.0	202512	102	108	36	0.0699	-0.7214	0.3039	225646730.0000	214157328.7815	1107420.0000	933041.3440	174378.6560	1.0536	0.1575
w_take2.0_stop5.0_atr4.5_dev-3.0	202601	110	135	77	0.1589	-0.7663	0.5182	282093950.0000	230733704.8650	2593050.0000	2219791.1925	373258.8075	1.2226	0.1439
w_take2.0_stop5.0_atr4.5_dev-3.0	202602	59	67	32	0.1467	-0.8876	0.3729	140906390.0000	124377303.7975	1260400.0000	1102278.2200	158121.7800	1.1329	0.1255
w_take2.0_stop5.0_atr4.5_dev-3.0	202603	12	15	11	-0.2827	-4.0965	0.2500	31636550.0000	25334849.6575	-374950.0000	-427272.9375	52322.9375	1.2487	0.1395
w_take2.0_stop5.0_atr4.5_dev-3.0	202604	33	36	15	0.0617	-0.8415	0.3333	75395830.0000	69394237.5745	333900.0000	259481.7200	74418.2800	1.0865	0.2229
w_take2.0_stop5.0_atr4.5_dev-3.0	202605	29	42	29	0.2532	-1.1869	0.6552	88500850.0000	61856777.1250	1082100.0000	938760.4850	143339.5150	1.4307	0.1325
w_take2.0_stop5.0_atr4.5_dev-3.0	202606	5	5	1	0.0587	-2.0442	0.2000	10331100.0000	10332649.6650	40700.0000	36023.0750	4676.9250	0.9999	0.1149
w_take2.0_stop5.0_atr4.5_dev-3.0	202608	17	20	7	0.1198	-1.3245	0.3529	41149300.0000	35091963.0050	294500.0000	260142.1550	34357.8450	1.1726	0.1167
w_take2.0_stop5.0_atr4.5_dev-3.0	202609	44	50	30	0.1683	-0.9237	0.5682	104643050.0000	92446514.8975	1088750.0000	941520.3425	147229.6575	1.1319	0.1352
w_take2.0_stop5.0_atr4.5_dev0.0	202509	47	49	12	0.0607	-0.7744	0.2340	102075120.0000	97966712.8030	424900.0000	365533.1150	59366.8850	1.0419	0.1397
w_take2.0_stop5.0_atr4.5_dev0.0	202510	68	73	35	0.1001	-1.0237	0.3824	152310280.0000	142784294.4320	1032150.0000	862307.5675	169842.4325	1.0667	0.1646
w_take2.0_stop5.0_atr4.5_dev0.0	202511	61	68	32	0.1132	-0.7692	0.4262	144482950.0000	129911933.8675	1051100.0000	891790.9600	159309.0400	1.1122	0.1516
w_take2.0_stop5.0_atr4.5_dev0.0	202512	98	103	33	0.0900	-0.7179	0.3061	215387270.0000	205977642.0125	1285420.0000	1123918.1440	161501.8560	1.0457	0.1256
w_take2.0_stop5.0_atr4.5_dev0.0	202601	106	131	73	0.1731	-0.7663	0.5189	273715750.0000	222354248.1350	2681250.0000	2326712.6225	354537.3775	1.2310	0.1322
w_take2.0_stop5.0_atr4.5_dev0.0	202602	58	66	32	0.1492	-0.8336	0.3793	138878390.0000	122348999.5975	1260400.0000	1102278.2200	158121.7800	1.1351	0.1255
w_take2.0_stop5.0_atr4.5_dev0.0	202603	9	11	9	-0.3174	-5.0125	0.2222	23001200.0000	18854027.6800	-314950.0000	-357890.2875	42940.2875	1.2200	0.1363
w_take2.0_stop5.0_atr4.5_dev0.0	202604	31	33	13	0.0487	-0.8415	0.2903	69191230.0000	65187306.6295	257500.0000	192810.5300	64689.4700	1.0614	0.2512
w_take2.0_stop5.0_atr4.5_dev0.0	202605	28	40	27	0.2405	-1.1318	0.6429	84171250.0000	59681450.8750	992400.0000	859211.4200	133188.5800	1.4103	0.1342
w_take2.0_stop5.0_atr4.5_dev0.0	202606	4	4	1	0.0734	-1.4258	0.2500	8332400.0000	8333649.8600	40700.0000	36023.0750	4676.9250	0.9999	0.1149
w_take2.0_stop5.0_atr4.5_dev0.0	202608	16	17	5	0.0893	-1.3427	0.3125	35044300.0000	33021652.5050	209500.0000	184605.4050	24894.5950	1.0613	0.1188
w_take2.0_stop5.0_atr4.5_dev0.0	202609	41	47	28	0.1646	-1.0716	0.5610	99093050.0000	86895682.3975	998750.0000	861005.8425	137744.1575	1.1404	0.1379
w_take2.0_stop5.0_atr5.0_dev-1.0	202509	58	63	19	0.0585	-0.9109	0.2759	131195320.0000	120752130.1030	527000.0000	433194.8900	93805.1100	1.0865	0.1780
w_take2.0_stop5.0_atr5.0_dev-1.0	202510	78	89	44	0.1207	-1.0237	0.4359	186356520.0000	164271357.0080	1414400.0000	1199469.9300	214930.0700	1.1344	0.1520
w_take2.0_stop5.0_atr5.0_dev-1.0	202511	90	103	47	0.1207	-1.0088	0.4111	215716212.0000	188798165.4775	1623138.0000	1393981.6557	229156.3443	1.1426	0.1412
w_take2.0_stop5.0_atr5.0_dev-1.0	202512	111	119	41	0.0867	-0.7260	0.3153	247740830.0000	232395964.1665	1448520.0000	1249070.0690	199449.9310	1.0660	0.1377
w_take2.0_stop5.0_atr5.0_dev-1.0	202601	124	154	89	0.1607	-0.7663	0.5242	320540850.0000	259065854.0500	2951650.0000	2521573.8025	430076.1975	1.2373	0.1457
w_take2.0_stop5.0_atr5.0_dev-1.0	202602	72	81	36	0.1367	-0.9162	0.3472	170175390.0000	151827920.7725	1427000.0000	1249708.7900	177291.2100	1.1208	0.1242
w_take2.0_stop5.0_atr5.0_dev-1.0	202603	19	23	14	-0.2256	-3.1804	0.2105	48086550.0000	39773515.1325	-462600.0000	-528561.9750	65961.9750	1.2090	0.1426
w_take2.0_stop5.0_atr5.0_dev-1.0	202604	48	56	27	0.0671	-0.8305	0.3750	116925530.0000	100737338.3345	537500.0000	405556.6000	131943.4000	1.1607	0.2455
w_take2.0_stop5.0_atr5.0_dev-1.0	202605	43	63	44	0.2169	-1.3514	0.6279	130547700.0000	90310644.5650	1396300.0000	1182930.2950	213369.7050	1.4455	0.1528
w_take2.0_stop5.0_atr5.0_dev-1.0	202606	5	5	1	0.0587	-0.8073	0.2000	10466400.0000	10467969.9600	40700.0000	36023.0750	4676.9250	0.9999	0.1149
w_take2.0_stop5.0_atr5.0_dev-1.0	202607	2	4	2	0.3094	-1.6227	1.0000	8659940.0000	4340751.0150	90720.0000	80589.3200	10130.6800	1.9950	0.1117
w_take2.0_stop5.0_atr5.0_dev-1.0	202608	33	36	15	0.1081	-1.0377	0.3636	75695100.0000	69498723.2450	535200.0000	460419.1900	74780.8100	1.0892	0.1397
w_take2.0_stop5.0_atr5.0_dev-1.0	202609	55	66	39	0.1815	-0.9259	0.5455	138496650.0000	116095961.7825	1458750.0000	1267464.1425	191285.8575	1.1929	0.1311
w_take2.0_stop5.0_atr5.0_dev-3.0	202509	60	66	21	0.0682	-0.8848	0.3000	137473720.0000	124985164.9630	625700.0000	522019.9250	103680.0750	1.0999	0.1657
w_take2.0_stop5.0_atr5.0_dev-3.0	202510	80	92	46	0.1295	-1.0047	0.4500	192676070.0000	168603556.7405	1545300.0000	1320556.4900	224743.5100	1.1428	0.1454
w_take2.0_stop5.0_atr5.0_dev-3.0	202511	94	106	47	0.1156	-1.0088	0.3936	222095312.0000	197280937.7025	1623138.0000	1394014.7757	229123.2243	1.1258	0.1412
w_take2.0_stop5.0_atr5.0_dev-3.0	202512	113	122	46	0.0648	-0.7260	0.3274	254233630.0000	236822428.0365	1200370.0000	978256.2515	222113.7485	1.0735	0.1850
w_take2.0_stop5.0_atr5.0_dev-3.0	202601	126	156	90	0.1512	-0.7804	0.5159	324330450.0000	262856022.4900	2848450.0000	2413895.4025	434554.5975	1.2339	0.1526
w_take2.0_stop5.0_atr5.0_dev-3.0	202602	72	81	36	0.1367	-0.9162	0.3472	170175390.0000	151827920.7725	1427000.0000	1249708.7900	177291.2100	1.1208	0.1242
w_take2.0_stop5.0_atr5.0_dev-3.0	202603	21	25	15	-0.2442	-3.1804	0.1905	52404750.0000	44092362.8625	-567600.0000	-637890.2250	70290.2250	1.1885	0.1238
w_take2.0_stop5.0_atr5.0_dev-3.0	202604	48	56	28	0.0737	-0.8305	0.3958	116875830.0000	100727436.8495	583700.0000	446693.4100	137006.5900	1.1603	0.2347
w_take2.0_stop5.0_atr5.0_dev-3.0	202605	44	64	44	0.2120	-1.3579	0.6136	132682500.0000	92445764.7850	1396300.0000	1182930.2950	213369.7050	1.4352	0.1528
w_take2.0_stop5.0_atr5.0_dev-3.0	202606	6	6	1	0.0490	-1.4258	0.1667	12465100.0000	12466969.7650	40700.0000	36023.0750	4676.9250	0.9999	0.1149
w_take2.0_stop5.0_atr5.0_dev-3.0	202607	2	4	2	0.3094	-1.6227	1.0000	8659940.0000	4340751.0150	90720.0000	80589.3200	10130.6800	1.9950	0.1117
w_take2.0_stop5.0_atr5.0_dev-3.0	202608	34	39	17	0.1228	-0.9961	0.3824	81800100.0000	71569033.7450	620200.0000	535955.9400	84244.0600	1.1430	0.1358
w_take2.0_stop5.0_atr5.0_dev-3.0	202609	58	70	42	0.1884	-0.9294	0.5690	145879150.0000	121788815.5825	1586250.0000	1380948.6675	205301.3325	1.1978	0.1294
w_take2.0_stop5.0_atr5.0_dev0.0	202509	55	59	17	0.0730	-0.9091	0.2727	122724620.0000	114430882.0580	596600.0000	512571.5900	84028.4100	1.0725	0.1408
w_take2.0_stop5.0_atr5.0_dev0.0	202510	76	85	41	0.1120	-1.0237	0.4079	177889820.0000	159954209.5330	1282600.0000	1082789.6800	199810.3200	1.1121	0.1558
w_take2.0_stop5.0_atr5.0_dev0.0	202511	86	97	44	0.1296	-0.9687	0.4070	203404962.0000	180750258.4725	1620388.0000	1405581.1732	214806.8268	1.1253	0.1326
w_take2.0_stop5.0_atr5.0_dev0.0	202512	107	115	40	0.0990	-0.7246	0.3271	240240370.0000	224786362.8975	1542520.0000	1346754.9690	195765.0310	1.0687	0.1269
w_take2.0_stop5.0_atr5.0_dev0.0	202601	121	151	86	0.1645	-0.7758	0.5207	314206250.0000	252730303.8600	2936650.0000	2520816.8325	415833.1675	1.2432	0.1416
w_take2.0_stop5.0_atr5.0_dev0.0	202602	70	79	36	0.1406	-0.9162	0.3571	165972990.0000	147624890.4125	1427000.0000	1249708.7900	177291.2100	1.1243	0.1242
w_take2.0_stop5.0_atr5.0_dev0.0	202603	17	20	13	-0.2702	-4.0675	0.1765	41611200.0000	35453017.1550	-507600.0000	-568507.5750	60907.5750	1.1737	0.1200
w_take2.0_stop5.0_atr5.0_dev0.0	202604	46	53	25	0.0586	-0.8305	0.3478	110720930.0000	96530407.3895	461100.0000	338885.4100	122214.5900	1.1470	0.2651
w_take2.0_stop5.0_atr5.0_dev0.0	202605	41	59	40	0.2307	-1.3043	0.6341	121910700.0000	85969593.5050	1393000.0000	1199502.4900	193497.5100	1.4181	0.1389
w_take2.0_stop5.0_atr5.0_dev0.0	202606	5	5	1	0.0587	-0.8073	0.2000	10466400.0000	10467969.9600	40700.0000	36023.0750	4676.9250	0.9999	0.1149
w_take2.0_stop5.0_atr5.0_dev0.0	202607	2	4	2	0.3094	-1.6227	1.0000	8659940.0000	4340751.0150	90720.0000	80589.3200	10130.6800	1.9950	0.1117
w_take2.0_stop5.0_atr5.0_dev0.0	202608	32	35	15	0.1115	-0.9961	0.3750	73540000.0000	67343299.9800	535200.0000	460419.1900	74780.8100	1.0920	0.1397
w_take2.0_stop5.0_atr5.0_dev0.0	202609	53	64	38	0.1821	-0.9259	0.5472	134442650.0000	112041353.6825	1413750.0000	1227241.3925	186508.6075	1.1999	0.1319
