rule	signal	date	ticker	kind	minute	sell_price	shares	delta_won	delta_same_close_won
score-11	kospi	2025-11-05	003550	carried_past_day	546.0	80650.0	6.0	-5540.0	4660.0
score-11	kospi	2025-11-05	005930	carried_past_day	546.0	100500.0	5.0	-17080.0	-1580.0
score-11	kospi	2025-11-05	047810	carried_past_day	546.0	104300.0	5.0	13379.0	20379.0
score-11	kospi	2025-11-05	055550	carried_past_day	546.0	76650.0	6.0	1711.0	7111.0
score-11	kospi	2025-11-05	161390	carried_past_day	546.0	45325.0	11.0	-9047.0	-4097.0
score-11	kospi	2025-11-05	241560	carried_past_day	546.0	60000.0	8.0	-10632.0	-232.0
score-11	kospi	2025-11-07	005930	carried_past_day	726.0	97600.0	5.0	-6049.0	-2549.0
score-11	kospi	2025-11-07	005940	carried_past_day	726.0	20050.0	24.0	-10635.0	1845.0
score-11	kospi	2025-11-07	010950	carried_past_day	726.0	74300.0	6.0	-9358.0	-1558.0
score-11	kospi	2025-11-07	047810	carried_past_day	726.0	97000.0	5.0	-7543.0	-1043.0
score-11	kospi	2025-11-07	055550	carried_past_day	726.0	77500.0	6.0	-16000.0	-400.0
score-11	kospi	2025-11-07	066570	carried_past_day	726.0	88100.0	5.0	-5447.0	-1947.0
score-11	kospi	2025-11-07	086790	carried_past_day	726.0	92300.0	5.0	-16992.0	508.0
score-11	kospi	2025-11-07	161390	sold_same_day_anyway	726.0	45100.0	10.0	-25500.0	-25500.0
score-11	kospi	2025-11-07	316140	carried_past_day	726.0	25650.0	18.0	-11793.0	-1893.0
score-11	kospi	2025-11-18	003550	carried_past_day	702.0	81600.0	5.0	-3377.0	3623.0
score-11	kospi	2025-11-18	016360	carried_past_day	702.0	78600.0	6.0	-2814.0	3786.0
score-11	kospi	2025-11-18	024110	carried_past_day	702.0	20150.0	24.0	-3440.0	1360.0
score-11	kospi	2025-11-18	032640	carried_past_day	702.0	15230.0	31.0	-2255.0	2395.0
score-11	kospi	2025-11-18	055550	carried_past_day	702.0	77300.0	6.0	-397.0	4403.0
score-11	kospi	2025-11-18	066570	carried_past_day	702.0	89100.0	5.0	2042.0	6542.0
score-11	kospi	2025-11-18	086790	carried_past_day	702.0	91800.0	5.0	-2487.0	3013.0
score-11	kospi	2025-11-18	316140	carried_past_day	702.0	25900.0	18.0	-2802.0	2598.0
score-11	kospi	2025-11-21	016360	carried_past_day	540.0	78500.0	6.0	-1613.0	7387.0
score-11	kospi	2025-11-21	024110	carried_past_day	540.0	20100.0	24.0	-8237.0	-4637.0
score-11	kospi	2025-11-21	029780	carried_past_day	540.0	53100.0	9.0	-10027.0	-5527.0
score-11	kospi	2025-11-21	316140	sold_same_day_anyway	540.0	26100.0	18.0	6300.0	6300.0
score-11	kospi	2026-01-21	003490	buy_blocked				10077.75	
score-11	kospi	2026-01-21	003550	buy_blocked				-20952.2	
score-11	kospi	2026-01-21	005940	carried_past_day	540.0	22400.0	22.0	-10960.0	-3260.0
score-11	kospi	2026-01-21	016360	carried_past_day	540.0	81000.0	6.0	-12445.0	-4645.0
score-11	kospi	2026-01-21	030200	buy_blocked				-24007.32	
score-11	kospi	2026-01-21	055550	carried_past_day	540.0	82300.0	6.0	2538.0	5538.0
score-11	kospi	2026-01-21	078930	carried_past_day	540.0	60000.0	8.0	-7432.0	-8232.0
score-11	kospi	2026-01-21	086790	carried_past_day	540.0	100000.0	5.0	2925.0	-75.0
score-11	kospi	2026-01-21	241560	carried_past_day	540.0	59500.0	8.0	-3423.0	-1823.0
score-11	kospi	2026-02-06	024110	buy_blocked				-23006.94	
score-11	kospi	2026-02-06	029780	buy_blocked				-14101.96	
score-11	kospi	2026-02-06	030200	carried_past_day	540.0	55200.0	9.0	-19968.0	-10968.0
score-11	kospi	2026-02-06	032640	buy_blocked				-5239.552	
score-11	kospi	2026-02-06	078930	buy_blocked				-18475.94	
score-11	kospi	2026-03-03	010140	carried_past_day	786.0	28400.0	17.0	32112.0	5762.0
score-11	kospi	2026-03-03	029780	carried_past_day	786.0	62400.0	8.0	-1873.0	2927.0
score-11	kospi	2026-03-03	030200	carried_past_day	786.0	64000.0	7.0	18637.0	6037.0
score-11	kospi	2026-03-03	032640	carried_past_day	786.0	16150.0	29.0	-1297.0	153.0
score-11	kospi	2026-03-03	064400	carried_past_day	786.0	69700.0	6.0	27301.0	11701.0
score-11	kospi	2026-03-04	003550	buy_blocked				40020.15	
score-11	kospi	2026-03-04	010140	sold_same_day_anyway	540.0	26450.0	17.0	5950.0	5950.0
score-11	kospi	2026-03-04	029780	sold_same_day_anyway	540.0	62500.0	8.0	20800.0	20800.0
score-11	kospi	2026-03-04	030200	sold_same_day_anyway	540.0	61200.0	7.0	11900.0	11900.0
score-11	kospi	2026-03-04	032640	sold_same_day_anyway	540.0	16160.0	29.0	5220.0	5220.0
score-11	kospi	2026-03-04	064400	sold_same_day_anyway	540.0	65000.0	6.0	11400.0	11400.0
score-11	kospi	2026-03-09	003550	sold_same_day_anyway	540.0	88400.0	5.0	1000.0	1000.0
score-11	kospi	2026-04-02	017670	carried_past_day	786.0	77200.0	6.0	-10596.0	-4596.0
score-11	kospi	2026-04-02	030200	carried_past_day	786.0	59900.0	8.0	1370.0	2970.0
score-11	kospi	2026-04-02	323410	carried_past_day	786.0	23500.0	20.0	-10010.0	990.0
score-11	kospi	2026-05-18	003490	carried_past_day	558.0	24800.0	18.0	-17160.0	-14460.0
score-11	kospi	2026-05-18	017670	carried_past_day	558.0	99300.0	5.0	433.0	-7067.0
prev-1.5	kospi	2025-09-26	066570	carried_past_day	571.2	76600.0	6.0	-3388.0	812.0
prev-1.5	kospi	2025-09-26	251270	carried_past_day	571.2	63300.0	7.0	-953.0	6747.0
prev-1.5	kospi	2025-09-26	316140	carried_past_day	571.2	26350.0	18.0	-5520.0	1680.0
prev-1.5	kospi	2025-10-13	010140	buy_blocked				-21929.545	
prev-1.5	kospi	2025-10-13	032640	carried_past_day	540.0	15300.0	32.0	14947.0	10787.0
prev-1.5	kospi	2025-10-13	055550	carried_past_day	540.0	72100.0	7.0	16415.0	10815.0
prev-1.5	kospi	2025-10-23	005940	carried_past_day	555.4	20400.0	24.0	-8253.0	147.0
prev-1.5	kospi	2025-10-23	016360	carried_past_day	555.4	75500.0	6.0	-8774.0	-2174.0
prev-1.5	kospi	2025-10-23	055550	carried_past_day	555.4	72500.0	6.0	-7535.0	-5735.0
prev-1.5	kospi	2025-10-23	241560	sold_same_day_anyway	555.4	58900.0	8.0	-20800.0	-20800.0
prev-1.5	kospi	2025-10-28	005940	carried_past_day	611.7	20450.0	24.0	145.0	2545.0
prev-1.5	kospi	2025-10-28	016360	carried_past_day	611.7	77650.0	6.0	-7902.0	-2502.0
prev-1.5	kospi	2025-10-28	028050	sold_same_day_anyway	611.7	28050.0	17.0	13600.0	13600.0
prev-1.5	kospi	2025-10-28	055550	carried_past_day	611.7	74000.0	6.0	-12955.0	-955.0
prev-1.5	kospi	2025-11-04	016360	carried_past_day	684.3	75600.0	6.0	5625.0	4425.0
prev-1.5	kospi	2025-11-04	241560	carried_past_day	684.3	61000.0	8.0	-5049.0	-2649.0
prev-1.5	kospi	2025-11-05	003550	buy_blocked				-13281.6	
prev-1.5	kospi	2025-11-05	005930	buy_blocked				-17315.975	
prev-1.5	kospi	2025-11-05	016360	sold_same_day_anyway	540.0	74500.0	6.0	5400.0	5400.0
prev-1.5	kospi	2025-11-05	047810	buy_blocked				7129.05	
prev-1.5	kospi	2025-11-05	055550	buy_blocked				-21713.22	
prev-1.5	kospi	2025-11-05	161390	buy_blocked				-23562.0825	
prev-1.5	kospi	2025-11-05	241560	carried_past_day	540.0	61500.0	8.0	1342.0	11742.0
prev-1.5	kospi	2025-11-07	005930	carried_past_day	540.0	96400.0	5.0	-12036.0	-8536.0
prev-1.5	kospi	2025-11-07	005940	carried_past_day	540.0	20750.0	24.0	6129.0	18609.0
prev-1.5	kospi	2025-11-07	010950	buy_blocked				-21722.88	
prev-1.5	kospi	2025-11-07	047810	carried_past_day	540.0	97000.0	5.0	-7543.0	-1043.0
prev-1.5	kospi	2025-11-07	055550	buy_blocked				-21088.29	
prev-1.5	kospi	2025-11-07	066570	buy_blocked				-27923.35	
prev-1.5	kospi	2025-11-07	086790	buy_blocked				-30882.4	
prev-1.5	kospi	2025-11-07	161390	buy_blocked				-17406.825	
prev-1.5	kospi	2025-11-07	316140	carried_past_day	540.0	26900.0	18.0	10659.0	20559.0
prev-1.5	kospi	2025-11-14	003550	carried_past_day	540.0	83900.0	5.0	-3402.0	4098.0
prev-1.5	kospi	2025-11-14	016360	buy_blocked				21478.08	
prev-1.5	kospi	2025-11-14	024110	carried_past_day	540.0	20750.0	24.0	1329.0	1329.0
prev-1.5	kospi	2025-11-14	032640	carried_past_day	540.0	15570.0	31.0	1752.0	-728.0
prev-1.5	kospi	2025-11-14	055550	buy_blocked				14866.05	
prev-1.5	kospi	2025-11-14	066570	carried_past_day	540.0	90600.0	5.0	-7974.0	1026.0
prev-1.5	kospi	2025-11-14	316140	carried_past_day	540.0	26850.0	18.0	3461.0	-139.0
prev-1.5	kospi	2025-11-18	003550	carried_past_day	573.9	82600.0	5.0	1612.0	8612.0
prev-1.5	kospi	2025-11-18	016360	carried_past_day	573.9	79500.0	6.0	2574.0	9174.0
prev-1.5	kospi	2025-11-18	024110	carried_past_day	573.9	20250.0	24.0	-1045.0	3755.0
prev-1.5	kospi	2025-11-18	032640	carried_past_day	573.9	15520.0	31.0	6716.0	11366.0
prev-1.5	kospi	2025-11-18	055550	carried_past_day	573.9	77800.0	6.0	2596.0	7396.0
prev-1.5	kospi	2025-11-18	066570	carried_past_day	573.9	90300.0	5.0	8029.0	12529.0
prev-1.5	kospi	2025-11-18	086790	carried_past_day	573.9	92100.0	5.0	-990.0	4510.0
prev-1.5	kospi	2025-11-18	316140	carried_past_day	573.9	26100.0	18.0	790.0	6190.0
prev-1.5	kospi	2025-11-19	016360	carried_past_day	573.0	77000.0	6.0	-15993.0	-5793.0
prev-1.5	kospi	2025-11-19	024110	carried_past_day	573.0	20150.0	24.0	-7040.0	-4640.0
prev-1.5	kospi	2025-11-19	055550	carried_past_day	573.0	76600.0	6.0	-3988.0	-1588.0
prev-1.5	kospi	2025-11-19	086790	carried_past_day	573.0	91700.0	5.0	-9486.0	-5486.0
prev-1.5	kospi	2025-11-19	316140	carried_past_day	573.0	26100.0	18.0	-8210.0	-1010.0
prev-1.5	kospi	2025-11-21	016360	carried_past_day	540.0	78500.0	6.0	-1613.0	7387.0
prev-1.5	kospi	2025-11-21	024110	carried_past_day	540.0	20100.0	24.0	-8237.0	-4637.0
prev-1.5	kospi	2025-11-21	029780	carried_past_day	540.0	53100.0	9.0	-10027.0	-5527.0
prev-1.5	kospi	2025-11-21	316140	sold_same_day_anyway	540.0	26100.0	18.0	6300.0	6300.0
prev-1.5	kospi	2025-11-28	029780	carried_past_day	817.7	54700.0	9.0	-7358.0	-2858.0
prev-1.5	kospi	2025-11-28	055550	carried_past_day	817.7	78100.0	6.0	-5207.0	-407.0
prev-1.5	kospi	2025-12-15	003550	carried_past_day	540.0	82600.0	6.0	-9466.0	-6466.0
prev-1.5	kospi	2025-12-15	010140	buy_blocked				39047.945	
prev-1.5	kospi	2025-12-15	028300	sold_same_day_anyway	540.0	47500.0	10.0	3000.0	3000.0
prev-1.5	kospi	2025-12-15	029780	buy_blocked				-4245.75	
prev-1.5	kospi	2025-12-15	030200	sold_same_day_anyway	540.0	52500.0	9.0	2700.0	2700.0
prev-1.5	kospi	2025-12-15	034020	sold_same_day_anyway	540.0	76800.0	6.0	0.0	0.0
prev-1.5	kospi	2025-12-15	047050	sold_same_day_anyway	540.0	53400.0	9.0	6300.0	6300.0
prev-1.5	kospi	2025-12-15	066570	carried_past_day	540.0	94700.0	5.0	-8018.0	-6018.0
prev-1.5	kospi	2025-12-16	001440	carried_past_day	633.8	24500.0	20.0	8946.0	14946.0
prev-1.5	kospi	2025-12-16	003550	carried_past_day	633.8	85600.0	6.0	96.0	4896.0
prev-1.5	kospi	2025-12-16	010140	carried_past_day	633.8	25200.0	19.0	871.0	4671.0
prev-1.5	kospi	2025-12-16	029780	carried_past_day	633.8	56000.0	9.0	-5584.0	-1084.0
prev-1.5	kospi	2025-12-16	066570	carried_past_day	633.8	94400.0	5.0	985.0	5485.0
prev-1.5	kospi	2025-12-16	138930	sold_same_day_anyway	633.8	15530.0	32.0	6720.0	6720.0
prev-1.5	kospi	2025-12-18	001440	sold_same_day_anyway	540.0	22350.0	20.0	-2000.0	-2000.0
prev-1.5	kospi	2025-12-18	003550	carried_past_day	540.0	82500.0	6.0	736.0	7936.0
prev-1.5	kospi	2025-12-18	010140	sold_same_day_anyway	540.0	24050.0	19.0	3800.0	3800.0
prev-1.5	kospi	2025-12-18	010950	buy_blocked				-68.58	
prev-1.5	kospi	2025-12-18	029780	carried_past_day	540.0	55200.0	9.0	-1068.0	2532.0
prev-1.5	kospi	2025-12-18	030200	carried_past_day	540.0	53800.0	9.0	759.0	6159.0
prev-1.5	kospi	2025-12-18	088980	buy_blocked				-569.062	
prev-1.5	kospi	2025-12-18	241560	buy_blocked				4289.76	
prev-1.5	kospi	2026-01-20	005940	carried_past_day	578.6	22650.0	22.0	4429.0	-6571.0
prev-1.5	kospi	2026-01-20	016360	carried_past_day	578.6	82900.0	6.0	10331.0	-469.0
prev-1.5	kospi	2026-01-20	055550	carried_past_day	578.6	81100.0	6.0	-8246.0	-5846.0
prev-1.5	kospi	2026-01-20	078930	carried_past_day	578.6	60200.0	8.0	565.0	-5835.0
prev-1.5	kospi	2026-01-20	086790	carried_past_day	578.6	98600.0	5.0	-8060.0	-9560.0
prev-1.5	kospi	2026-01-20	241560	carried_past_day	578.6	60900.0	8.0	10153.0	-1047.0
prev-1.5	kospi	2026-01-21	003490	buy_blocked				10077.75	
prev-1.5	kospi	2026-01-21	003550	buy_blocked				-20952.2	
prev-1.5	kospi	2026-01-21	005940	carried_past_day	540.0	22400.0	22.0	-10960.0	-3260.0
prev-1.5	kospi	2026-01-21	016360	carried_past_day	540.0	81000.0	6.0	-12445.0	-4645.0
prev-1.5	kospi	2026-01-21	030200	buy_blocked				-24007.32	
prev-1.5	kospi	2026-01-21	055550	carried_past_day	540.0	82300.0	6.0	2538.0	5538.0
prev-1.5	kospi	2026-01-21	078930	carried_past_day	540.0	60000.0	8.0	-7432.0	-8232.0
prev-1.5	kospi	2026-01-21	086790	carried_past_day	540.0	100000.0	5.0	2925.0	-75.0
prev-1.5	kospi	2026-01-21	241560	carried_past_day	540.0	59500.0	8.0	-3423.0	-1823.0
prev-1.5	kospi	2026-01-29	003550	sold_same_day_anyway	615.5	90000.0	5.0	-15000.0	-15000.0
prev-1.5	kospi	2026-01-29	024110	carried_past_day	615.5	21600.0	22.0	-7622.0	-9822.0
prev-1.5	kospi	2026-01-29	030200	carried_past_day	615.5	55500.0	9.0	-4674.0	-6474.0
prev-1.5	kospi	2026-01-29	055550	carried_past_day	615.5	84400.0	5.0	-2907.0	-4407.0
prev-1.5	kospi	2026-01-29	316140	carried_past_day	615.5	30000.0	16.0	-5032.0	-9032.0
prev-1.5	kospi	2026-02-05	003550	sold_same_day_anyway	540.0	93500.0	5.0	-6000.0	-6000.0
prev-1.5	kospi	2026-02-05	030200	carried_past_day	540.0	56300.0	9.0	8811.0	711.0
prev-1.5	kospi	2026-02-05	032640	sold_same_day_anyway	540.0	16180.0	31.0	-20460.0	-20460.0
prev-1.5	kospi	2026-02-05	241560	buy_blocked				11494.945	
prev-1.5	kospi	2026-02-06	024110	buy_blocked				-23006.94	
prev-1.5	kospi	2026-02-06	029780	buy_blocked				-14101.96	
prev-1.5	kospi	2026-02-06	030200	carried_past_day	540.0	55200.0	9.0	-19968.0	-10968.0
prev-1.5	kospi	2026-02-06	032640	buy_blocked				-5239.552	
prev-1.5	kospi	2026-02-06	078930	buy_blocked				-18475.94	
prev-1.5	kospi	2026-02-27	011200	buy_blocked				-65419.245	
prev-1.5	kospi	2026-02-27	015760	sold_same_day_anyway	540.0	61500.0	7.0	17500.0	17500.0
prev-1.5	kospi	2026-02-27	029780	carried_past_day	540.0	63600.0	8.0	-1094.0	3706.0
prev-1.5	kospi	2026-02-27	030200	buy_blocked				28962.15	
prev-1.5	kospi	2026-02-27	032640	buy_blocked				30650.303	
prev-1.5	kospi	2026-02-27	064400	sold_same_day_anyway	540.0	75900.0	6.0	-4800.0	-4800.0
prev-1.5	kospi	2026-03-03	010140	carried_past_day	543.5	28850.0	17.0	39746.0	13396.0
prev-1.5	kospi	2026-03-03	029780	carried_past_day	543.5	62800.0	8.0	1320.0	6120.0
prev-1.5	kospi	2026-03-03	030200	carried_past_day	543.5	63200.0	7.0	13049.0	449.0
prev-1.5	kospi	2026-03-03	032640	carried_past_day	543.5	16540.0	29.0	9989.0	11439.0
prev-1.5	kospi	2026-03-03	064400	carried_past_day	543.5	72000.0	6.0	41071.0	25471.0
prev-1.5	kospi	2026-03-04	003550	buy_blocked				40020.15	
prev-1.5	kospi	2026-03-04	010140	sold_same_day_anyway	540.0	26450.0	17.0	5950.0	5950.0
prev-1.5	kospi	2026-03-04	029780	sold_same_day_anyway	540.0	62500.0	8.0	20800.0	20800.0
prev-1.5	kospi	2026-03-04	030200	sold_same_day_anyway	540.0	61200.0	7.0	11900.0	11900.0
prev-1.5	kospi	2026-03-04	032640	sold_same_day_anyway	540.0	16160.0	29.0	5220.0	5220.0
prev-1.5	kospi	2026-03-04	064400	sold_same_day_anyway	540.0	65000.0	6.0	11400.0	11400.0
prev-1.5	kospi	2026-03-06	003550	carried_past_day	540.0	93600.0	5.0	24994.0	-3006.0
prev-1.5	kospi	2026-03-09	003550	sold_same_day_anyway	540.0	88400.0	5.0	1000.0	1000.0
prev-1.5	kospi	2026-03-31	017670	buy_blocked				-22284.33	
prev-1.5	kospi	2026-03-31	030200	buy_blocked				-1298.2	
prev-1.5	kospi	2026-03-31	323410	buy_blocked				-10872.5	
prev-1.5	kospi	2026-04-02	017670	carried_past_day	631.2	77700.0	6.0	-7602.0	-1602.0
prev-1.5	kospi	2026-04-02	030200	carried_past_day	631.2	61200.0	8.0	11747.0	13347.0
prev-1.5	kospi	2026-04-02	323410	carried_past_day	631.2	24250.0	20.0	4957.0	15957.0
prev-1.5	kospi	2026-04-13	030200	buy_blocked				4337.6	
prev-1.5	kospi	2026-04-23	005940	carried_past_day	757.6	34300.0	14.0	-19932.0	-10132.0
prev-1.5	kospi	2026-04-23	030200	carried_past_day	757.6	61700.0	8.0	-3461.0	-3461.0
prev-1.5	kospi	2026-04-23	032640	carried_past_day	757.6	16610.0	29.0	-4226.0	-4806.0
prev-1.5	kospi	2026-04-23	055550	carried_past_day	757.6	97800.0	5.0	-12051.0	-11551.0
prev-1.5	kospi	2026-05-07	005940	sold_same_day_anyway	578.8	36700.0	12.0	-52300.0	-52300.0
prev-1.5	kospi	2026-05-07	047050	carried_past_day	578.8	81500.0	6.0	-2851.0	3749.0
prev-1.5	kospi	2026-05-07	078930	carried_past_day	578.8	77000.0	6.0	-12393.0	-10593.0
prev-1.5	kospi	2026-05-08	005940	buy_blocked				33539.415	
prev-1.5	kospi	2026-05-08	047050	sold_same_day_anyway	540.0	81800.0	6.0	30000.0	30000.0
prev-1.5	kospi	2026-05-08	078930	carried_past_day	540.0	78900.0	6.0	782.0	-4018.0
prev-1.5	kospi	2026-05-12	003490	carried_past_day	628.7	25050.0	19.0	4677.0	2777.0
prev-1.5	kospi	2026-05-13	003490	carried_past_day	540.0	24750.0	19.0	-29511.0	-20011.0
prev-1.5	kospi	2026-05-15	003490	carried_past_day	630.0	26350.0	18.0	9780.0	4380.0
prev-1.5	kospi	2026-05-18	003490	carried_past_day	564.2	25150.0	18.0	-10873.0	-8173.0
prev-1.5	kospi	2026-05-18	017670	carried_past_day	564.2	99500.0	5.0	1430.0	-6070.0
prev-1.5	kospi	2026-05-19	003490	carried_past_day	566.3	26200.0	18.0	8886.0	6186.0
prev-1.5	kospi	2026-05-19	017670	carried_past_day	566.3	97100.0	5.0	-13544.0	-4044.0
prev-1.5	kospi	2026-05-20	003490	carried_past_day	572.0	25050.0	18.0	-17169.0	3531.0
prev-1.5	kospi	2026-05-20	017670	carried_past_day	572.0	99900.0	5.0	-14074.0	7926.0
prev-1.5	kospi	2026-08-19	011200	buy_blocked				-24102.965	
prev-1.5	kospi	2026-08-21	011200	carried_past_day	551.6	21000.0	23.0	-12538.0	-14838.0
prev-1.5	kospi	2026-08-28	000100	carried_past_day	558.2	81800.0	5.0	-9379.0	-16379.0
prev-1.5	kospi	2026-08-28	011200	carried_past_day	558.2	21350.0	23.0	-5656.0	-9106.0
prev-1.5	kospi	2026-08-31	000100	carried_past_day	540.0	83500.0	5.0	1602.0	-1898.0
prev-1.5	kospi	2026-08-31	011200	carried_past_day	540.0	21550.0	23.0	-3366.0	1234.0
prev-1.5	kospi	2026-09-02	000100	carried_past_day	540.0	82700.0	5.0	3111.0	6111.0
prev-1.5	kospi	2026-09-02	021240	carried_past_day	540.0	97700.0	5.0	-6050.0	-6050.0
prev-1.5	kospi	2026-09-02	326030	buy_blocked				11482.525	
prev-1.5	kospi	2026-09-03	021240	carried_past_day	877.6	97100.0	5.0	-10044.0	-6544.0
prev-1.5	kospi	2026-09-03	326030	carried_past_day	877.6	85500.0	5.0	-8419.0	-5419.0
prev-1.5	kospi	2026-09-10	003490	carried_past_day	579.9	29250.0	17.0	9131.0	-6169.0
prev-1.5	kospi	2026-09-10	021240	carried_past_day	579.9	96100.0	5.0	7967.0	-1533.0
prev-1.5	kospi	2026-09-10	030200	carried_past_day	579.9	53200.0	9.0	9771.0	1671.0
prev-1.5	kospi	2026-09-11	003490	carried_past_day	540.0	28650.0	17.0	2353.0	-6147.0
prev-1.5	kospi	2026-09-11	021240	sold_same_day_anyway	540.0	94300.0	5.0	-4000.0	-4000.0
prev-1.5	kospi	2026-09-11	030200	sold_same_day_anyway	540.0	52000.0	9.0	900.0	900.0
prev-1.5	kospi	2026-09-14	003490	carried_past_day	540.0	28450.0	17.0	-20590.0	-24840.0
prev-1.5	kospi	2026-09-14	316140	buy_blocked				-9307.22	
prev-1.5	kospi	2026-09-15	003490	carried_past_day	858.9	29300.0	17.0	3179.0	-1921.0
prev-2.0	kospi	2025-09-26	066570	carried_past_day	579.7	76600.0	6.0	-3388.0	812.0
prev-2.0	kospi	2025-09-26	251270	carried_past_day	579.7	62900.0	7.0	-3747.0	3953.0
prev-2.0	kospi	2025-09-26	316140	carried_past_day	579.7	26300.0	18.0	-6418.0	782.0
prev-2.0	kospi	2025-10-13	010140	carried_past_day	548.5	22350.0	22.0	4443.0	1143.0
prev-2.0	kospi	2025-10-13	032640	carried_past_day	548.5	15200.0	32.0	11754.0	7594.0
prev-2.0	kospi	2025-10-13	055550	carried_past_day	548.5	71400.0	7.0	11525.0	5925.0
prev-2.0	kospi	2025-11-04	016360	carried_past_day	695.9	75600.0	6.0	5625.0	4425.0
prev-2.0	kospi	2025-11-04	241560	carried_past_day	695.9	61000.0	8.0	-5049.0	-2649.0
prev-2.0	kospi	2025-11-05	003550	carried_past_day	562.4	79800.0	6.0	-10629.0	-429.0
prev-2.0	kospi	2025-11-05	005930	carried_past_day	562.4	100100.0	5.0	-19076.0	-3576.0
prev-2.0	kospi	2025-11-05	047810	carried_past_day	562.4	101900.0	5.0	1405.0	8405.0
prev-2.0	kospi	2025-11-05	055550	carried_past_day	562.4	76000.0	6.0	-2180.0	3220.0
prev-2.0	kospi	2025-11-05	161390	carried_past_day	562.4	44950.0	11.0	-13163.0	-8213.0
prev-2.0	kospi	2025-11-05	241560	carried_past_day	562.4	58900.0	8.0	-19413.0	-9013.0
prev-2.0	kospi	2025-11-07	005930	carried_past_day	691.1	97500.0	5.0	-6548.0	-3048.0
prev-2.0	kospi	2025-11-07	005940	carried_past_day	691.1	19950.0	24.0	-13029.0	-549.0
prev-2.0	kospi	2025-11-07	010950	carried_past_day	691.1	74300.0	6.0	-9358.0	-1558.0
prev-2.0	kospi	2025-11-07	047810	carried_past_day	691.1	96900.0	5.0	-8042.0	-1542.0
prev-2.0	kospi	2025-11-07	055550	carried_past_day	691.1	77400.0	6.0	-16598.0	-998.0
prev-2.0	kospi	2025-11-07	066570	carried_past_day	691.1	88100.0	5.0	-5447.0	-1947.0
prev-2.0	kospi	2025-11-07	086790	carried_past_day	691.1	91900.0	5.0	-18988.0	-1488.0
prev-2.0	kospi	2025-11-07	161390	sold_same_day_anyway	691.1	45050.0	10.0	-26000.0	-26000.0
prev-2.0	kospi	2025-11-07	316140	carried_past_day	691.1	25650.0	18.0	-11793.0	-1893.0
prev-2.0	kospi	2025-11-14	003550	carried_past_day	540.0	83900.0	5.0	-3402.0	4098.0
prev-2.0	kospi	2025-11-14	016360	buy_blocked				21478.08	
prev-2.0	kospi	2025-11-14	024110	carried_past_day	540.0	20750.0	24.0	1329.0	1329.0
prev-2.0	kospi	2025-11-14	032640	carried_past_day	540.0	15570.0	31.0	1752.0	-728.0
prev-2.0	kospi	2025-11-14	055550	buy_blocked				14866.05	
prev-2.0	kospi	2025-11-14	066570	carried_past_day	540.0	90600.0	5.0	-7974.0	1026.0
prev-2.0	kospi	2025-11-14	316140	carried_past_day	540.0	26850.0	18.0	3461.0	-139.0
prev-2.0	kospi	2025-11-18	003550	carried_past_day	618.8	82300.0	5.0	115.0	7115.0
prev-2.0	kospi	2025-11-18	016360	carried_past_day	618.8	79300.0	6.0	1377.0	7977.0
prev-2.0	kospi	2025-11-18	024110	carried_past_day	618.8	20225.0	24.0	-1644.0	3156.0
prev-2.0	kospi	2025-11-18	032640	carried_past_day	618.8	15390.0	31.0	2694.0	7344.0
prev-2.0	kospi	2025-11-18	055550	carried_past_day	618.8	77800.0	6.0	2596.0	7396.0
prev-2.0	kospi	2025-11-18	066570	carried_past_day	618.8	90200.0	5.0	7530.0	12030.0
prev-2.0	kospi	2025-11-18	086790	carried_past_day	618.8	92400.0	5.0	507.0	6007.0
prev-2.0	kospi	2025-11-18	316140	carried_past_day	618.8	26100.0	18.0	790.0	6190.0
prev-2.0	kospi	2025-11-19	016360	carried_past_day	576.5	76800.0	6.0	-17191.0	-6991.0
prev-2.0	kospi	2025-11-19	024110	carried_past_day	576.5	20150.0	24.0	-7040.0	-4640.0
prev-2.0	kospi	2025-11-19	055550	carried_past_day	576.5	76350.0	6.0	-5485.0	-3085.0
prev-2.0	kospi	2025-11-19	086790	carried_past_day	576.5	91200.0	5.0	-11980.0	-7980.0
prev-2.0	kospi	2025-11-19	316140	carried_past_day	576.5	25950.0	18.0	-10904.0	-3704.0
prev-2.0	kospi	2025-11-21	016360	carried_past_day	540.0	78500.0	6.0	-1613.0	7387.0
prev-2.0	kospi	2025-11-21	024110	carried_past_day	540.0	20100.0	24.0	-8237.0	-4637.0
prev-2.0	kospi	2025-11-21	029780	carried_past_day	540.0	53100.0	9.0	-10027.0	-5527.0
prev-2.0	kospi	2025-11-21	316140	sold_same_day_anyway	540.0	26100.0	18.0	6300.0	6300.0
prev-2.0	kospi	2025-12-15	003550	carried_past_day	540.0	82600.0	6.0	-9466.0	-6466.0
prev-2.0	kospi	2025-12-15	010140	buy_blocked				39047.945	
prev-2.0	kospi	2025-12-15	028300	sold_same_day_anyway	540.0	47500.0	10.0	3000.0	3000.0
prev-2.0	kospi	2025-12-15	029780	buy_blocked				-4245.75	
prev-2.0	kospi	2025-12-15	030200	sold_same_day_anyway	540.0	52500.0	9.0	2700.0	2700.0
prev-2.0	kospi	2025-12-15	034020	sold_same_day_anyway	540.0	76800.0	6.0	0.0	0.0
prev-2.0	kospi	2025-12-15	047050	sold_same_day_anyway	540.0	53400.0	9.0	6300.0	6300.0
prev-2.0	kospi	2025-12-15	066570	carried_past_day	540.0	94700.0	5.0	-8018.0	-6018.0
prev-2.0	kospi	2025-12-16	001440	carried_past_day	875.9	23900.0	20.0	-3028.0	2972.0
prev-2.0	kospi	2025-12-16	003550	carried_past_day	875.9	85800.0	6.0	1293.0	6093.0
prev-2.0	kospi	2025-12-16	010140	carried_past_day	875.9	24900.0	19.0	-4817.0	-1017.0
prev-2.0	kospi	2025-12-16	029780	carried_past_day	875.9	55800.0	9.0	-7380.0	-2880.0
prev-2.0	kospi	2025-12-16	066570	carried_past_day	875.9	93200.0	5.0	-5002.0	-502.0
prev-2.0	kospi	2025-12-16	138930	sold_same_day_anyway	875.9	15280.0	32.0	-1280.0	-1280.0
prev-2.0	kospi	2026-02-05	003550	sold_same_day_anyway	540.0	93500.0	5.0	-6000.0	-6000.0
prev-2.0	kospi	2026-02-05	030200	carried_past_day	540.0	56300.0	9.0	8811.0	711.0
prev-2.0	kospi	2026-02-05	032640	sold_same_day_anyway	540.0	16180.0	31.0	-20460.0	-20460.0
prev-2.0	kospi	2026-02-05	241560	buy_blocked				11494.945	
prev-2.0	kospi	2026-02-06	024110	buy_blocked				-23006.94	
prev-2.0	kospi	2026-02-06	029780	buy_blocked				-14101.96	
prev-2.0	kospi	2026-02-06	030200	carried_past_day	540.0	55200.0	9.0	-19968.0	-10968.0
prev-2.0	kospi	2026-02-06	032640	buy_blocked				-5239.552	
prev-2.0	kospi	2026-02-06	078930	buy_blocked				-18475.94	
prev-2.0	kospi	2026-02-27	011200	carried_past_day	630.7	21600.0	23.0	-71218.0	4682.0
prev-2.0	kospi	2026-02-27	029780	carried_past_day	630.7	62300.0	8.0	-11472.0	-6672.0
prev-2.0	kospi	2026-02-27	030200	carried_past_day	630.7	63800.0	7.0	4640.0	-960.0
prev-2.0	kospi	2026-02-27	032640	carried_past_day	630.7	17130.0	29.0	16042.0	16042.0
prev-2.0	kospi	2026-03-03	010140	carried_past_day	551.0	29500.0	17.0	50772.0	24422.0
prev-2.0	kospi	2026-03-03	029780	carried_past_day	551.0	62200.0	8.0	-3470.0	1330.0
prev-2.0	kospi	2026-03-03	030200	carried_past_day	551.0	63600.0	7.0	15843.0	3243.0
prev-2.0	kospi	2026-03-03	032640	carried_past_day	551.0	16510.0	29.0	9121.0	10571.0
prev-2.0	kospi	2026-03-03	064400	carried_past_day	551.0	71900.0	6.0	40472.0	24872.0
prev-2.0	kospi	2026-03-04	003550	buy_blocked				40020.15	
prev-2.0	kospi	2026-03-04	010140	sold_same_day_anyway	540.0	26450.0	17.0	5950.0	5950.0
prev-2.0	kospi	2026-03-04	029780	sold_same_day_anyway	540.0	62500.0	8.0	20800.0	20800.0
prev-2.0	kospi	2026-03-04	030200	sold_same_day_anyway	540.0	61200.0	7.0	11900.0	11900.0
prev-2.0	kospi	2026-03-04	032640	sold_same_day_anyway	540.0	16160.0	29.0	5220.0	5220.0
prev-2.0	kospi	2026-03-04	064400	sold_same_day_anyway	540.0	65000.0	6.0	11400.0	11400.0
prev-2.0	kospi	2026-03-06	003550	carried_past_day	554.1	94800.0	5.0	30981.0	2981.0
prev-2.0	kospi	2026-03-09	003550	sold_same_day_anyway	540.0	88400.0	5.0	1000.0	1000.0
prev-2.0	kospi	2026-03-31	017670	buy_blocked				-22284.33	
prev-2.0	kospi	2026-03-31	030200	buy_blocked				-1298.2	
prev-2.0	kospi	2026-03-31	323410	buy_blocked				-10872.5	
prev-2.0	kospi	2026-04-02	017670	carried_past_day	633.0	77500.0	6.0	-8800.0	-2800.0
prev-2.0	kospi	2026-04-02	030200	carried_past_day	633.0	61000.0	8.0	10151.0	11751.0
prev-2.0	kospi	2026-04-02	323410	carried_past_day	633.0	24150.0	20.0	2962.0	13962.0
prev-2.0	kospi	2026-04-13	030200	buy_blocked				4337.6	
prev-2.0	kospi	2026-05-08	005940	carried_past_day	547.8	37050.0	13.0	-6236.0	4814.0
prev-2.0	kospi	2026-05-08	047050	sold_same_day_anyway	547.8	80900.0	6.0	24600.0	24600.0
prev-2.0	kospi	2026-05-08	078930	carried_past_day	547.8	77900.0	6.0	-5205.0	-10005.0
prev-2.0	kospi	2026-05-12	003490	carried_past_day	630.3	25100.0	19.0	5625.0	3725.0
prev-2.0	kospi	2026-05-13	003490	carried_past_day	544.2	25250.0	19.0	-20031.0	-10531.0
prev-2.0	kospi	2026-05-15	003490	carried_past_day	633.4	26250.0	18.0	7984.0	2584.0
prev-2.0	kospi	2026-05-18	003490	carried_past_day	566.7	25050.0	18.0	-12669.0	-9969.0
prev-2.0	kospi	2026-05-18	017670	carried_past_day	566.7	99900.0	5.0	3426.0	-4074.0
prev-2.0	kospi	2026-05-19	003490	carried_past_day	571.8	26300.0	18.0	10682.0	7982.0
prev-2.0	kospi	2026-05-19	017670	carried_past_day	571.8	97700.0	5.0	-10550.0	-1050.0
prev-2.0	kospi	2026-05-20	003490	carried_past_day	574.7	25000.0	18.0	-18068.0	2632.0
prev-2.0	kospi	2026-05-20	017670	carried_past_day	574.7	99400.0	5.0	-16569.0	5431.0
prev-2.0	kospi	2026-08-19	011200	buy_blocked				-24102.965	
prev-2.0	kospi	2026-08-31	000100	carried_past_day	540.0	83500.0	5.0	1602.0	-1898.0
prev-2.0	kospi	2026-08-31	011200	carried_past_day	540.0	21550.0	23.0	-3366.0	1234.0
prev-2.0	kospi	2026-09-02	000100	carried_past_day	540.0	82700.0	5.0	3111.0	6111.0
prev-2.0	kospi	2026-09-02	021240	carried_past_day	540.0	97700.0	5.0	-6050.0	-6050.0
prev-2.0	kospi	2026-09-02	326030	buy_blocked				11482.525	
prev-2.0	kospi	2026-09-10	003490	carried_past_day	614.5	29150.0	17.0	7435.0	-7865.0
prev-2.0	kospi	2026-09-10	021240	carried_past_day	614.5	94700.0	5.0	982.0	-8518.0
prev-2.0	kospi	2026-09-10	030200	carried_past_day	614.5	52750.0	9.0	5729.0	-2371.0
prev-2.0	kospi	2026-09-11	003490	carried_past_day	540.0	28650.0	17.0	2353.0	-6147.0
prev-2.0	kospi	2026-09-11	021240	sold_same_day_anyway	540.0	94300.0	5.0	-4000.0	-4000.0
prev-2.0	kospi	2026-09-11	030200	sold_same_day_anyway	540.0	52000.0	9.0	900.0	900.0
prev-2.0	kospi	2026-09-14	003490	carried_past_day	540.0	28450.0	17.0	-20590.0	-24840.0
prev-2.0	kospi	2026-09-14	316140	buy_blocked				-9307.22	
prev-2.5	kospi	2025-09-26	066570	carried_past_day	750.1	76550.0	6.0	-3687.0	513.0
prev-2.5	kospi	2025-09-26	251270	carried_past_day	750.1	62700.0	7.0	-5144.0	2556.0
prev-2.5	kospi	2025-09-26	316140	carried_past_day	750.1	26100.0	18.0	-10010.0	-2810.0
prev-2.5	kospi	2025-11-05	003550	carried_past_day	565.6	79300.0	6.0	-13623.0	-3423.0
prev-2.5	kospi	2025-11-05	005930	carried_past_day	565.6	99650.0	5.0	-21321.0	-5821.0
prev-2.5	kospi	2025-11-05	047810	carried_past_day	565.6	101200.0	5.0	-2088.0	4912.0
prev-2.5	kospi	2025-11-05	055550	carried_past_day	565.6	75800.0	6.0	-3378.0	2022.0
prev-2.5	kospi	2025-11-05	161390	carried_past_day	565.6	44900.0	11.0	-13712.0	-8762.0
prev-2.5	kospi	2025-11-05	241560	carried_past_day	565.6	58500.0	8.0	-22606.0	-12206.0
prev-2.5	kospi	2025-11-07	005930	carried_past_day	749.5	97300.0	5.0	-7546.0	-4046.0
prev-2.5	kospi	2025-11-07	005940	carried_past_day	749.5	19930.0	24.0	-13508.0	-1028.0
prev-2.5	kospi	2025-11-07	010950	carried_past_day	749.5	74100.0	6.0	-10556.0	-2756.0
prev-2.5	kospi	2025-11-07	047810	carried_past_day	749.5	96500.0	5.0	-10037.0	-3537.0
prev-2.5	kospi	2025-11-07	055550	carried_past_day	749.5	77200.0	6.0	-17796.0	-2196.0
prev-2.5	kospi	2025-11-07	066570	carried_past_day	749.5	87900.0	5.0	-6445.0	-2945.0
prev-2.5	kospi	2025-11-07	086790	carried_past_day	749.5	91900.0	5.0	-18988.0	-1488.0
prev-2.5	kospi	2025-11-07	161390	sold_same_day_anyway	749.5	44800.0	10.0	-28500.0	-28500.0
prev-2.5	kospi	2025-11-07	316140	carried_past_day	749.5	25575.0	18.0	-13140.0	-3240.0
prev-2.5	kospi	2025-11-14	003550	carried_past_day	540.0	83900.0	5.0	-3402.0	4098.0
prev-2.5	kospi	2025-11-14	016360	buy_blocked				21478.08	
prev-2.5	kospi	2025-11-14	024110	carried_past_day	540.0	20750.0	24.0	1329.0	1329.0
prev-2.5	kospi	2025-11-14	032640	carried_past_day	540.0	15570.0	31.0	1752.0	-728.0
prev-2.5	kospi	2025-11-14	055550	buy_blocked				14866.05	
prev-2.5	kospi	2025-11-14	066570	carried_past_day	540.0	90600.0	5.0	-7974.0	1026.0
prev-2.5	kospi	2025-11-14	316140	carried_past_day	540.0	26850.0	18.0	3461.0	-139.0
prev-2.5	kospi	2025-11-18	003550	carried_past_day	754.4	81900.0	5.0	-1880.0	5120.0
prev-2.5	kospi	2025-11-18	016360	carried_past_day	754.4	78300.0	6.0	-4610.0	1990.0
prev-2.5	kospi	2025-11-18	024110	carried_past_day	754.4	20150.0	24.0	-3440.0	1360.0
prev-2.5	kospi	2025-11-18	032640	carried_past_day	754.4	15145.0	31.0	-4884.0	-234.0
prev-2.5	kospi	2025-11-18	055550	carried_past_day	754.4	77000.0	6.0	-2193.0	2607.0
prev-2.5	kospi	2025-11-18	066570	carried_past_day	754.4	88400.0	5.0	-1450.0	3050.0
prev-2.5	kospi	2025-11-18	086790	carried_past_day	754.4	91600.0	5.0	-3485.0	2015.0
prev-2.5	kospi	2025-11-18	316140	carried_past_day	754.4	25950.0	18.0	-1904.0	3496.0
prev-2.5	kospi	2025-11-21	016360	carried_past_day	561.9	77500.0	6.0	-7600.0	1400.0
prev-2.5	kospi	2025-11-21	024110	carried_past_day	561.9	20150.0	24.0	-7040.0	-3440.0
prev-2.5	kospi	2025-11-21	029780	carried_past_day	561.9	53400.0	9.0	-7333.0	-2833.0
prev-2.5	kospi	2025-12-15	003550	carried_past_day	540.0	82600.0	6.0	-9466.0	-6466.0
prev-2.5	kospi	2025-12-15	010140	buy_blocked				39047.945	
prev-2.5	kospi	2025-12-15	028300	sold_same_day_anyway	540.0	47500.0	10.0	3000.0	3000.0
prev-2.5	kospi	2025-12-15	029780	buy_blocked				-4245.75	
prev-2.5	kospi	2025-12-15	030200	sold_same_day_anyway	540.0	52500.0	9.0	2700.0	2700.0
prev-2.5	kospi	2025-12-15	034020	sold_same_day_anyway	540.0	76800.0	6.0	0.0	0.0
prev-2.5	kospi	2025-12-15	047050	sold_same_day_anyway	540.0	53400.0	9.0	6300.0	6300.0
prev-2.5	kospi	2025-12-15	066570	carried_past_day	540.0	94700.0	5.0	-8018.0	-6018.0
prev-2.5	kospi	2026-02-05	030200	carried_past_day	681.5	56200.0	9.0	7913.0	-187.0
prev-2.5	kospi	2026-02-05	241560	carried_past_day	681.5	62500.0	7.0	-13541.0	4659.0
prev-2.5	kospi	2026-02-06	024110	buy_blocked				-23006.94	
prev-2.5	kospi	2026-02-06	029780	buy_blocked				-14101.96	
prev-2.5	kospi	2026-02-06	030200	carried_past_day	540.0	55200.0	9.0	-19968.0	-10968.0
prev-2.5	kospi	2026-02-06	032640	buy_blocked				-5239.552	
prev-2.5	kospi	2026-02-06	078930	buy_blocked				-18475.94	
prev-2.5	kospi	2026-03-03	010140	carried_past_day	558.5	29150.0	17.0	44835.0	18485.0
prev-2.5	kospi	2026-03-03	029780	carried_past_day	558.5	62100.0	8.0	-4268.0	532.0
prev-2.5	kospi	2026-03-03	030200	carried_past_day	558.5	64000.0	7.0	18637.0	6037.0
prev-2.5	kospi	2026-03-03	032640	carried_past_day	558.5	16400.0	29.0	5937.0	7387.0
prev-2.5	kospi	2026-03-03	064400	carried_past_day	558.5	71100.0	6.0	35683.0	20083.0
prev-2.5	kospi	2026-03-04	003550	buy_blocked				40020.15	
prev-2.5	kospi	2026-03-04	010140	sold_same_day_anyway	540.0	26450.0	17.0	5950.0	5950.0
prev-2.5	kospi	2026-03-04	029780	sold_same_day_anyway	540.0	62500.0	8.0	20800.0	20800.0
prev-2.5	kospi	2026-03-04	030200	sold_same_day_anyway	540.0	61200.0	7.0	11900.0	11900.0
prev-2.5	kospi	2026-03-04	032640	sold_same_day_anyway	540.0	16160.0	29.0	5220.0	5220.0
prev-2.5	kospi	2026-03-04	064400	sold_same_day_anyway	540.0	65000.0	6.0	11400.0	11400.0
prev-2.5	kospi	2026-03-06	003550	carried_past_day	631.4	92800.0	5.0	21002.0	-6998.0
prev-2.5	kospi	2026-03-09	003550	sold_same_day_anyway	540.0	88400.0	5.0	1000.0	1000.0
prev-2.5	kospi	2026-03-31	017670	buy_blocked				-22284.33	
prev-2.5	kospi	2026-03-31	030200	buy_blocked				-1298.2	
prev-2.5	kospi	2026-03-31	323410	buy_blocked				-10872.5	
prev-2.5	kospi	2026-04-02	017670	carried_past_day	634.8	77500.0	6.0	-8800.0	-2800.0
prev-2.5	kospi	2026-04-02	030200	carried_past_day	634.8	61000.0	8.0	10151.0	11751.0
prev-2.5	kospi	2026-04-02	323410	carried_past_day	634.8	24150.0	20.0	2962.0	13962.0
prev-2.5	kospi	2026-05-12	003490	carried_past_day	631.8	25000.0	19.0	3729.0	1829.0
prev-2.5	kospi	2026-05-13	003490	carried_past_day	551.1	25100.0	19.0	-22875.0	-13375.0
prev-2.5	kospi	2026-05-15	003490	carried_past_day	636.9	26350.0	18.0	9780.0	4380.0
prev-2.5	kospi	2026-05-18	003490	carried_past_day	569.1	25000.0	18.0	-13568.0	-10868.0
prev-2.5	kospi	2026-05-18	017670	carried_past_day	569.1	99700.0	5.0	2428.0	-5072.0
prev-2.5	kospi	2026-05-19	003490	carried_past_day	577.3	26250.0	18.0	9784.0	7084.0
prev-2.5	kospi	2026-05-19	017670	carried_past_day	577.3	98100.0	5.0	-8555.0	945.0
prev-2.5	kospi	2026-05-20	003490	carried_past_day	577.3	24950.0	18.0	-18966.0	1734.0
prev-2.5	kospi	2026-05-20	017670	carried_past_day	577.3	99400.0	5.0	-16569.0	5431.0
prev-2.5	kospi	2026-08-19	011200	buy_blocked				-24102.965	
prev-2.5	kospi	2026-08-31	000100	carried_past_day	540.0	83500.0	5.0	1602.0	-1898.0
prev-2.5	kospi	2026-08-31	011200	carried_past_day	540.0	21550.0	23.0	-3366.0	1234.0
prev-2.5	kospi	2026-09-02	000100	carried_past_day	540.0	82700.0	5.0	3111.0	6111.0
prev-2.5	kospi	2026-09-02	021240	carried_past_day	540.0	97700.0	5.0	-6050.0	-6050.0
prev-2.5	kospi	2026-09-02	326030	buy_blocked				11482.525	
prev-2.5	kospi	2026-09-11	003490	carried_past_day	540.0	28650.0	17.0	2353.0	-6147.0
prev-2.5	kospi	2026-09-11	021240	sold_same_day_anyway	540.0	94300.0	5.0	-4000.0	-4000.0
prev-2.5	kospi	2026-09-11	030200	sold_same_day_anyway	540.0	52000.0	9.0	900.0	900.0
prev-2.5	kospi	2026-09-14	003490	carried_past_day	540.0	28450.0	17.0	-20590.0	-24840.0
prev-2.5	kospi	2026-09-14	316140	buy_blocked				-9307.22	
prev-3.0	kospi	2025-09-26	066570	carried_past_day	855.4	76250.0	6.0	-5484.0	-1284.0
prev-3.0	kospi	2025-09-26	251270	carried_past_day	855.4	62400.0	7.0	-7239.0	461.0
prev-3.0	kospi	2025-09-26	316140	carried_past_day	855.4	26100.0	18.0	-10010.0	-2810.0
prev-3.0	kospi	2025-11-05	003550	carried_past_day	568.7	79000.0	6.0	-15419.0	-5219.0
prev-3.0	kospi	2025-11-05	005930	carried_past_day	568.7	99200.0	5.0	-23566.0	-8066.0
prev-3.0	kospi	2025-11-05	047810	carried_past_day	568.7	101000.0	5.0	-3086.0	3914.0
prev-3.0	kospi	2025-11-05	055550	carried_past_day	568.7	75500.0	6.0	-5174.0	226.0
prev-3.0	kospi	2025-11-05	161390	carried_past_day	568.7	44800.0	11.0	-14810.0	-9860.0
prev-3.0	kospi	2025-11-05	241560	carried_past_day	568.7	58700.0	8.0	-21010.0	-10610.0
prev-3.0	kospi	2025-11-07	005930	carried_past_day	809.7	96900.0	5.0	-9542.0	-6042.0
prev-3.0	kospi	2025-11-07	005940	carried_past_day	809.7	19880.0	24.0	-14706.0	-2226.0
prev-3.0	kospi	2025-11-07	010950	carried_past_day	809.7	74000.0	6.0	-11155.0	-3355.0
prev-3.0	kospi	2025-11-07	047810	carried_past_day	809.7	95400.0	5.0	-15526.0	-9026.0
prev-3.0	kospi	2025-11-07	055550	carried_past_day	809.7	77200.0	6.0	-17796.0	-2196.0
prev-3.0	kospi	2025-11-07	066570	carried_past_day	809.7	88100.0	5.0	-5447.0	-1947.0
prev-3.0	kospi	2025-11-07	086790	carried_past_day	809.7	91100.0	5.0	-22979.0	-5479.0
prev-3.0	kospi	2025-11-07	161390	sold_same_day_anyway	809.7	44900.0	10.0	-27500.0	-27500.0
prev-3.0	kospi	2025-11-07	316140	carried_past_day	809.7	25450.0	18.0	-15385.0	-5485.0
prev-3.0	kospi	2025-11-14	003550	carried_past_day	814.6	83000.0	5.0	-7892.0	-392.0
prev-3.0	kospi	2025-11-14	016360	carried_past_day	814.6	81300.0	6.0	-1649.0	4351.0
prev-3.0	kospi	2025-11-14	024110	carried_past_day	814.6	20675.0	24.0	-467.0	-467.0
prev-3.0	kospi	2025-11-14	032640	carried_past_day	814.6	15420.0	31.0	-2888.0	-5368.0
prev-3.0	kospi	2025-11-14	055550	carried_past_day	814.6	80000.0	6.0	4968.0	1368.0
prev-3.0	kospi	2025-11-14	066570	carried_past_day	814.6	90600.0	5.0	-7974.0	1026.0
prev-3.0	kospi	2025-11-14	316140	carried_past_day	814.6	26850.0	18.0	3461.0	-139.0
prev-3.0	kospi	2025-11-18	003550	carried_past_day	811.2	80900.0	5.0	-6870.0	130.0
prev-3.0	kospi	2025-11-18	016360	carried_past_day	811.2	78000.0	6.0	-6406.0	194.0
prev-3.0	kospi	2025-11-18	024110	carried_past_day	811.2	20100.0	24.0	-4637.0	163.0
prev-3.0	kospi	2025-11-18	032640	carried_past_day	811.2	15140.0	31.0	-5039.0	-389.0
prev-3.0	kospi	2025-11-18	055550	carried_past_day	811.2	76800.0	6.0	-3391.0	1409.0
prev-3.0	kospi	2025-11-18	066570	carried_past_day	811.2	87600.0	5.0	-5442.0	-942.0
prev-3.0	kospi	2025-11-18	086790	carried_past_day	811.2	91100.0	5.0	-5979.0	-479.0
prev-3.0	kospi	2025-11-18	316140	carried_past_day	811.2	25750.0	18.0	-5497.0	-97.0
prev-3.0	kospi	2025-11-21	016360	carried_past_day	567.4	77500.0	6.0	-7600.0	1400.0
prev-3.0	kospi	2025-11-21	024110	carried_past_day	567.4	20050.0	24.0	-9435.0	-5835.0
prev-3.0	kospi	2025-11-21	029780	carried_past_day	567.4	53400.0	9.0	-7333.0	-2833.0
prev-3.0	kospi	2026-02-05	030200	carried_past_day	689.0	56200.0	9.0	7913.0	-187.0
prev-3.0	kospi	2026-02-05	241560	carried_past_day	689.0	62800.0	7.0	-11445.0	6755.0
prev-3.0	kospi	2026-02-06	024110	buy_blocked				-23006.94	
prev-3.0	kospi	2026-02-06	029780	buy_blocked				-14101.96	
prev-3.0	kospi	2026-02-06	030200	carried_past_day	540.8	55200.0	9.0	-19968.0	-10968.0
prev-3.0	kospi	2026-02-06	032640	buy_blocked				-5239.552	
prev-3.0	kospi	2026-02-06	078930	buy_blocked				-18475.94	
prev-3.0	kospi	2026-03-03	010140	carried_past_day	684.4	28750.0	17.0	38049.0	11699.0
prev-3.0	kospi	2026-03-03	029780	carried_past_day	684.4	62200.0	8.0	-3470.0	1330.0
prev-3.0	kospi	2026-03-03	030200	carried_past_day	684.4	64000.0	7.0	18637.0	6037.0
prev-3.0	kospi	2026-03-03	032640	carried_past_day	684.4	16160.0	29.0	-1008.0	442.0
prev-3.0	kospi	2026-03-03	064400	carried_past_day	684.4	70200.0	6.0	30294.0	14694.0
prev-3.0	kospi	2026-03-04	003550	buy_blocked				40020.15	
prev-3.0	kospi	2026-03-04	010140	sold_same_day_anyway	540.0	26450.0	17.0	5950.0	5950.0
prev-3.0	kospi	2026-03-04	029780	sold_same_day_anyway	540.0	62500.0	8.0	20800.0	20800.0
prev-3.0	kospi	2026-03-04	030200	sold_same_day_anyway	540.0	61200.0	7.0	11900.0	11900.0
prev-3.0	kospi	2026-03-04	032640	sold_same_day_anyway	540.0	16160.0	29.0	5220.0	5220.0
prev-3.0	kospi	2026-03-04	064400	sold_same_day_anyway	540.0	65000.0	6.0	11400.0	11400.0
prev-3.0	kospi	2026-03-06	003550	carried_past_day	635.2	92900.0	5.0	21501.0	-6499.0
prev-3.0	kospi	2026-03-09	003550	sold_same_day_anyway	540.0	88400.0	5.0	1000.0	1000.0
prev-3.0	kospi	2026-03-31	017670	carried_past_day	545.8	77200.0	6.0	-8796.0	3804.0
prev-3.0	kospi	2026-03-31	030200	carried_past_day	545.8	60000.0	8.0	-15432.0	-4232.0
prev-3.0	kospi	2026-03-31	323410	carried_past_day	545.8	24150.0	20.0	-15038.0	2962.0
prev-3.0	kospi	2026-04-02	017670	carried_past_day	636.7	77900.0	6.0	-6405.0	-405.0
prev-3.0	kospi	2026-04-02	030200	carried_past_day	636.7	61000.0	8.0	10151.0	11751.0
prev-3.0	kospi	2026-04-02	323410	carried_past_day	636.7	24150.0	20.0	2962.0	13962.0
prev-3.0	kospi	2026-05-12	003490	carried_past_day	633.4	24900.0	19.0	1833.0	-67.0
prev-3.0	kospi	2026-05-13	003490	carried_past_day	557.9	25000.0	19.0	-24771.0	-15271.0
prev-3.0	kospi	2026-05-15	003490	carried_past_day	684.7	26050.0	18.0	4392.0	-1008.0
prev-3.0	kospi	2026-05-18	003490	carried_past_day	571.6	25050.0	18.0	-12669.0	-9969.0
prev-3.0	kospi	2026-05-18	017670	carried_past_day	571.6	100300.0	5.0	5422.0	-2078.0
prev-3.0	kospi	2026-05-19	003490	carried_past_day	626.0	25500.0	18.0	-3687.0	-6387.0
prev-3.0	kospi	2026-05-19	017670	carried_past_day	626.0	96000.0	5.0	-19032.0	-9532.0
prev-3.0	kospi	2026-08-19	011200	buy_blocked				-24102.965	
prev-3.0	kospi	2026-08-31	000100	carried_past_day	548.6	81900.0	5.0	-6380.0	-9880.0
prev-3.0	kospi	2026-08-31	011200	carried_past_day	548.6	21200.0	23.0	-11398.0	-6798.0
prev-3.0	kospi	2026-09-02	000100	carried_past_day	540.0	82700.0	5.0	3111.0	6111.0
prev-3.0	kospi	2026-09-02	021240	carried_past_day	540.0	97700.0	5.0	-6050.0	-6050.0
prev-3.0	kospi	2026-09-02	326030	buy_blocked				11482.525	
prev-3.0	kospi	2026-09-11	003490	carried_past_day	540.0	28650.0	17.0	2353.0	-6147.0
prev-3.0	kospi	2026-09-11	021240	sold_same_day_anyway	540.0	94300.0	5.0	-4000.0	-4000.0
prev-3.0	kospi	2026-09-11	030200	sold_same_day_anyway	540.0	52000.0	9.0	900.0	900.0
prev-3.0	kospi	2026-09-14	003490	carried_past_day	540.0	28450.0	17.0	-20590.0	-24840.0
prev-3.0	kospi	2026-09-14	316140	buy_blocked				-9307.22	
prev-4.0	kospi	2025-11-05	003550	carried_past_day	574.9	79400.0	6.0	-13024.0	-2824.0
prev-4.0	kospi	2025-11-05	005930	carried_past_day	574.9	100100.0	5.0	-19076.0	-3576.0
prev-4.0	kospi	2025-11-05	047810	carried_past_day	574.9	102300.0	5.0	3400.0	10400.0
prev-4.0	kospi	2025-11-05	055550	carried_past_day	574.9	75700.0	6.0	-3977.0	1423.0
prev-4.0	kospi	2025-11-05	161390	carried_past_day	574.9	44900.0	11.0	-13712.0	-8762.0
prev-4.0	kospi	2025-11-05	241560	carried_past_day	574.9	59100.0	8.0	-17817.0	-7417.0
prev-4.0	kospi	2025-11-21	016360	carried_past_day	578.4	77300.0	6.0	-8797.0	203.0
prev-4.0	kospi	2025-11-21	024110	carried_past_day	578.4	20050.0	24.0	-9435.0	-5835.0
prev-4.0	kospi	2025-11-21	029780	carried_past_day	578.4	53200.0	9.0	-9129.0	-4629.0
prev-4.0	kospi	2026-02-05	030200	carried_past_day	756.2	55800.0	9.0	4320.0	-3780.0
prev-4.0	kospi	2026-02-05	241560	carried_past_day	756.2	61800.0	7.0	-18430.0	-230.0
prev-4.0	kospi	2026-02-06	024110	carried_past_day	549.9	22300.0	22.0	-21955.0	-16455.0
prev-4.0	kospi	2026-02-06	029780	carried_past_day	549.9	57400.0	8.0	-17787.0	-12987.0
prev-4.0	kospi	2026-02-06	030200	carried_past_day	549.9	54600.0	9.0	-25357.0	-16357.0
prev-4.0	kospi	2026-02-06	032640	carried_past_day	549.9	15550.0	32.0	-7150.0	210.0
prev-4.0	kospi	2026-02-06	078930	carried_past_day	549.9	66100.0	7.0	-27595.0	-12195.0
prev-4.0	kospi	2026-03-03	010140	carried_past_day	697.5	28800.0	17.0	38897.0	12547.0
prev-4.0	kospi	2026-03-03	029780	carried_past_day	697.5	62500.0	8.0	-1075.0	3725.0
prev-4.0	kospi	2026-03-03	030200	carried_past_day	697.5	64200.0	7.0	20034.0	7434.0
prev-4.0	kospi	2026-03-03	032640	carried_past_day	697.5	16220.0	29.0	729.0	2179.0
prev-4.0	kospi	2026-03-03	064400	carried_past_day	697.5	70400.0	6.0	31492.0	15892.0
prev-4.0	kospi	2026-03-04	003550	carried_past_day	569.6	96800.0	5.0	-1041.0	26459.0
prev-4.0	kospi	2026-03-09	003550	sold_same_day_anyway	540.0	88400.0	5.0	1000.0	1000.0
prev-4.0	kospi	2026-03-31	017670	carried_past_day	558.3	76200.0	6.0	-14783.0	-2183.0
prev-4.0	kospi	2026-03-31	030200	carried_past_day	558.3	59500.0	8.0	-19423.0	-8223.0
prev-4.0	kospi	2026-03-31	323410	carried_past_day	558.3	23750.0	20.0	-23021.0	-5021.0
prev-4.0	kospi	2026-04-02	017670	carried_past_day	695.5	76900.0	6.0	-12392.0	-6392.0
prev-4.0	kospi	2026-04-02	030200	carried_past_day	695.5	60000.0	8.0	2168.0	3768.0
prev-4.0	kospi	2026-04-02	323410	carried_past_day	695.5	23650.0	20.0	-7017.0	3983.0
prev-4.0	kospi	2026-05-12	003490	carried_past_day	636.5	24650.0	19.0	-2907.0	-4807.0
prev-4.0	kospi	2026-05-15	003490	carried_past_day	696.6	26100.0	18.0	5290.0	-110.0
prev-4.0	kospi	2026-05-18	003490	carried_past_day	576.6	24950.0	18.0	-14466.0	-11766.0
prev-4.0	kospi	2026-05-18	017670	carried_past_day	576.6	99600.0	5.0	1929.0	-5571.0
prev-4.0	kospi	2026-05-19	003490	carried_past_day	636.1	25500.0	18.0	-3687.0	-6387.0
prev-4.0	kospi	2026-05-19	017670	carried_past_day	636.1	96800.0	5.0	-15041.0	-5541.0
prev-4.0	kospi	2026-08-19	011200	buy_blocked				-24102.965	
prev-4.0	kospi	2026-09-02	000100	carried_past_day	879.3	82000.0	5.0	-382.0	2618.0
prev-4.0	kospi	2026-09-02	021240	carried_past_day	879.3	99400.0	5.0	2431.0	2431.0
prev-4.0	kospi	2026-09-02	326030	carried_past_day	879.3	86700.0	5.0	-432.0	1068.0
prev-5.0	kospi	2025-11-05	003550	carried_past_day	627.7	78400.0	6.0	-19011.0	-8811.0
prev-5.0	kospi	2025-11-05	005930	carried_past_day	627.7	97500.0	5.0	-32048.0	-16548.0
prev-5.0	kospi	2025-11-05	047810	carried_past_day	627.7	99300.0	5.0	-11567.0	-4567.0
prev-5.0	kospi	2025-11-05	055550	carried_past_day	627.7	75100.0	6.0	-7569.0	-2169.0
prev-5.0	kospi	2025-11-05	161390	carried_past_day	627.7	44750.0	11.0	-15358.0	-10408.0
prev-5.0	kospi	2025-11-05	241560	carried_past_day	627.7	58800.0	8.0	-20211.0	-9811.0
prev-5.0	kospi	2026-02-06	024110	carried_past_day	558.9	22100.0	22.0	-26345.0	-20845.0
prev-5.0	kospi	2026-02-06	029780	carried_past_day	558.9	56500.0	8.0	-24972.0	-20172.0
prev-5.0	kospi	2026-02-06	030200	carried_past_day	558.9	54500.0	9.0	-26255.0	-17255.0
prev-5.0	kospi	2026-02-06	032640	carried_past_day	558.9	15550.0	32.0	-7150.0	210.0
prev-5.0	kospi	2026-02-06	078930	carried_past_day	558.9	66100.0	7.0	-27595.0	-12195.0
prev-5.0	kospi	2026-03-03	010140	carried_past_day	752.7	28100.0	17.0	27023.0	673.0
prev-5.0	kospi	2026-03-03	029780	carried_past_day	752.7	61900.0	8.0	-5865.0	-1065.0
prev-5.0	kospi	2026-03-03	030200	carried_past_day	752.7	63700.0	7.0	16541.0	3941.0
prev-5.0	kospi	2026-03-03	032640	carried_past_day	752.7	16120.0	29.0	-2165.0	-715.0
prev-5.0	kospi	2026-03-03	064400	carried_past_day	752.7	68900.0	6.0	22511.0	6911.0
prev-5.0	kospi	2026-03-04	003550	carried_past_day	574.6	96200.0	5.0	-4034.0	23466.0
prev-5.0	kospi	2026-03-09	003550	sold_same_day_anyway	540.0	88400.0	5.0	1000.0	1000.0
prev-5.0	kospi	2026-04-02	017670	carried_past_day	872.9	77600.0	6.0	-8201.0	-2201.0
prev-5.0	kospi	2026-04-02	030200	carried_past_day	872.9	59800.0	8.0	571.0	2171.0
prev-5.0	kospi	2026-04-02	323410	carried_past_day	872.9	23600.0	20.0	-8015.0	2985.0
prev-5.0	kospi	2026-05-12	003490	carried_past_day	639.6	24550.0	19.0	-4803.0	-6703.0
prev-5.0	kospi	2026-05-15	003490	carried_past_day	815.0	26200.0	18.0	7086.0	1686.0
prev-5.0	kospi	2026-08-19	011200	carried_past_day	560.4	21450.0	23.0	-5661.0	-6811.0
high-1.5	kospi	2025-09-24	004020	carried_past_day	696.4	36050.0	13.0	-2308.0	-4258.0
high-1.5	kospi	2025-09-24	016360	carried_past_day	696.4	72700.0	6.0	-2138.0	-2138.0
high-1.5	kospi	2025-09-24	035720	carried_past_day	696.4	62800.0	7.0	2555.0	-945.0
high-1.5	kospi	2025-09-24	251270	carried_past_day	696.4	65300.0	7.0	2517.0	-283.0
high-1.5	kospi	2025-09-24	316140	carried_past_day	696.4	26550.0	18.0	773.0	-2827.0
high-1.5	kospi	2025-09-26	066570	carried_past_day	697.1	76600.0	6.0	-3388.0	812.0
high-1.5	kospi	2025-09-26	251270	carried_past_day	697.1	62800.0	7.0	-4445.0	3255.0
high-1.5	kospi	2025-09-26	316140	carried_past_day	697.1	26300.0	18.0	-6418.0	782.0
high-1.5	kospi	2025-10-14	010140	carried_past_day	802.0	21450.0	22.0	2285.0	4485.0
high-1.5	kospi	2025-10-14	032640	carried_past_day	802.0	14740.0	32.0	-3254.0	-1334.0
high-1.5	kospi	2025-10-14	034220	carried_past_day	802.0	14010.0	35.0	-9104.0	-1754.0
high-1.5	kospi	2025-10-14	055550	carried_past_day	802.0	68900.0	7.0	-3837.0	2463.0
high-1.5	kospi	2025-10-21	055550	carried_past_day	806.0	74400.0	6.0	3840.0	2040.0
high-1.5	kospi	2025-10-23	005940	carried_past_day	812.5	20300.0	24.0	-10647.0	-2247.0
high-1.5	kospi	2025-10-23	016360	carried_past_day	812.5	75500.0	6.0	-8774.0	-2174.0
high-1.5	kospi	2025-10-23	055550	carried_past_day	812.5	73400.0	6.0	-2147.0	-347.0
high-1.5	kospi	2025-10-30	009830	carried_past_day	634.9	28486.0	17.0	-1041.0	-1041.0
high-1.5	kospi	2025-10-30	016360	carried_past_day	634.9	78200.0	6.0	1991.0	2591.0
high-1.5	kospi	2025-10-30	032640	carried_past_day	634.9	14910.0	32.0	-2626.0	1534.0
high-1.5	kospi	2025-10-30	055550	carried_past_day	634.9	73700.0	6.0	849.0	1449.0
high-1.5	kospi	2025-10-30	066570	carried_past_day	634.9	87800.0	5.0	4056.0	56.0
high-1.5	kospi	2025-11-04	016360	carried_past_day	579.9	76600.0	6.0	11612.0	10412.0
high-1.5	kospi	2025-11-04	241560	carried_past_day	579.9	61100.0	8.0	-4251.0	-1851.0
high-1.5	kospi	2025-11-05	003550	carried_past_day	569.2	79100.0	6.0	-14820.0	-4620.0
high-1.5	kospi	2025-11-05	005930	carried_past_day	569.2	99100.0	5.0	-24065.0	-8565.0
high-1.5	kospi	2025-11-05	047810	carried_past_day	569.2	101100.0	5.0	-2587.0	4413.0
high-1.5	kospi	2025-11-05	055550	carried_past_day	569.2	75500.0	6.0	-5174.0	226.0
high-1.5	kospi	2025-11-05	161390	carried_past_day	569.2	44750.0	11.0	-15358.0	-10408.0
high-1.5	kospi	2025-11-05	241560	carried_past_day	569.2	58600.0	8.0	-21808.0	-11408.0
high-1.5	kospi	2025-11-06	005930	carried_past_day	572.7	100350.0	5.0	18671.0	4671.0
high-1.5	kospi	2025-11-06	005940	carried_past_day	572.7	20350.0	24.0	-10650.0	-7050.0
high-1.5	kospi	2025-11-06	047810	carried_past_day	572.7	98600.0	5.0	6940.0	-1560.0
high-1.5	kospi	2025-11-06	055550	sold_same_day_anyway	572.7	78600.0	6.0	-2400.0	-2400.0
high-1.5	kospi	2025-11-06	161390	sold_same_day_anyway	572.7	45650.0	11.0	-15950.0	-15950.0
high-1.5	kospi	2025-11-06	316140	carried_past_day	572.7	26350.0	18.0	-10920.0	-5520.0
high-1.5	kospi	2025-11-07	005930	carried_past_day	631.3	98700.0	5.0	-561.0	2939.0
high-1.5	kospi	2025-11-07	005940	carried_past_day	631.3	20300.0	24.0	-4647.0	7833.0
high-1.5	kospi	2025-11-07	010950	carried_past_day	631.3	74900.0	6.0	-5766.0	2034.0
high-1.5	kospi	2025-11-07	047810	carried_past_day	631.3	98900.0	5.0	1937.0	8437.0
high-1.5	kospi	2025-11-07	055550	carried_past_day	631.3	79000.0	6.0	-7019.0	8581.0
high-1.5	kospi	2025-11-07	066570	carried_past_day	631.3	88100.0	5.0	-5447.0	-1947.0
high-1.5	kospi	2025-11-07	086790	carried_past_day	631.3	93600.0	5.0	-10506.0	6994.0
high-1.5	kospi	2025-11-07	161390	sold_same_day_anyway	631.3	45850.0	10.0	-18000.0	-18000.0
high-1.5	kospi	2025-11-07	316140	carried_past_day	631.3	26000.0	18.0	-5506.0	4394.0
high-1.5	kospi	2025-11-11	005940	carried_past_day	698.5	21650.0	23.0	-4521.0	5829.0
high-1.5	kospi	2025-11-11	024110	carried_past_day	698.5	20050.0	24.0	-4635.0	-2235.0
high-1.5	kospi	2025-11-11	032640	carried_past_day	698.5	15850.0	31.0	3904.0	4214.0
high-1.5	kospi	2025-11-11	055550	carried_past_day	698.5	78200.0	6.0	791.0	191.0
high-1.5	kospi	2025-11-11	066570	carried_past_day	698.5	90900.0	5.0	-18977.0	523.0
high-1.5	kospi	2025-11-11	316140	carried_past_day	698.5	26000.0	18.0	-2806.0	-1906.0
high-1.5	kospi	2025-11-14	003550	carried_past_day	867.6	83100.0	5.0	-7393.0	107.0
high-1.5	kospi	2025-11-14	016360	carried_past_day	867.6	80700.0	6.0	-5241.0	759.0
high-1.5	kospi	2025-11-14	024110	carried_past_day	867.6	20650.0	24.0	-1066.0	-1066.0
high-1.5	kospi	2025-11-14	032640	carried_past_day	867.6	15530.0	31.0	515.0	-1965.0
high-1.5	kospi	2025-11-14	055550	carried_past_day	867.6	79600.0	6.0	2573.0	-1027.0
high-1.5	kospi	2025-11-14	066570	carried_past_day	867.6	90600.0	5.0	-7974.0	1026.0
high-1.5	kospi	2025-11-14	316140	carried_past_day	867.6	26775.0	18.0	2114.0	-1486.0
high-1.5	kospi	2025-11-18	003550	carried_past_day	579.1	82400.0	5.0	614.0	7614.0
high-1.5	kospi	2025-11-18	016360	carried_past_day	579.1	79400.0	6.0	1976.0	8576.0
high-1.5	kospi	2025-11-18	024110	carried_past_day	579.1	20150.0	24.0	-3440.0	1360.0
high-1.5	kospi	2025-11-18	032640	carried_past_day	579.1	15490.0	31.0	5788.0	10438.0
high-1.5	kospi	2025-11-18	055550	carried_past_day	579.1	77400.0	6.0	202.0	5002.0
high-1.5	kospi	2025-11-18	066570	carried_past_day	579.1	90200.0	5.0	7530.0	12030.0
high-1.5	kospi	2025-11-18	086790	carried_past_day	579.1	92100.0	5.0	-990.0	4510.0
high-1.5	kospi	2025-11-18	316140	carried_past_day	579.1	25950.0	18.0	-1904.0	3496.0
high-1.5	kospi	2025-11-19	016360	carried_past_day	570.7	77200.0	6.0	-14796.0	-4596.0
high-1.5	kospi	2025-11-19	024110	carried_past_day	570.7	20150.0	24.0	-7040.0	-4640.0
high-1.5	kospi	2025-11-19	055550	carried_past_day	570.7	76700.0	6.0	-3389.0	-989.0
high-1.5	kospi	2025-11-19	086790	carried_past_day	570.7	91600.0	5.0	-9985.0	-5985.0
high-1.5	kospi	2025-11-19	316140	carried_past_day	570.7	26000.0	18.0	-10006.0	-2806.0
high-1.5	kospi	2025-11-21	016360	carried_past_day	576.1	77300.0	6.0	-8797.0	203.0
high-1.5	kospi	2025-11-21	024110	carried_past_day	576.1	20050.0	24.0	-9435.0	-5835.0
high-1.5	kospi	2025-11-21	029780	carried_past_day	576.1	53400.0	9.0	-7333.0	-2833.0
high-1.5	kospi	2025-11-24	029780	carried_past_day	579.2	54000.0	9.0	5255.0	3455.0
high-1.5	kospi	2025-11-25	029780	carried_past_day	633.0	54100.0	9.0	-8247.0	-147.0
high-1.5	kospi	2025-11-25	032640	carried_past_day	633.0	15430.0	32.0	12698.0	6298.0
high-1.5	kospi	2025-11-28	029780	carried_past_day	750.5	54600.0	9.0	-8257.0	-3757.0
high-1.5	kospi	2025-11-28	055550	carried_past_day	750.5	77800.0	6.0	-7004.0	-2204.0
high-1.5	kospi	2025-12-01	016360	carried_past_day	574.0	80000.0	6.0	1368.0	3168.0
high-1.5	kospi	2025-12-01	024110	carried_past_day	574.0	20550.0	24.0	-5860.0	-4660.0
high-1.5	kospi	2025-12-01	029780	carried_past_day	574.0	54600.0	9.0	-5557.0	-1957.0
high-1.5	kospi	2025-12-11	003550	carried_past_day	732.7	81900.0	6.0	-4057.0	143.0
high-1.5	kospi	2025-12-11	016360	carried_past_day	732.7	78300.0	6.0	-5210.0	190.0
high-1.5	kospi	2025-12-11	024110	carried_past_day	732.7	20800.0	24.0	-3473.0	2527.0
high-1.5	kospi	2025-12-11	028300	carried_past_day	732.7	48200.0	10.0	-3536.0	-2036.0
high-1.5	kospi	2025-12-11	030200	carried_past_day	732.7	52400.0	9.0	6186.0	-6414.0
high-1.5	kospi	2025-12-11	034020	carried_past_day	732.7	77200.0	6.0	-9996.0	-1596.0
high-1.5	kospi	2025-12-11	047050	carried_past_day	732.7	53300.0	9.0	-4631.0	-8231.0
high-1.5	kospi	2025-12-11	066570	carried_past_day	732.7	95100.0	5.0	-4022.0	978.0
high-1.5	kospi	2025-12-11	088980	carried_past_day	732.7	11650.0	42.0	-212.0	-212.0
high-1.5	kospi	2025-12-11	161390	carried_past_day	732.7	58900.0	8.0	-8213.0	-4213.0
high-1.5	kospi	2025-12-11	316140	carried_past_day	732.7	27650.0	18.0	-7370.0	1630.0
high-1.5	kospi	2025-12-16	001440	carried_past_day	628.4	24300.0	20.0	4955.0	10955.0
high-1.5	kospi	2025-12-16	003550	carried_past_day	628.4	85800.0	6.0	1293.0	6093.0
high-1.5	kospi	2025-12-16	010140	carried_past_day	628.4	25200.0	19.0	871.0	4671.0
high-1.5	kospi	2025-12-16	029780	carried_past_day	628.4	55900.0	9.0	-6482.0	-1982.0
high-1.5	kospi	2025-12-16	066570	carried_past_day	628.4	94500.0	5.0	1484.0	5984.0
high-1.5	kospi	2025-12-16	138930	sold_same_day_anyway	628.4	15500.0	32.0	5760.0	5760.0
high-1.5	kospi	2026-01-07	005940	carried_past_day	577.9	21550.0	23.0	6984.0	6984.0
high-1.5	kospi	2026-01-07	055550	carried_past_day	577.9	79200.0	6.0	778.0	178.0
high-1.5	kospi	2026-01-07	086790	carried_past_day	577.9	93700.0	5.0	993.0	-7.0
high-1.5	kospi	2026-01-12	055550	carried_past_day	875.0	77900.0	6.0	-2205.0	-2805.0
high-1.5	kospi	2026-01-12	078930	carried_past_day	875.0	58000.0	8.0	-4998.0	-2598.0
high-1.5	kospi	2026-01-20	005940	carried_past_day	574.8	22600.0	22.0	3331.0	-7669.0
high-1.5	kospi	2026-01-20	016360	carried_past_day	574.8	82800.0	6.0	9732.0	-1068.0
high-1.5	kospi	2026-01-20	055550	carried_past_day	574.8	81400.0	6.0	-6450.0	-4050.0
high-1.5	kospi	2026-01-20	078930	carried_past_day	574.8	60100.0	8.0	-234.0	-6634.0
high-1.5	kospi	2026-01-20	086790	carried_past_day	574.8	98800.0	5.0	-7062.0	-8562.0
high-1.5	kospi	2026-01-20	241560	carried_past_day	574.8	60600.0	8.0	7758.0	-3442.0
high-1.5	kospi	2026-01-21	003490	carried_past_day	695.4	23750.0	20.0	-13021.0	-7021.0
high-1.5	kospi	2026-01-21	003550	carried_past_day	695.4	87100.0	5.0	-7936.0	-4936.0
high-1.5	kospi	2026-01-21	005940	carried_past_day	695.4	22300.0	22.0	-13155.0	-5455.0
high-1.5	kospi	2026-01-21	016360	carried_past_day	695.4	80600.0	6.0	-14840.0	-7040.0
high-1.5	kospi	2026-01-21	030200	carried_past_day	695.4	55600.0	9.0	5224.0	1624.0
high-1.5	kospi	2026-01-21	055550	carried_past_day	695.4	80500.0	6.0	-8238.0	-5238.0
high-1.5	kospi	2026-01-21	078930	carried_past_day	695.4	59700.0	8.0	-9827.0	-10627.0
high-1.5	kospi	2026-01-21	086790	carried_past_day	695.4	98600.0	5.0	-4060.0	-7060.0
high-1.5	kospi	2026-01-21	241560	carried_past_day	695.4	58900.0	8.0	-8213.0	-6613.0
high-1.5	kospi	2026-01-22	003490	carried_past_day	879.3	24050.0	20.0	-3034.0	-2034.0
high-1.5	kospi	2026-01-22	003550	carried_past_day	879.3	88700.0	5.0	-2454.0	-954.0
high-1.5	kospi	2026-01-22	016360	carried_past_day	879.3	83700.0	6.0	-8880.0	-1680.0
high-1.5	kospi	2026-01-22	030200	carried_past_day	879.3	55150.0	9.0	1183.0	1183.0
high-1.5	kospi	2026-01-22	078930	carried_past_day	879.3	61050.0	8.0	-4650.0	-4650.0
high-1.5	kospi	2026-01-22	241560	carried_past_day	879.3	59900.0	8.0	-7430.0	-1830.0
high-1.5	kospi	2026-01-23	003490	carried_past_day	816.3	24000.0	20.0	-9032.0	-3032.0
high-1.5	kospi	2026-01-23	030200	carried_past_day	816.3	54600.0	9.0	5243.0	2543.0
high-1.5	kospi	2026-01-23	055550	carried_past_day	816.3	83300.0	6.0	-4675.0	-4675.0
high-1.5	kospi	2026-01-23	078930	carried_past_day	816.3	62000.0	8.0	-4266.0	-2666.0
high-1.5	kospi	2026-01-23	241560	carried_past_day	816.3	60800.0	8.0	-246.0	-5046.0
high-1.5	kospi	2026-01-26	003490	carried_past_day	639.5	23850.0	20.0	-1026.0	1974.0
high-1.5	kospi	2026-01-26	016360	carried_past_day	639.5	83900.0	5.0	98.0	2598.0
high-1.5	kospi	2026-01-26	030200	carried_past_day	639.5	54400.0	9.0	-1953.0	-1053.0
high-1.5	kospi	2026-01-26	055550	carried_past_day	639.5	83800.0	6.0	5519.0	7319.0
high-1.5	kospi	2026-01-26	316140	carried_past_day	639.5	29750.0	16.0	1377.0	2177.0
high-1.5	kospi	2026-01-29	003550	sold_same_day_anyway	571.9	88600.0	5.0	-22000.0	-22000.0
high-1.5	kospi	2026-01-29	024110	carried_past_day	571.9	21400.0	22.0	-12012.0	-14212.0
high-1.5	kospi	2026-01-29	030200	carried_past_day	571.9	55500.0	9.0	-4674.0	-6474.0
high-1.5	kospi	2026-01-29	055550	carried_past_day	571.9	83900.0	5.0	-5402.0	-6902.0
high-1.5	kospi	2026-01-29	316140	carried_past_day	571.9	29700.0	16.0	-9822.0	-13822.0
high-1.5	kospi	2026-01-30	003550	carried_past_day	689.3	90600.0	5.0	-2974.0	-6474.0
high-1.5	kospi	2026-01-30	024110	carried_past_day	689.3	22050.0	22.0	-4343.0	-3243.0
high-1.5	kospi	2026-01-30	030200	carried_past_day	689.3	56400.0	9.0	-9191.0	-5591.0
high-1.5	kospi	2026-01-30	055550	carried_past_day	689.3	84700.0	5.0	-2411.0	1089.0
high-1.5	kospi	2026-01-30	316140	carried_past_day	689.3	30300.0	16.0	-1842.0	-242.0
high-1.5	kospi	2026-01-30	323410	carried_past_day	689.3	23000.0	21.0	12.0	1062.0
high-1.5	kospi	2026-02-05	030200	carried_past_day	684.8	56200.0	9.0	7913.0	-187.0
high-1.5	kospi	2026-02-05	241560	carried_past_day	684.8	62600.0	7.0	-12842.0	5358.0
high-1.5	kospi	2026-02-06	024110	carried_past_day	553.2	22300.0	22.0	-21955.0	-16455.0
high-1.5	kospi	2026-02-06	029780	carried_past_day	553.2	57000.0	8.0	-20980.0	-16180.0
high-1.5	kospi	2026-02-06	030200	carried_past_day	553.2	54700.0	9.0	-24458.0	-15458.0
high-1.5	kospi	2026-02-06	032640	carried_past_day	553.2	15680.0	32.0	-2999.0	4361.0
high-1.5	kospi	2026-02-06	078930	carried_past_day	553.2	66100.0	7.0	-27595.0	-12195.0
high-1.5	kospi	2026-02-23	064400	carried_past_day	674.8	71800.0	6.0	2674.0	874.0
high-1.5	kospi	2026-02-24	003550	carried_past_day	579.4	97900.0	5.0	-11052.0	-11552.0
high-1.5	kospi	2026-02-24	015760	carried_past_day	579.4	61400.0	8.0	-22656.0	-12256.0
high-1.5	kospi	2026-02-24	064400	carried_past_day	579.4	70200.0	6.0	-3306.0	-306.0
high-1.5	kospi	2026-02-27	011200	carried_past_day	623.5	21650.0	23.0	-70071.0	5829.0
high-1.5	kospi	2026-02-27	029780	carried_past_day	623.5	62600.0	8.0	-9077.0	-4277.0
high-1.5	kospi	2026-02-27	030200	carried_past_day	623.5	64200.0	7.0	7434.0	1834.0
high-1.5	kospi	2026-02-27	032640	carried_past_day	623.5	17190.0	29.0	17778.0	17778.0
high-1.5	kospi	2026-03-03	010140	carried_past_day	638.0	28900.0	17.0	40594.0	14244.0
high-1.5	kospi	2026-03-03	029780	carried_past_day	638.0	61900.0	8.0	-5865.0	-1065.0
high-1.5	kospi	2026-03-03	030200	carried_past_day	638.0	64400.0	7.0	21431.0	8831.0
high-1.5	kospi	2026-03-03	032640	carried_past_day	638.0	16270.0	29.0	2176.0	3626.0
high-1.5	kospi	2026-03-03	064400	carried_past_day	638.0	71300.0	6.0	36880.0	21280.0
high-1.5	kospi	2026-03-04	003550	carried_past_day	567.3	97600.0	5.0	2951.0	30451.0
high-1.5	kospi	2026-03-05	003550	carried_past_day	628.6	96500.0	5.0	13463.0	-2537.0
high-1.5	kospi	2026-03-06	003550	carried_past_day	598.9	93800.0	5.0	25992.0	-2008.0
high-1.5	kospi	2026-03-31	017670	carried_past_day	558.2	76200.0	6.0	-14783.0	-2183.0
high-1.5	kospi	2026-03-31	030200	carried_past_day	558.2	59500.0	8.0	-19423.0	-8223.0
high-1.5	kospi	2026-03-31	323410	carried_past_day	558.2	23750.0	20.0	-23021.0	-5021.0
high-1.5	kospi	2026-04-02	017670	carried_past_day	624.8	78000.0	6.0	-5806.0	194.0
high-1.5	kospi	2026-04-02	030200	carried_past_day	624.8	61300.0	8.0	12546.0	14146.0
high-1.5	kospi	2026-04-02	323410	carried_past_day	624.8	24300.0	20.0	5955.0	16955.0
high-1.5	kospi	2026-04-03	017670	carried_past_day	691.7	80050.0	6.0	-2533.0	-6133.0
high-1.5	kospi	2026-04-03	030200	carried_past_day	691.7	59700.0	8.0	-1027.0	573.0
high-1.5	kospi	2026-04-07	030200	carried_past_day	627.0	59600.0	8.0	-13025.0	2975.0
high-1.5	kospi	2026-04-15	030200	carried_past_day	874.1	64400.0	8.0	-1908.0	-1108.0
high-1.5	kospi	2026-04-23	005940	carried_past_day	689.5	35000.0	14.0	-10154.0	-354.0
high-1.5	kospi	2026-04-23	030200	carried_past_day	689.5	61800.0	8.0	-2663.0	-2663.0
high-1.5	kospi	2026-04-23	032640	carried_past_day	689.5	16720.0	29.0	-1042.0	-1622.0
high-1.5	kospi	2026-04-23	055550	carried_past_day	689.5	99100.0	5.0	-5565.0	-5065.0
high-1.5	kospi	2026-04-24	005940	carried_past_day	759.2	35100.0	14.0	-6657.0	-1057.0
high-1.5	kospi	2026-04-24	055550	carried_past_day	759.2	100000.0	5.0	-7575.0	-1075.0
high-1.5	kospi	2026-04-24	078930	sold_same_day_anyway	759.2	75500.0	7.0	32900.0	32900.0
high-1.5	kospi	2026-04-30	055550	carried_past_day	807.0	99800.0	5.0	-7573.0	-1573.0
high-1.5	kospi	2026-04-30	241560	carried_past_day	807.0	72000.0	6.0	-12929.0	-929.0
high-1.5	kospi	2026-05-07	005940	sold_same_day_anyway	568.2	36450.0	12.0	-55300.0	-55300.0
high-1.5	kospi	2026-05-07	047050	carried_past_day	568.2	81200.0	6.0	-4647.0	1953.0
high-1.5	kospi	2026-05-07	078930	carried_past_day	568.2	76600.0	6.0	-14788.0	-12988.0
high-1.5	kospi	2026-05-11	003490	carried_past_day	606.4	25950.0	19.0	4640.0	2740.0
high-1.5	kospi	2026-05-11	005940	carried_past_day	606.4	36500.0	13.0	-4920.0	4830.0
high-1.5	kospi	2026-05-11	064400	carried_past_day	606.4	68900.0	7.0	-22037.0	-12237.0
high-1.5	kospi	2026-05-12	003490	carried_past_day	578.0	25400.0	19.0	11312.0	9412.0
high-1.5	kospi	2026-05-12	005940	sold_same_day_anyway	578.0	35750.0	13.0	14950.0	14950.0
high-1.5	kospi	2026-05-14	003490	sold_same_day_anyway	693.1	26200.0	19.0	-19000.0	-19000.0
high-1.5	kospi	2026-05-15	003490	carried_past_day	624.4	26475.0	18.0	12025.0	6625.0
high-1.5	kospi	2026-05-18	003490	carried_past_day	567.4	25050.0	18.0	-12669.0	-9969.0
high-1.5	kospi	2026-05-18	017670	carried_past_day	567.4	99600.0	5.0	1929.0	-5571.0
high-1.5	kospi	2026-05-19	003490	carried_past_day	576.3	26250.0	18.0	9784.0	7084.0
high-1.5	kospi	2026-05-19	017670	carried_past_day	576.3	97900.0	5.0	-9552.0	-52.0
high-1.5	kospi	2026-05-20	003490	carried_past_day	568.1	24950.0	18.0	-18966.0	1734.0
high-1.5	kospi	2026-05-20	017670	carried_past_day	568.1	99200.0	5.0	-17566.0	4434.0
high-1.5	kospi	2026-08-12	011200	carried_past_day	871.8	21250.0	23.0	-1051.0	-3351.0
high-1.5	kospi	2026-08-13	011200	carried_past_day	873.0	20950.0	23.0	114.0	-3336.0
high-1.5	kospi	2026-08-14	011200	carried_past_day	578.3	21150.0	23.0	-4496.0	-3346.0
high-1.5	kospi	2026-08-19	011200	carried_past_day	575.3	21850.0	23.0	3520.0	2370.0
high-1.5	kospi	2026-08-20	011200	carried_past_day	876.8	21200.0	23.0	-1048.0	-1048.0
high-1.5	kospi	2026-08-21	011200	carried_past_day	614.1	21100.0	23.0	-10243.0	-12543.0
high-1.5	kospi	2026-08-26	011200	carried_past_day	576.3	21700.0	23.0	3527.0	6977.0
high-1.5	kospi	2026-08-27	000100	carried_past_day	573.8	85900.0	5.0	14577.0	15077.0
high-1.5	kospi	2026-08-27	011200	carried_past_day	573.8	21700.0	23.0	4677.0	4677.0
high-1.5	kospi	2026-08-28	000100	carried_past_day	872.2	84700.0	5.0	5089.0	-1911.0
high-1.5	kospi	2026-08-28	011200	carried_past_day	872.2	21650.0	23.0	1229.0	-2221.0
high-1.5	kospi	2026-08-31	000100	carried_past_day	614.1	82450.0	5.0	-3636.0	-7136.0
high-1.5	kospi	2026-08-31	011200	carried_past_day	614.1	21350.0	23.0	-7956.0	-3356.0
high-1.5	kospi	2026-09-02	000100	carried_past_day	756.6	81600.0	5.0	-2377.0	623.0
high-1.5	kospi	2026-09-02	021240	carried_past_day	756.6	98400.0	5.0	-2558.0	-2558.0
high-1.5	kospi	2026-09-02	326030	carried_past_day	756.6	87000.0	5.0	1065.0	2565.0
high-1.5	kospi	2026-09-03	021240	carried_past_day	866.1	97300.0	5.0	-9046.0	-5546.0
high-1.5	kospi	2026-09-03	326030	carried_past_day	866.1	85300.0	5.0	-9417.0	-6417.0
high-1.5	kospi	2026-09-08	032640	carried_past_day	868.5	14810.0	33.0	-2701.0	-3361.0
high-1.5	kospi	2026-09-08	316140	carried_past_day	868.5	34050.0	14.0	-5225.0	-1025.0
high-1.5	kospi	2026-09-10	003490	carried_past_day	576.7	29200.0	17.0	8283.0	-7017.0
high-1.5	kospi	2026-09-10	021240	carried_past_day	576.7	96300.0	5.0	8965.0	-535.0
high-1.5	kospi	2026-09-10	030200	carried_past_day	576.7	53200.0	9.0	9771.0	1671.0
high-1.5	kospi	2026-09-14	003490	carried_past_day	878.5	29750.0	17.0	1463.0	-2787.0
high-1.5	kospi	2026-09-14	316140	sold_same_day_anyway	878.5	36675.0	13.0	975.0	975.0
high-1.5	kospi	2026-09-15	003490	carried_past_day	841.4	29400.0	17.0	4875.0	-225.0
high-2.0	kospi	2025-09-26	066570	carried_past_day	811.5	76150.0	6.0	-6082.0	-1882.0
high-2.0	kospi	2025-09-26	251270	carried_past_day	811.5	62600.0	7.0	-5842.0	1858.0
high-2.0	kospi	2025-09-26	316140	carried_past_day	811.5	26100.0	18.0	-10010.0	-2810.0
high-2.0	kospi	2025-10-14	010140	carried_past_day	807.8	21400.0	22.0	1188.0	3388.0
high-2.0	kospi	2025-10-14	032640	carried_past_day	807.8	14740.0	32.0	-3254.0	-1334.0
high-2.0	kospi	2025-10-14	034220	carried_past_day	807.8	14030.0	35.0	-8406.0	-1056.0
high-2.0	kospi	2025-10-14	055550	carried_past_day	807.8	69150.0	7.0	-2091.0	4209.0
high-2.0	kospi	2025-11-04	016360	carried_past_day	693.3	75700.0	6.0	6223.0	5023.0
high-2.0	kospi	2025-11-04	241560	carried_past_day	693.3	60900.0	8.0	-5847.0	-3447.0
high-2.0	kospi	2025-11-05	003550	carried_past_day	572.3	79400.0	6.0	-13024.0	-2824.0
high-2.0	kospi	2025-11-05	005930	carried_past_day	572.3	99850.0	5.0	-20323.0	-4823.0
high-2.0	kospi	2025-11-05	047810	carried_past_day	572.3	101900.0	5.0	1405.0	8405.0
high-2.0	kospi	2025-11-05	055550	carried_past_day	572.3	75700.0	6.0	-3977.0	1423.0
high-2.0	kospi	2025-11-05	161390	carried_past_day	572.3	44850.0	11.0	-14261.0	-9311.0
high-2.0	kospi	2025-11-05	241560	carried_past_day	572.3	59000.0	8.0	-18615.0	-8215.0
high-2.0	kospi	2025-11-06	005930	carried_past_day	576.9	100500.0	5.0	19420.0	5420.0
high-2.0	kospi	2025-11-06	005940	carried_past_day	576.9	20200.0	24.0	-14242.0	-10642.0
high-2.0	kospi	2025-11-06	047810	carried_past_day	576.9	98800.0	5.0	7938.0	-562.0
high-2.0	kospi	2025-11-06	161390	sold_same_day_anyway	576.9	45750.0	11.0	-14850.0	-14850.0
high-2.0	kospi	2025-11-06	316140	carried_past_day	576.9	26400.0	18.0	-10022.0	-4622.0
high-2.0	kospi	2025-11-07	005930	carried_past_day	640.0	98200.0	5.0	-3056.0	444.0
high-2.0	kospi	2025-11-07	005940	carried_past_day	640.0	20200.0	24.0	-7042.0	5438.0
high-2.0	kospi	2025-11-07	010950	carried_past_day	640.0	74600.0	6.0	-7562.0	238.0
high-2.0	kospi	2025-11-07	047810	carried_past_day	640.0	98800.0	5.0	1438.0	7938.0
high-2.0	kospi	2025-11-07	055550	carried_past_day	640.0	78700.0	6.0	-8815.0	6785.0
high-2.0	kospi	2025-11-07	066570	carried_past_day	640.0	87900.0	5.0	-6445.0	-2945.0
high-2.0	kospi	2025-11-07	086790	carried_past_day	640.0	93200.0	5.0	-12502.0	4998.0
high-2.0	kospi	2025-11-07	161390	sold_same_day_anyway	640.0	45700.0	10.0	-19500.0	-19500.0
high-2.0	kospi	2025-11-07	316140	carried_past_day	640.0	25875.0	18.0	-7751.0	2149.0
high-2.0	kospi	2025-11-11	005940	carried_past_day	814.6	21500.0	23.0	-7963.0	2387.0
high-2.0	kospi	2025-11-11	024110	carried_past_day	814.6	20150.0	24.0	-2240.0	160.0
high-2.0	kospi	2025-11-11	032640	carried_past_day	814.6	15740.0	31.0	501.0	811.0
high-2.0	kospi	2025-11-11	055550	carried_past_day	814.6	78500.0	6.0	2587.0	1987.0
high-2.0	kospi	2025-11-11	066570	carried_past_day	814.6	91000.0	5.0	-18478.0	1022.0
high-2.0	kospi	2025-11-11	316140	carried_past_day	814.6	26000.0	18.0	-2806.0	-1906.0
high-2.0	kospi	2025-11-18	003550	carried_past_day	751.7	81800.0	5.0	-2379.0	4621.0
high-2.0	kospi	2025-11-18	016360	carried_past_day	751.7	78600.0	6.0	-2814.0	3786.0
high-2.0	kospi	2025-11-18	024110	carried_past_day	751.7	20100.0	24.0	-4637.0	163.0
high-2.0	kospi	2025-11-18	032640	carried_past_day	751.7	15160.0	31.0	-4420.0	230.0
high-2.0	kospi	2025-11-18	055550	carried_past_day	751.7	77100.0	6.0	-1595.0	3205.0
high-2.0	kospi	2025-11-18	066570	carried_past_day	751.7	88700.0	5.0	46.0	4546.0
high-2.0	kospi	2025-11-18	086790	carried_past_day	751.7	91700.0	5.0	-2986.0	2514.0
high-2.0	kospi	2025-11-18	316140	carried_past_day	751.7	25950.0	18.0	-1904.0	3496.0
high-2.0	kospi	2025-11-19	016360	carried_past_day	574.2	76900.0	6.0	-16592.0	-6392.0
high-2.0	kospi	2025-11-19	024110	carried_past_day	574.2	20100.0	24.0	-8237.0	-5837.0
high-2.0	kospi	2025-11-19	055550	carried_past_day	574.2	76500.0	6.0	-4587.0	-2187.0
high-2.0	kospi	2025-11-19	086790	carried_past_day	574.2	91400.0	5.0	-10983.0	-6983.0
high-2.0	kospi	2025-11-19	316140	carried_past_day	574.2	26000.0	18.0	-10006.0	-2806.0
high-2.0	kospi	2025-11-24	029780	carried_past_day	855.2	53700.0	9.0	2561.0	761.0
high-2.0	kospi	2025-11-25	029780	carried_past_day	749.2	54200.0	9.0	-7349.0	751.0
high-2.0	kospi	2025-11-25	032640	carried_past_day	749.2	15260.0	32.0	7270.0	870.0
high-2.0	kospi	2025-12-01	016360	carried_past_day	578.7	79900.0	6.0	769.0	2569.0
high-2.0	kospi	2025-12-01	024110	carried_past_day	578.7	20550.0	24.0	-5860.0	-4660.0
high-2.0	kospi	2025-12-01	029780	carried_past_day	578.7	54900.0	9.0	-2862.0	738.0
high-2.0	kospi	2025-12-16	001440	carried_past_day	694.6	24300.0	20.0	4955.0	10955.0
high-2.0	kospi	2025-12-16	003550	carried_past_day	694.6	85300.0	6.0	-1700.0	3100.0
high-2.0	kospi	2025-12-16	010140	carried_past_day	694.6	25000.0	19.0	-2921.0	879.0
high-2.0	kospi	2025-12-16	029780	carried_past_day	694.6	55800.0	9.0	-7380.0	-2880.0
high-2.0	kospi	2025-12-16	066570	carried_past_day	694.6	93100.0	5.0	-5501.0	-1001.0
high-2.0	kospi	2025-12-16	138930	sold_same_day_anyway	694.6	15360.0	32.0	1280.0	1280.0
high-2.0	kospi	2026-01-07	005940	carried_past_day	803.5	21100.0	23.0	-3343.0	-3343.0
high-2.0	kospi	2026-01-07	055550	carried_past_day	803.5	78200.0	6.0	-5209.0	-5809.0
high-2.0	kospi	2026-01-07	086790	carried_past_day	803.5	93300.0	5.0	-1003.0	-2003.0
high-2.0	kospi	2026-01-20	005940	carried_past_day	579.8	22650.0	22.0	4429.0	-6571.0
high-2.0	kospi	2026-01-20	016360	carried_past_day	579.8	82900.0	6.0	10331.0	-469.0
high-2.0	kospi	2026-01-20	055550	carried_past_day	579.8	81000.0	6.0	-8845.0	-6445.0
high-2.0	kospi	2026-01-20	078930	carried_past_day	579.8	60200.0	8.0	565.0	-5835.0
high-2.0	kospi	2026-01-20	086790	carried_past_day	579.8	98600.0	5.0	-8060.0	-9560.0
high-2.0	kospi	2026-01-20	241560	carried_past_day	579.8	60900.0	8.0	10153.0	-1047.0
high-2.0	kospi	2026-01-29	003550	sold_same_day_anyway	575.9	88100.0	5.0	-24500.0	-24500.0
high-2.0	kospi	2026-01-29	024110	carried_past_day	575.9	21400.0	22.0	-12012.0	-14212.0
high-2.0	kospi	2026-01-29	030200	carried_past_day	575.9	55300.0	9.0	-6470.0	-8270.0
high-2.0	kospi	2026-01-29	055550	carried_past_day	575.9	83800.0	5.0	-5901.0	-7401.0
high-2.0	kospi	2026-01-29	316140	carried_past_day	575.9	29750.0	16.0	-9023.0	-13023.0
high-2.0	kospi	2026-01-30	003550	carried_past_day	696.1	90600.0	5.0	-2974.0	-6474.0
high-2.0	kospi	2026-01-30	024110	carried_past_day	696.1	22000.0	22.0	-5441.0	-4341.0
high-2.0	kospi	2026-01-30	030200	carried_past_day	696.1	56400.0	9.0	-9191.0	-5591.0
high-2.0	kospi	2026-01-30	055550	carried_past_day	696.1	84700.0	5.0	-2411.0	1089.0
high-2.0	kospi	2026-01-30	316140	carried_past_day	696.1	30300.0	16.0	-1842.0	-242.0
high-2.0	kospi	2026-01-30	323410	carried_past_day	696.1	23050.0	21.0	1059.0	2109.0
high-2.0	kospi	2026-02-05	030200	carried_past_day	692.3	56300.0	9.0	8811.0	711.0
high-2.0	kospi	2026-02-05	241560	carried_past_day	692.3	63100.0	7.0	-9350.0	8850.0
high-2.0	kospi	2026-02-06	024110	carried_past_day	557.6	22150.0	22.0	-25248.0	-19748.0
high-2.0	kospi	2026-02-06	029780	carried_past_day	557.6	56600.0	8.0	-24174.0	-19374.0
high-2.0	kospi	2026-02-06	030200	carried_past_day	557.6	54600.0	9.0	-25357.0	-16357.0
high-2.0	kospi	2026-02-06	032640	carried_past_day	557.6	15550.0	32.0	-7150.0	210.0
high-2.0	kospi	2026-02-06	078930	carried_past_day	557.6	65900.0	7.0	-28992.0	-13592.0
high-2.0	kospi	2026-02-23	064400	carried_past_day	871.3	71300.0	6.0	-320.0	-2120.0
high-2.0	kospi	2026-02-27	011200	carried_past_day	634.3	21500.0	23.0	-73513.0	2387.0
high-2.0	kospi	2026-02-27	029780	carried_past_day	634.3	62100.0	8.0	-13068.0	-8268.0
high-2.0	kospi	2026-02-27	030200	carried_past_day	634.3	63700.0	7.0	3941.0	-1659.0
high-2.0	kospi	2026-02-27	032640	carried_past_day	634.3	17120.0	29.0	15753.0	15753.0
high-2.0	kospi	2026-03-03	010140	carried_past_day	684.4	28750.0	17.0	38049.0	11699.0
high-2.0	kospi	2026-03-03	029780	carried_past_day	684.4	62200.0	8.0	-3470.0	1330.0
high-2.0	kospi	2026-03-03	030200	carried_past_day	684.4	64000.0	7.0	18637.0	6037.0
high-2.0	kospi	2026-03-03	032640	carried_past_day	684.4	16160.0	29.0	-1008.0	442.0
high-2.0	kospi	2026-03-03	064400	carried_past_day	684.4	70200.0	6.0	30294.0	14694.0
high-2.0	kospi	2026-03-04	003550	carried_past_day	569.7	96800.0	5.0	-1041.0	26459.0
high-2.0	kospi	2026-03-05	003550	carried_past_day	631.7	96100.0	5.0	11467.0	-4533.0
high-2.0	kospi	2026-03-06	003550	carried_past_day	624.2	93500.0	5.0	24495.0	-3505.0
high-2.0	kospi	2026-03-31	017670	carried_past_day	755.1	76800.0	6.0	-11191.0	1409.0
high-2.0	kospi	2026-03-31	030200	carried_past_day	755.1	60200.0	8.0	-13835.0	-2635.0
high-2.0	kospi	2026-03-31	323410	carried_past_day	755.1	24150.0	20.0	-15038.0	2962.0
high-2.0	kospi	2026-04-02	017670	carried_past_day	626.7	77500.0	6.0	-8800.0	-2800.0
high-2.0	kospi	2026-04-02	030200	carried_past_day	626.7	61100.0	8.0	10949.0	12549.0
high-2.0	kospi	2026-04-02	323410	carried_past_day	626.7	24200.0	20.0	3959.0	14959.0
high-2.0	kospi	2026-04-07	030200	carried_past_day	632.7	59800.0	8.0	-11429.0	4571.0
high-2.0	kospi	2026-04-23	005940	carried_past_day	696.8	35000.0	14.0	-10154.0	-354.0
high-2.0	kospi	2026-04-23	030200	carried_past_day	696.8	62000.0	8.0	-1066.0	-1066.0
high-2.0	kospi	2026-04-23	032640	carried_past_day	696.8	16770.0	29.0	404.0	-176.0
high-2.0	kospi	2026-04-23	055550	carried_past_day	696.8	99350.0	5.0	-4318.0	-3818.0
high-2.0	kospi	2026-04-30	055550	carried_past_day	816.9	100000.0	5.0	-6575.0	-575.0
high-2.0	kospi	2026-04-30	241560	carried_past_day	816.9	72000.0	6.0	-12929.0	-929.0
high-2.0	kospi	2026-05-07	005940	sold_same_day_anyway	571.0	36450.0	12.0	-55300.0	-55300.0
high-2.0	kospi	2026-05-07	047050	carried_past_day	571.0	81300.0	6.0	-4049.0	2551.0
high-2.0	kospi	2026-05-07	078930	carried_past_day	571.0	76600.0	6.0	-14788.0	-12988.0
high-2.0	kospi	2026-05-11	003490	carried_past_day	618.3	26150.0	19.0	8432.0	6532.0
high-2.0	kospi	2026-05-11	005940	carried_past_day	618.3	36550.0	13.0	-4272.0	5478.0
high-2.0	kospi	2026-05-11	064400	carried_past_day	618.3	69700.0	7.0	-16449.0	-6649.0
high-2.0	kospi	2026-05-12	003490	carried_past_day	623.3	25050.0	19.0	4677.0	2777.0
high-2.0	kospi	2026-05-12	005940	sold_same_day_anyway	623.3	34650.0	13.0	650.0	650.0
high-2.0	kospi	2026-05-15	003490	carried_past_day	627.9	26450.0	18.0	11576.0	6176.0
high-2.0	kospi	2026-05-18	003490	carried_past_day	569.9	25000.0	18.0	-13568.0	-10868.0
high-2.0	kospi	2026-05-18	017670	carried_past_day	569.9	99700.0	5.0	2428.0	-5072.0
high-2.0	kospi	2026-05-19	003490	carried_past_day	625.1	25550.0	18.0	-2789.0	-5489.0
high-2.0	kospi	2026-05-19	017670	carried_past_day	625.1	96600.0	5.0	-16038.0	-6538.0
high-2.0	kospi	2026-05-20	003490	carried_past_day	570.8	25050.0	18.0	-17169.0	3531.0
high-2.0	kospi	2026-05-20	017670	carried_past_day	570.8	99800.0	5.0	-14573.0	7427.0
high-2.0	kospi	2026-08-14	011200	carried_past_day	632.3	21000.0	23.0	-7938.0	-6788.0
high-2.0	kospi	2026-08-19	011200	carried_past_day	756.6	21500.0	23.0	-4513.0	-5663.0
high-2.0	kospi	2026-08-27	000100	carried_past_day	578.4	85600.0	5.0	13080.0	13580.0
high-2.0	kospi	2026-08-27	011200	carried_past_day	578.4	21700.0	23.0	4677.0	4677.0
high-2.0	kospi	2026-09-02	000100	carried_past_day	879.9	82000.0	5.0	-382.0	2618.0
high-2.0	kospi	2026-09-02	021240	carried_past_day	879.9	99400.0	5.0	2431.0	2431.0
high-2.0	kospi	2026-09-02	326030	carried_past_day	879.9	86700.0	5.0	-432.0	1068.0
high-2.0	kospi	2026-09-03	021240	carried_past_day	869.4	97000.0	5.0	-10543.0	-7043.0
high-2.0	kospi	2026-09-03	326030	carried_past_day	869.4	85200.0	5.0	-9916.0	-6916.0
high-2.0	kospi	2026-09-08	032640	carried_past_day	875.5	14810.0	33.0	-2701.0	-3361.0
high-2.0	kospi	2026-09-08	316140	carried_past_day	875.5	34100.0	14.0	-4526.0	-326.0
high-2.0	kospi	2026-09-10	003490	carried_past_day	605.0	29350.0	17.0	10827.0	-4473.0
high-2.0	kospi	2026-09-10	021240	carried_past_day	605.0	95200.0	5.0	3477.0	-6023.0
high-2.0	kospi	2026-09-10	030200	carried_past_day	605.0	52900.0	9.0	7076.0	-1024.0
high-2.5	kospi	2025-10-14	010140	carried_past_day	813.6	21150.0	22.0	-4300.0	-2100.0
high-2.5	kospi	2025-10-14	032640	carried_past_day	813.6	14790.0	32.0	-1658.0	262.0
high-2.5	kospi	2025-10-14	034220	carried_past_day	813.6	13980.0	35.0	-10152.0	-2802.0
high-2.5	kospi	2025-10-14	055550	carried_past_day	813.6	69000.0	7.0	-3138.0	3162.0
high-2.5	kospi	2025-11-04	016360	carried_past_day	877.7	74900.0	6.0	1434.0	234.0
high-2.5	kospi	2025-11-04	241560	carried_past_day	877.7	60900.0	8.0	-5847.0	-3447.0
high-2.5	kospi	2025-11-05	003550	carried_past_day	575.3	79300.0	6.0	-13623.0	-3423.0
high-2.5	kospi	2025-11-05	005930	carried_past_day	575.3	99900.0	5.0	-20074.0	-4574.0
high-2.5	kospi	2025-11-05	047810	carried_past_day	575.3	101900.0	5.0	1405.0	8405.0
high-2.5	kospi	2025-11-05	055550	carried_past_day	575.3	75600.0	6.0	-4575.0	825.0
high-2.5	kospi	2025-11-05	161390	carried_past_day	575.3	44700.0	11.0	-15907.0	-10957.0
high-2.5	kospi	2025-11-05	241560	carried_past_day	575.3	59100.0	8.0	-17817.0	-7417.0
high-2.5	kospi	2025-11-06	005930	carried_past_day	632.6	99600.0	5.0	14929.0	929.0
high-2.5	kospi	2025-11-06	005940	carried_past_day	632.6	20050.0	24.0	-17835.0	-14235.0
high-2.5	kospi	2025-11-06	047810	carried_past_day	632.6	98800.0	5.0	7938.0	-562.0
high-2.5	kospi	2025-11-06	161390	sold_same_day_anyway	632.6	45750.0	11.0	-14850.0	-14850.0
high-2.5	kospi	2025-11-06	316140	carried_past_day	632.6	26275.0	18.0	-12267.0	-6867.0
high-2.5	kospi	2025-11-07	005930	carried_past_day	695.5	97600.0	5.0	-6049.0	-2549.0
high-2.5	kospi	2025-11-07	005940	carried_past_day	695.5	20000.0	24.0	-11832.0	648.0
high-2.5	kospi	2025-11-07	010950	carried_past_day	695.5	74600.0	6.0	-7562.0	238.0
high-2.5	kospi	2025-11-07	047810	carried_past_day	695.5	96800.0	5.0	-8541.0	-2041.0
high-2.5	kospi	2025-11-07	055550	carried_past_day	695.5	77500.0	6.0	-16000.0	-400.0
high-2.5	kospi	2025-11-07	066570	carried_past_day	695.5	88100.0	5.0	-5447.0	-1947.0
high-2.5	kospi	2025-11-07	086790	carried_past_day	695.5	92100.0	5.0	-17990.0	-490.0
high-2.5	kospi	2025-11-07	161390	sold_same_day_anyway	695.5	45200.0	10.0	-24500.0	-24500.0
high-2.5	kospi	2025-11-07	316140	carried_past_day	695.5	25750.0	18.0	-9997.0	-97.0
high-2.5	kospi	2025-11-11	005940	carried_past_day	870.7	21350.0	23.0	-11406.0	-1056.0
high-2.5	kospi	2025-11-11	024110	carried_past_day	870.7	20100.0	24.0	-3437.0	-1037.0
high-2.5	kospi	2025-11-11	032640	carried_past_day	870.7	15700.0	31.0	-736.0	-426.0
high-2.5	kospi	2025-11-11	055550	carried_past_day	870.7	78000.0	6.0	-406.0	-1006.0
high-2.5	kospi	2025-11-11	066570	carried_past_day	870.7	90100.0	5.0	-22969.0	-3469.0
high-2.5	kospi	2025-11-11	316140	carried_past_day	870.7	25975.0	18.0	-3255.0	-2355.0
high-2.5	kospi	2025-11-18	003550	carried_past_day	808.5	81000.0	5.0	-6371.0	629.0
high-2.5	kospi	2025-11-18	016360	carried_past_day	808.5	78000.0	6.0	-6406.0	194.0
high-2.5	kospi	2025-11-18	024110	carried_past_day	808.5	20100.0	24.0	-4637.0	163.0
high-2.5	kospi	2025-11-18	032640	carried_past_day	808.5	15095.0	31.0	-6431.0	-1781.0
high-2.5	kospi	2025-11-18	055550	carried_past_day	808.5	76900.0	6.0	-2792.0	2008.0
high-2.5	kospi	2025-11-18	066570	carried_past_day	808.5	87700.0	5.0	-4943.0	-443.0
high-2.5	kospi	2025-11-18	086790	carried_past_day	808.5	91100.0	5.0	-5979.0	-479.0
high-2.5	kospi	2025-11-18	316140	carried_past_day	808.5	25750.0	18.0	-5497.0	-97.0
high-2.5	kospi	2025-11-19	016360	carried_past_day	577.8	76700.0	6.0	-17789.0	-7589.0
high-2.5	kospi	2025-11-19	024110	carried_past_day	577.8	20100.0	24.0	-8237.0	-5837.0
high-2.5	kospi	2025-11-19	055550	carried_past_day	577.8	76200.0	6.0	-6383.0	-3983.0
high-2.5	kospi	2025-11-19	086790	carried_past_day	577.8	91000.0	5.0	-12978.0	-8978.0
high-2.5	kospi	2025-11-19	316140	carried_past_day	577.8	25900.0	18.0	-11802.0	-4602.0
high-2.5	kospi	2025-11-25	029780	carried_past_day	755.6	54100.0	9.0	-8247.0	-147.0
high-2.5	kospi	2025-11-25	032640	carried_past_day	755.6	15230.0	32.0	6312.0	-88.0
high-2.5	kospi	2026-01-07	005940	carried_past_day	815.7	21100.0	23.0	-3343.0	-3343.0
high-2.5	kospi	2026-01-07	055550	carried_past_day	815.7	78200.0	6.0	-5209.0	-5809.0
high-2.5	kospi	2026-01-07	086790	carried_past_day	815.7	93000.0	5.0	-2500.0	-3500.0
high-2.5	kospi	2026-01-29	003550	sold_same_day_anyway	579.8	88700.0	5.0	-21500.0	-21500.0
high-2.5	kospi	2026-01-29	024110	carried_past_day	579.8	21350.0	22.0	-13110.0	-15310.0
high-2.5	kospi	2026-01-29	030200	carried_past_day	579.8	55300.0	9.0	-6470.0	-8270.0
high-2.5	kospi	2026-01-29	055550	carried_past_day	579.8	83700.0	5.0	-6400.0	-7900.0
high-2.5	kospi	2026-01-29	316140	carried_past_day	579.8	29700.0	16.0	-9822.0	-13822.0
high-2.5	kospi	2026-02-05	030200	carried_past_day	699.7	56500.0	9.0	10607.0	2507.0
high-2.5	kospi	2026-02-05	241560	carried_past_day	699.7	62700.0	7.0	-12144.0	6056.0
high-2.5	kospi	2026-03-03	010140	carried_past_day	690.9	28800.0	17.0	38897.0	12547.0
high-2.5	kospi	2026-03-03	029780	carried_past_day	690.9	62500.0	8.0	-1075.0	3725.0
high-2.5	kospi	2026-03-03	030200	carried_past_day	690.9	64300.0	7.0	20732.0	8132.0
high-2.5	kospi	2026-03-03	032640	carried_past_day	690.9	16250.0	29.0	1597.0	3047.0
high-2.5	kospi	2026-03-03	064400	carried_past_day	690.9	70500.0	6.0	32091.0	16491.0
high-2.5	kospi	2026-03-04	003550	carried_past_day	572.2	96100.0	5.0	-4533.0	22967.0
high-2.5	kospi	2026-03-05	003550	carried_past_day	634.8	95800.0	5.0	9970.0	-6030.0
high-2.5	kospi	2026-03-06	003550	carried_past_day	628.0	92800.0	5.0	21002.0	-6998.0
high-2.5	kospi	2026-03-31	017670	carried_past_day	806.0	76700.0	6.0	-11789.0	811.0
high-2.5	kospi	2026-03-31	030200	carried_past_day	806.0	60100.0	8.0	-14634.0	-3434.0
high-2.5	kospi	2026-03-31	323410	carried_past_day	806.0	24000.0	20.0	-18032.0	-32.0
high-2.5	kospi	2026-04-02	017670	carried_past_day	628.6	77600.0	6.0	-8201.0	-2201.0
high-2.5	kospi	2026-04-02	030200	carried_past_day	628.6	61200.0	8.0	11747.0	13347.0
high-2.5	kospi	2026-04-02	323410	carried_past_day	628.6	24300.0	20.0	5955.0	16955.0
high-2.5	kospi	2026-04-07	030200	carried_past_day	638.4	59600.0	8.0	-13025.0	2975.0
high-2.5	kospi	2026-04-23	005940	carried_past_day	744.0	34500.0	14.0	-17138.0	-7338.0
high-2.5	kospi	2026-04-23	030200	carried_past_day	744.0	61750.0	8.0	-3062.0	-3062.0
high-2.5	kospi	2026-04-23	032640	carried_past_day	744.0	16690.0	29.0	-1911.0	-2491.0
high-2.5	kospi	2026-04-23	055550	carried_past_day	744.0	98300.0	5.0	-9557.0	-9057.0
high-2.5	kospi	2026-05-07	005940	sold_same_day_anyway	573.7	36550.0	12.0	-54100.0	-54100.0
high-2.5	kospi	2026-05-07	047050	carried_past_day	573.7	81900.0	6.0	-457.0	6143.0
high-2.5	kospi	2026-05-07	078930	carried_past_day	573.7	77000.0	6.0	-12393.0	-10593.0
high-2.5	kospi	2026-05-12	003490	carried_past_day	624.9	25050.0	19.0	4677.0	2777.0
high-2.5	kospi	2026-05-12	005940	sold_same_day_anyway	624.9	34650.0	13.0	650.0	650.0
high-2.5	kospi	2026-05-15	003490	carried_past_day	631.4	26250.0	18.0	7984.0	2584.0
high-2.5	kospi	2026-05-18	003490	carried_past_day	572.4	25050.0	18.0	-12669.0	-9969.0
high-2.5	kospi	2026-05-18	017670	carried_past_day	572.4	100100.0	5.0	4424.0	-3076.0
high-2.5	kospi	2026-05-19	003490	carried_past_day	630.1	25500.0	18.0	-3687.0	-6387.0
high-2.5	kospi	2026-05-19	017670	carried_past_day	630.1	96300.0	5.0	-17535.0	-8035.0
high-2.5	kospi	2026-05-20	003490	carried_past_day	573.5	25000.0	18.0	-18068.0	2632.0
high-2.5	kospi	2026-05-20	017670	carried_past_day	573.5	99800.0	5.0	-14573.0	7427.0
high-2.5	kospi	2026-09-03	021240	carried_past_day	872.6	97100.0	5.0	-10044.0	-6544.0
high-2.5	kospi	2026-09-03	326030	carried_past_day	872.6	85600.0	5.0	-7920.0	-4920.0
high-3.0	kospi	2025-10-14	010140	carried_past_day	819.4	21225.0	22.0	-2654.0	-454.0
high-3.0	kospi	2025-10-14	032640	carried_past_day	819.4	14770.0	32.0	-2296.0	-376.0
high-3.0	kospi	2025-10-14	034220	carried_past_day	819.4	14015.0	35.0	-8930.0	-1580.0
high-3.0	kospi	2025-10-14	055550	carried_past_day	819.4	69000.0	7.0	-3138.0	3162.0
high-3.0	kospi	2025-11-05	003550	carried_past_day	578.4	79100.0	6.0	-14820.0	-4620.0
high-3.0	kospi	2025-11-05	005930	carried_past_day	578.4	99600.0	5.0	-21571.0	-6071.0
high-3.0	kospi	2025-11-05	047810	carried_past_day	578.4	101300.0	5.0	-1589.0	5411.0
high-3.0	kospi	2025-11-05	055550	carried_past_day	578.4	74800.0	6.0	-9365.0	-3965.0
high-3.0	kospi	2025-11-05	161390	carried_past_day	578.4	44650.0	11.0	-16456.0	-11506.0
high-3.0	kospi	2025-11-05	241560	carried_past_day	578.4	58500.0	8.0	-22606.0	-12206.0
high-3.0	kospi	2025-11-06	005930	carried_past_day	639.0	99800.0	5.0	15927.0	1927.0
high-3.0	kospi	2025-11-06	005940	carried_past_day	639.0	20100.0	24.0	-16637.0	-13037.0
high-3.0	kospi	2025-11-06	047810	carried_past_day	639.0	98200.0	5.0	4944.0	-3556.0
high-3.0	kospi	2025-11-06	161390	sold_same_day_anyway	639.0	45750.0	11.0	-14850.0	-14850.0
high-3.0	kospi	2025-11-06	316140	carried_past_day	639.0	26350.0	18.0	-10920.0	-5520.0
high-3.0	kospi	2025-11-07	005930	carried_past_day	755.7	97400.0	5.0	-7047.0	-3547.0
high-3.0	kospi	2025-11-07	005940	carried_past_day	755.7	19960.0	24.0	-12790.0	-310.0
high-3.0	kospi	2025-11-07	010950	carried_past_day	755.7	73800.0	6.0	-12352.0	-4552.0
high-3.0	kospi	2025-11-07	047810	carried_past_day	755.7	96600.0	5.0	-9538.0	-3038.0
high-3.0	kospi	2025-11-07	055550	carried_past_day	755.7	77200.0	6.0	-17796.0	-2196.0
high-3.0	kospi	2025-11-07	066570	carried_past_day	755.7	87900.0	5.0	-6445.0	-2945.0
high-3.0	kospi	2025-11-07	086790	carried_past_day	755.7	91800.0	5.0	-19487.0	-1987.0
high-3.0	kospi	2025-11-07	161390	sold_same_day_anyway	755.7	44800.0	10.0	-28500.0	-28500.0
high-3.0	kospi	2025-11-07	316140	carried_past_day	755.7	25550.0	18.0	-13589.0	-3689.0
high-3.0	kospi	2026-01-29	003550	sold_same_day_anyway	615.1	90000.0	5.0	-15000.0	-15000.0
high-3.0	kospi	2026-01-29	024110	carried_past_day	615.1	21600.0	22.0	-7622.0	-9822.0
high-3.0	kospi	2026-01-29	030200	carried_past_day	615.1	55500.0	9.0	-4674.0	-6474.0
high-3.0	kospi	2026-01-29	055550	carried_past_day	615.1	84400.0	5.0	-2907.0	-4407.0
high-3.0	kospi	2026-01-29	316140	carried_past_day	615.1	30000.0	16.0	-5032.0	-9032.0
high-3.0	kospi	2026-02-05	030200	carried_past_day	786.1	56000.0	9.0	6116.0	-1984.0
high-3.0	kospi	2026-02-05	241560	carried_past_day	786.1	62000.0	7.0	-17033.0	1167.0
high-3.0	kospi	2026-03-03	010140	carried_past_day	697.4	28800.0	17.0	38897.0	12547.0
high-3.0	kospi	2026-03-03	029780	carried_past_day	697.4	62500.0	8.0	-1075.0	3725.0
high-3.0	kospi	2026-03-03	030200	carried_past_day	697.4	64200.0	7.0	20034.0	7434.0
high-3.0	kospi	2026-03-03	032640	carried_past_day	697.4	16220.0	29.0	729.0	2179.0
high-3.0	kospi	2026-03-03	064400	carried_past_day	697.4	70400.0	6.0	31492.0	15892.0
high-3.0	kospi	2026-03-04	003550	carried_past_day	574.6	96200.0	5.0	-4034.0	23466.0
high-3.0	kospi	2026-03-05	003550	carried_past_day	637.9	95800.0	5.0	9970.0	-6030.0
high-3.0	kospi	2026-03-06	003550	carried_past_day	631.8	92800.0	5.0	21002.0	-6998.0
high-3.0	kospi	2026-03-31	017670	carried_past_day	819.4	76600.0	6.0	-12388.0	212.0
high-3.0	kospi	2026-03-31	030200	carried_past_day	819.4	60100.0	8.0	-14634.0	-3434.0
high-3.0	kospi	2026-03-31	323410	carried_past_day	819.4	24000.0	20.0	-18032.0	-32.0
high-3.0	kospi	2026-04-02	017670	carried_past_day	630.4	78000.0	6.0	-5806.0	194.0
high-3.0	kospi	2026-04-02	030200	carried_past_day	630.4	61400.0	8.0	13344.0	14944.0
high-3.0	kospi	2026-04-02	323410	carried_past_day	630.4	24350.0	20.0	6953.0	17953.0
high-3.0	kospi	2026-04-07	030200	carried_past_day	797.9	59300.0	8.0	-15420.0	580.0
high-3.0	kospi	2026-04-23	005940	carried_past_day	750.2	34400.0	14.0	-18535.0	-8735.0
high-3.0	kospi	2026-04-23	030200	carried_past_day	750.2	61600.0	8.0	-4260.0	-4260.0
high-3.0	kospi	2026-04-23	032640	carried_past_day	750.2	16660.0	29.0	-2779.0	-3359.0
high-3.0	kospi	2026-04-23	055550	carried_past_day	750.2	98100.0	5.0	-10555.0	-10055.0
high-3.0	kospi	2026-05-07	005940	sold_same_day_anyway	576.5	36700.0	12.0	-52300.0	-52300.0
high-3.0	kospi	2026-05-07	047050	carried_past_day	576.5	81800.0	6.0	-1055.0	5545.0
high-3.0	kospi	2026-05-07	078930	carried_past_day	576.5	76700.0	6.0	-14189.0	-12389.0
high-3.0	kospi	2026-05-12	003490	carried_past_day	626.5	25150.0	19.0	6573.0	4673.0
high-3.0	kospi	2026-05-15	003490	carried_past_day	634.9	26300.0	18.0	8882.0	3482.0
high-3.0	kospi	2026-05-18	003490	carried_past_day	574.9	25050.0	18.0	-12669.0	-9969.0
high-3.0	kospi	2026-05-18	017670	carried_past_day	574.9	100100.0	5.0	4424.0	-3076.0
high-3.0	kospi	2026-05-19	003490	carried_past_day	635.1	25500.0	18.0	-3687.0	-6387.0
high-3.0	kospi	2026-05-19	017670	carried_past_day	635.1	96700.0	5.0	-15540.0	-6040.0
high-3.0	kospi	2026-05-20	003490	carried_past_day	576.2	25050.0	18.0	-17169.0	3531.0
high-3.0	kospi	2026-05-20	017670	carried_past_day	576.2	99500.0	5.0	-16070.0	5930.0
high-3.0	kospi	2026-09-03	021240	carried_past_day	875.8	97200.0	5.0	-9545.0	-6045.0
high-3.0	kospi	2026-09-03	326030	carried_past_day	875.8	85700.0	5.0	-7421.0	-4421.0
high-4.0	kospi	2025-11-05	003550	carried_past_day	633.4	78100.0	6.0	-20807.0	-10607.0
high-4.0	kospi	2025-11-05	005930	carried_past_day	633.4	97000.0	5.0	-34543.0	-19043.0
high-4.0	kospi	2025-11-05	047810	carried_past_day	633.4	99500.0	5.0	-10570.0	-3570.0
high-4.0	kospi	2025-11-05	055550	carried_past_day	633.4	75000.0	6.0	-8168.0	-2768.0
high-4.0	kospi	2025-11-05	161390	carried_past_day	633.4	44700.0	11.0	-15907.0	-10957.0
high-4.0	kospi	2025-11-05	241560	carried_past_day	633.4	58500.0	8.0	-22606.0	-12206.0
high-4.0	kospi	2026-03-03	010140	carried_past_day	752.5	28100.0	17.0	27023.0	673.0
high-4.0	kospi	2026-03-03	029780	carried_past_day	752.5	61900.0	8.0	-5865.0	-1065.0
high-4.0	kospi	2026-03-03	030200	carried_past_day	752.5	63700.0	7.0	16541.0	3941.0
high-4.0	kospi	2026-03-03	032640	carried_past_day	752.5	16120.0	29.0	-2165.0	-715.0
high-4.0	kospi	2026-03-03	064400	carried_past_day	752.5	68900.0	6.0	22511.0	6911.0
high-4.0	kospi	2026-03-04	003550	carried_past_day	579.5	95800.0	5.0	-6030.0	21470.0
high-4.0	kospi	2026-03-06	003550	carried_past_day	639.4	93300.0	5.0	23497.0	-4503.0
high-4.0	kospi	2026-04-02	017670	carried_past_day	634.2	77500.0	6.0	-8800.0	-2800.0
high-4.0	kospi	2026-04-02	030200	carried_past_day	634.2	61000.0	8.0	10151.0	11751.0
high-4.0	kospi	2026-04-02	323410	carried_past_day	634.2	24150.0	20.0	2962.0	13962.0
high-4.0	kospi	2026-05-12	003490	carried_past_day	629.7	25050.0	19.0	4677.0	2777.0
high-4.0	kospi	2026-05-15	003490	carried_past_day	687.2	26100.0	18.0	5290.0	-110.0
high-4.0	kospi	2026-05-18	003490	carried_past_day	579.8	25000.0	18.0	-13568.0	-10868.0
high-4.0	kospi	2026-05-18	017670	carried_past_day	579.8	100000.0	5.0	3925.0	-3575.0
high-4.0	kospi	2026-05-19	003490	carried_past_day	677.2	25200.0	18.0	-9075.0	-11775.0
high-4.0	kospi	2026-05-19	017670	carried_past_day	677.2	96500.0	5.0	-16537.0	-7037.0
high-5.0	kospi	2026-03-03	010140	carried_past_day	815.3	28300.0	17.0	30416.0	4066.0
high-5.0	kospi	2026-03-03	029780	carried_past_day	815.3	62100.0	8.0	-4268.0	532.0
high-5.0	kospi	2026-03-03	030200	carried_past_day	815.3	63900.0	7.0	17938.0	5338.0
high-5.0	kospi	2026-03-03	032640	carried_past_day	815.3	16350.0	29.0	4491.0	5941.0
high-5.0	kospi	2026-03-03	064400	carried_past_day	815.3	69200.0	6.0	24307.0	8707.0
high-5.0	kospi	2026-03-04	003550	carried_past_day	685.4	89900.0	5.0	-35466.0	-7966.0
high-5.0	kospi	2026-04-02	017670	carried_past_day	637.9	78000.0	6.0	-5806.0	194.0
high-5.0	kospi	2026-04-02	030200	carried_past_day	637.9	61100.0	8.0	10949.0	12549.0
high-5.0	kospi	2026-04-02	323410	carried_past_day	637.9	24200.0	20.0	3959.0	14959.0
high-5.0	kospi	2026-05-12	003490	carried_past_day	632.9	25050.0	19.0	4677.0	2777.0
high-5.0	kospi	2026-05-15	003490	carried_past_day	699.3	26150.0	18.0	6188.0	788.0
score-11	kosdaq	2025-11-05	003550	carried_past_day	546.0	80650.0	6.0	-5540.0	4660.0
score-11	kosdaq	2025-11-05	005930	carried_past_day	546.0	100500.0	5.0	-17080.0	-1580.0
score-11	kosdaq	2025-11-05	047810	carried_past_day	546.0	104300.0	5.0	13379.0	20379.0
score-11	kosdaq	2025-11-05	055550	carried_past_day	546.0	76650.0	6.0	1711.0	7111.0
score-11	kosdaq	2025-11-05	161390	carried_past_day	546.0	45325.0	11.0	-9047.0	-4097.0
score-11	kosdaq	2025-11-05	241560	carried_past_day	546.0	60000.0	8.0	-10632.0	-232.0
score-11	kosdaq	2025-11-07	005930	carried_past_day	726.0	97600.0	5.0	-6049.0	-2549.0
score-11	kosdaq	2025-11-07	005940	carried_past_day	726.0	20050.0	24.0	-10635.0	1845.0
score-11	kosdaq	2025-11-07	010950	carried_past_day	726.0	74300.0	6.0	-9358.0	-1558.0
score-11	kosdaq	2025-11-07	047810	carried_past_day	726.0	97000.0	5.0	-7543.0	-1043.0
score-11	kosdaq	2025-11-07	055550	carried_past_day	726.0	77500.0	6.0	-16000.0	-400.0
score-11	kosdaq	2025-11-07	066570	carried_past_day	726.0	88100.0	5.0	-5447.0	-1947.0
score-11	kosdaq	2025-11-07	086790	carried_past_day	726.0	92300.0	5.0	-16992.0	508.0
score-11	kosdaq	2025-11-07	161390	sold_same_day_anyway	726.0	45100.0	10.0	-25500.0	-25500.0
score-11	kosdaq	2025-11-07	316140	carried_past_day	726.0	25650.0	18.0	-11793.0	-1893.0
score-11	kosdaq	2025-11-18	003550	carried_past_day	702.0	81600.0	5.0	-3377.0	3623.0
score-11	kosdaq	2025-11-18	016360	carried_past_day	702.0	78600.0	6.0	-2814.0	3786.0
score-11	kosdaq	2025-11-18	024110	carried_past_day	702.0	20150.0	24.0	-3440.0	1360.0
score-11	kosdaq	2025-11-18	032640	carried_past_day	702.0	15230.0	31.0	-2255.0	2395.0
score-11	kosdaq	2025-11-18	055550	carried_past_day	702.0	77300.0	6.0	-397.0	4403.0
score-11	kosdaq	2025-11-18	066570	carried_past_day	702.0	89100.0	5.0	2042.0	6542.0
score-11	kosdaq	2025-11-18	086790	carried_past_day	702.0	91800.0	5.0	-2487.0	3013.0
score-11	kosdaq	2025-11-18	316140	carried_past_day	702.0	25900.0	18.0	-2802.0	2598.0
score-11	kosdaq	2025-11-21	016360	carried_past_day	540.0	78500.0	6.0	-1613.0	7387.0
score-11	kosdaq	2025-11-21	024110	carried_past_day	540.0	20100.0	24.0	-8237.0	-4637.0
score-11	kosdaq	2025-11-21	029780	carried_past_day	540.0	53100.0	9.0	-10027.0	-5527.0
score-11	kosdaq	2025-11-21	316140	sold_same_day_anyway	540.0	26100.0	18.0	6300.0	6300.0
score-11	kosdaq	2026-01-21	003490	buy_blocked				10077.75	
score-11	kosdaq	2026-01-21	003550	buy_blocked				-20952.2	
score-11	kosdaq	2026-01-21	005940	carried_past_day	540.0	22400.0	22.0	-10960.0	-3260.0
score-11	kosdaq	2026-01-21	016360	carried_past_day	540.0	81000.0	6.0	-12445.0	-4645.0
score-11	kosdaq	2026-01-21	030200	buy_blocked				-24007.32	
score-11	kosdaq	2026-01-21	055550	carried_past_day	540.0	82300.0	6.0	2538.0	5538.0
score-11	kosdaq	2026-01-21	078930	carried_past_day	540.0	60000.0	8.0	-7432.0	-8232.0
score-11	kosdaq	2026-01-21	086790	carried_past_day	540.0	100000.0	5.0	2925.0	-75.0
score-11	kosdaq	2026-01-21	241560	carried_past_day	540.0	59500.0	8.0	-3423.0	-1823.0
score-11	kosdaq	2026-02-06	024110	buy_blocked				-23006.94	
score-11	kosdaq	2026-02-06	029780	buy_blocked				-14101.96	
score-11	kosdaq	2026-02-06	030200	carried_past_day	540.0	55200.0	9.0	-19968.0	-10968.0
score-11	kosdaq	2026-02-06	032640	buy_blocked				-5239.552	
score-11	kosdaq	2026-02-06	078930	buy_blocked				-18475.94	
score-11	kosdaq	2026-03-03	010140	carried_past_day	786.0	28400.0	17.0	32112.0	5762.0
score-11	kosdaq	2026-03-03	029780	carried_past_day	786.0	62400.0	8.0	-1873.0	2927.0
score-11	kosdaq	2026-03-03	030200	carried_past_day	786.0	64000.0	7.0	18637.0	6037.0
score-11	kosdaq	2026-03-03	032640	carried_past_day	786.0	16150.0	29.0	-1297.0	153.0
score-11	kosdaq	2026-03-03	064400	carried_past_day	786.0	69700.0	6.0	27301.0	11701.0
score-11	kosdaq	2026-03-04	003550	buy_blocked				40020.15	
score-11	kosdaq	2026-03-04	010140	sold_same_day_anyway	540.0	26450.0	17.0	5950.0	5950.0
score-11	kosdaq	2026-03-04	029780	sold_same_day_anyway	540.0	62500.0	8.0	20800.0	20800.0
score-11	kosdaq	2026-03-04	030200	sold_same_day_anyway	540.0	61200.0	7.0	11900.0	11900.0
score-11	kosdaq	2026-03-04	032640	sold_same_day_anyway	540.0	16160.0	29.0	5220.0	5220.0
score-11	kosdaq	2026-03-04	064400	sold_same_day_anyway	540.0	65000.0	6.0	11400.0	11400.0
score-11	kosdaq	2026-03-09	003550	sold_same_day_anyway	540.0	88400.0	5.0	1000.0	1000.0
score-11	kosdaq	2026-04-02	017670	carried_past_day	786.0	77200.0	6.0	-10596.0	-4596.0
score-11	kosdaq	2026-04-02	030200	carried_past_day	786.0	59900.0	8.0	1370.0	2970.0
score-11	kosdaq	2026-04-02	323410	carried_past_day	786.0	23500.0	20.0	-10010.0	990.0
score-11	kosdaq	2026-05-18	003490	carried_past_day	558.0	24800.0	18.0	-17160.0	-14460.0
score-11	kosdaq	2026-05-18	017670	carried_past_day	558.0	99300.0	5.0	433.0	-7067.0
prev-1.5	kosdaq	2025-09-24	004020	carried_past_day	628.3	36150.0	13.0	-1010.0	-2960.0
prev-1.5	kosdaq	2025-09-24	016360	carried_past_day	628.3	72400.0	6.0	-3934.0	-3934.0
prev-1.5	kosdaq	2025-09-24	035720	carried_past_day	628.3	63400.0	7.0	6746.0	3246.0
prev-1.5	kosdaq	2025-09-24	251270	carried_past_day	628.3	65900.0	7.0	6708.0	3908.0
prev-1.5	kosdaq	2025-09-24	316140	carried_past_day	628.3	26450.0	18.0	-1024.0	-4624.0
prev-1.5	kosdaq	2025-09-26	066570	carried_past_day	575.7	76900.0	6.0	-1592.0	2608.0
prev-1.5	kosdaq	2025-09-26	251270	carried_past_day	575.7	63000.0	7.0	-3048.0	4652.0
prev-1.5	kosdaq	2025-09-26	316140	carried_past_day	575.7	26250.0	18.0	-7316.0	-116.0
prev-1.5	kosdaq	2025-10-13	010140	buy_blocked				-21929.545	
prev-1.5	kosdaq	2025-10-13	032640	carried_past_day	540.0	15300.0	32.0	14947.0	10787.0
prev-1.5	kosdaq	2025-10-13	055550	carried_past_day	540.0	72100.0	7.0	16415.0	10815.0
prev-1.5	kosdaq	2025-10-14	010140	carried_past_day	809.3	21250.0	22.0	-2105.0	95.0
prev-1.5	kosdaq	2025-10-14	032640	carried_past_day	809.3	14740.0	32.0	-3254.0	-1334.0
prev-1.5	kosdaq	2025-10-14	034220	carried_past_day	809.3	14000.0	35.0	-9454.0	-2104.0
prev-1.5	kosdaq	2025-10-14	055550	carried_past_day	809.3	69000.0	7.0	-3138.0	3162.0
prev-1.5	kosdaq	2025-10-30	009830	carried_past_day	632.9	28486.0	17.0	-1041.0	-1041.0
prev-1.5	kosdaq	2025-10-30	016360	carried_past_day	632.9	78000.0	6.0	794.0	1394.0
prev-1.5	kosdaq	2025-10-30	032640	carried_past_day	632.9	14900.0	32.0	-2945.0	1215.0
prev-1.5	kosdaq	2025-10-30	055550	carried_past_day	632.9	73700.0	6.0	849.0	1449.0
prev-1.5	kosdaq	2025-10-30	066570	carried_past_day	632.9	87800.0	5.0	4056.0	56.0
prev-1.5	kosdaq	2025-11-05	003550	carried_past_day	563.4	79700.0	6.0	-11228.0	-1028.0
prev-1.5	kosdaq	2025-11-05	005930	carried_past_day	563.4	99900.0	5.0	-20074.0	-4574.0
prev-1.5	kosdaq	2025-11-05	047810	carried_past_day	563.4	101800.0	5.0	906.0	7906.0
prev-1.5	kosdaq	2025-11-05	055550	carried_past_day	563.4	75900.0	6.0	-2779.0	2621.0
prev-1.5	kosdaq	2025-11-05	161390	carried_past_day	563.4	44900.0	11.0	-13712.0	-8762.0
prev-1.5	kosdaq	2025-11-05	241560	carried_past_day	563.4	58600.0	8.0	-21808.0	-11408.0
prev-1.5	kosdaq	2025-11-07	005930	carried_past_day	540.0	96400.0	5.0	-12036.0	-8536.0
prev-1.5	kosdaq	2025-11-07	005940	carried_past_day	540.0	20750.0	24.0	6129.0	18609.0
prev-1.5	kosdaq	2025-11-07	010950	buy_blocked				-21722.88	
prev-1.5	kosdaq	2025-11-07	047810	carried_past_day	540.0	97000.0	5.0	-7543.0	-1043.0
prev-1.5	kosdaq	2025-11-07	055550	buy_blocked				-21088.29	
prev-1.5	kosdaq	2025-11-07	066570	buy_blocked				-27923.35	
prev-1.5	kosdaq	2025-11-07	086790	buy_blocked				-30882.4	
prev-1.5	kosdaq	2025-11-07	161390	buy_blocked				-17406.825	
prev-1.5	kosdaq	2025-11-07	316140	carried_past_day	540.0	26900.0	18.0	10659.0	20559.0
prev-1.5	kosdaq	2025-11-14	003550	carried_past_day	540.0	83900.0	5.0	-3402.0	4098.0
prev-1.5	kosdaq	2025-11-14	016360	buy_blocked				21478.08	
prev-1.5	kosdaq	2025-11-14	024110	carried_past_day	540.0	20750.0	24.0	1329.0	1329.0
prev-1.5	kosdaq	2025-11-14	032640	carried_past_day	540.0	15570.0	31.0	1752.0	-728.0
prev-1.5	kosdaq	2025-11-14	055550	buy_blocked				14866.05	
prev-1.5	kosdaq	2025-11-14	066570	carried_past_day	540.0	90600.0	5.0	-7974.0	1026.0
prev-1.5	kosdaq	2025-11-14	316140	carried_past_day	540.0	26850.0	18.0	3461.0	-139.0
prev-1.5	kosdaq	2025-11-18	003550	carried_past_day	573.4	82600.0	5.0	1612.0	8612.0
prev-1.5	kosdaq	2025-11-18	016360	carried_past_day	573.4	79500.0	6.0	2574.0	9174.0
prev-1.5	kosdaq	2025-11-18	024110	carried_past_day	573.4	20250.0	24.0	-1045.0	3755.0
prev-1.5	kosdaq	2025-11-18	032640	carried_past_day	573.4	15520.0	31.0	6716.0	11366.0
prev-1.5	kosdaq	2025-11-18	055550	carried_past_day	573.4	77800.0	6.0	2596.0	7396.0
prev-1.5	kosdaq	2025-11-18	066570	carried_past_day	573.4	90300.0	5.0	8029.0	12529.0
prev-1.5	kosdaq	2025-11-18	086790	carried_past_day	573.4	92100.0	5.0	-990.0	4510.0
prev-1.5	kosdaq	2025-11-18	316140	carried_past_day	573.4	26100.0	18.0	790.0	6190.0
prev-1.5	kosdaq	2025-11-19	016360	carried_past_day	571.8	77000.0	6.0	-15993.0	-5793.0
prev-1.5	kosdaq	2025-11-19	024110	carried_past_day	571.8	20150.0	24.0	-7040.0	-4640.0
prev-1.5	kosdaq	2025-11-19	055550	carried_past_day	571.8	76500.0	6.0	-4587.0	-2187.0
prev-1.5	kosdaq	2025-11-19	086790	carried_past_day	571.8	91700.0	5.0	-9486.0	-5486.0
prev-1.5	kosdaq	2025-11-19	316140	carried_past_day	571.8	26050.0	18.0	-9108.0	-1908.0
prev-1.5	kosdaq	2025-11-21	016360	carried_past_day	540.0	78500.0	6.0	-1613.0	7387.0
prev-1.5	kosdaq	2025-11-21	024110	carried_past_day	540.0	20100.0	24.0	-8237.0	-4637.0
prev-1.5	kosdaq	2025-11-21	029780	carried_past_day	540.0	53100.0	9.0	-10027.0	-5527.0
prev-1.5	kosdaq	2025-11-21	316140	sold_same_day_anyway	540.0	26100.0	18.0	6300.0	6300.0
prev-1.5	kosdaq	2025-11-24	029780	carried_past_day	840.0	53700.0	9.0	2561.0	761.0
prev-1.5	kosdaq	2025-12-15	003550	carried_past_day	550.3	82600.0	6.0	-9466.0	-6466.0
prev-1.5	kosdaq	2025-12-15	010140	carried_past_day	550.3	25750.0	19.0	1798.0	-102.0
prev-1.5	kosdaq	2025-12-15	029780	carried_past_day	550.3	56000.0	9.0	7916.0	9716.0
prev-1.5	kosdaq	2025-12-15	066570	carried_past_day	550.3	95300.0	5.0	-5024.0	-3024.0
prev-1.5	kosdaq	2025-12-16	001440	carried_past_day	576.9	24150.0	20.0	1962.0	7962.0
prev-1.5	kosdaq	2025-12-16	003550	carried_past_day	576.9	83900.0	6.0	-10082.0	-5282.0
prev-1.5	kosdaq	2025-12-16	010140	carried_past_day	576.9	25250.0	19.0	1819.0	5619.0
prev-1.5	kosdaq	2025-12-16	029780	carried_past_day	576.9	55300.0	9.0	-11870.0	-7370.0
prev-1.5	kosdaq	2025-12-16	066570	carried_past_day	576.9	95200.0	5.0	4977.0	9477.0
prev-1.5	kosdaq	2025-12-16	138930	sold_same_day_anyway	576.9	15450.0	32.0	4160.0	4160.0
prev-1.5	kosdaq	2025-12-18	003550	carried_past_day	549.2	82100.0	6.0	-1659.0	5541.0
prev-1.5	kosdaq	2025-12-18	010950	carried_past_day	549.2	82800.0	6.0	5532.0	12732.0
prev-1.5	kosdaq	2025-12-18	029780	carried_past_day	549.2	55000.0	9.0	-2864.0	736.0
prev-1.5	kosdaq	2025-12-18	030200	carried_past_day	549.2	53600.0	9.0	-1037.0	4363.0
prev-1.5	kosdaq	2025-12-18	088980	carried_past_day	549.2	11610.0	43.0	-213.0	217.0
prev-1.5	kosdaq	2025-12-18	241560	carried_past_day	549.2	59200.0	8.0	-8218.0	582.0
prev-1.5	kosdaq	2026-01-07	005940	carried_past_day	639.2	21550.0	23.0	6984.0	6984.0
prev-1.5	kosdaq	2026-01-07	055550	carried_past_day	639.2	78800.0	6.0	-1617.0	-2217.0
prev-1.5	kosdaq	2026-01-07	086790	carried_past_day	639.2	93900.0	5.0	1991.0	991.0
prev-1.5	kosdaq	2026-01-21	003490	buy_blocked				10077.75	
prev-1.5	kosdaq	2026-01-21	003550	buy_blocked				-20952.2	
prev-1.5	kosdaq	2026-01-21	005940	carried_past_day	540.0	22400.0	22.0	-10960.0	-3260.0
prev-1.5	kosdaq	2026-01-21	016360	carried_past_day	540.0	81000.0	6.0	-12445.0	-4645.0
prev-1.5	kosdaq	2026-01-21	030200	buy_blocked				-24007.32	
prev-1.5	kosdaq	2026-01-21	055550	carried_past_day	540.0	82300.0	6.0	2538.0	5538.0
prev-1.5	kosdaq	2026-01-21	078930	carried_past_day	540.0	60000.0	8.0	-7432.0	-8232.0
prev-1.5	kosdaq	2026-01-21	086790	carried_past_day	540.0	100000.0	5.0	2925.0	-75.0
prev-1.5	kosdaq	2026-01-21	241560	carried_past_day	540.0	59500.0	8.0	-3423.0	-1823.0
prev-1.5	kosdaq	2026-01-29	003550	sold_same_day_anyway	577.3	88200.0	5.0	-24000.0	-24000.0
prev-1.5	kosdaq	2026-01-29	024110	carried_past_day	577.3	21400.0	22.0	-12012.0	-14212.0
prev-1.5	kosdaq	2026-01-29	030200	carried_past_day	577.3	55400.0	9.0	-5572.0	-7372.0
prev-1.5	kosdaq	2026-01-29	055550	carried_past_day	577.3	83600.0	5.0	-6899.0	-8399.0
prev-1.5	kosdaq	2026-01-29	316140	carried_past_day	577.3	29750.0	16.0	-9023.0	-13023.0
prev-1.5	kosdaq	2026-01-30	003550	carried_past_day	699.4	90600.0	5.0	-2974.0	-6474.0
prev-1.5	kosdaq	2026-01-30	024110	carried_past_day	699.4	22050.0	22.0	-4343.0	-3243.0
prev-1.5	kosdaq	2026-01-30	030200	carried_past_day	699.4	56400.0	9.0	-9191.0	-5591.0
prev-1.5	kosdaq	2026-01-30	055550	carried_past_day	699.4	84700.0	5.0	-2411.0	1089.0
prev-1.5	kosdaq	2026-01-30	316140	carried_past_day	699.4	30250.0	16.0	-2641.0	-1041.0
prev-1.5	kosdaq	2026-01-30	323410	carried_past_day	699.4	23075.0	21.0	1583.0	2633.0
prev-1.5	kosdaq	2026-02-05	030200	carried_past_day	575.8	56800.0	9.0	13301.0	5201.0
prev-1.5	kosdaq	2026-02-05	241560	carried_past_day	575.8	63200.0	7.0	-8651.0	9549.0
prev-1.5	kosdaq	2026-02-06	024110	buy_blocked				-23006.94	
prev-1.5	kosdaq	2026-02-06	029780	buy_blocked				-14101.96	
prev-1.5	kosdaq	2026-02-06	030200	carried_past_day	540.0	55200.0	9.0	-19968.0	-10968.0
prev-1.5	kosdaq	2026-02-06	032640	buy_blocked				-5239.552	
prev-1.5	kosdaq	2026-02-06	078930	buy_blocked				-18475.94	
prev-1.5	kosdaq	2026-02-10	003550	carried_past_day	638.7	92300.0	5.0	-8992.0	-3992.0
prev-1.5	kosdaq	2026-02-13	003550	carried_past_day	570.3	94700.0	5.0	-17518.0	-6018.0
prev-1.5	kosdaq	2026-02-13	011200	carried_past_day	570.3	21150.0	23.0	-35546.0	-7946.0
prev-1.5	kosdaq	2026-02-13	175330	sold_same_day_anyway	570.3	34550.0	19.0	177650.0	177650.0
prev-1.5	kosdaq	2026-03-03	010140	buy_blocked				57128.925	
prev-1.5	kosdaq	2026-03-03	011200	sold_same_day_anyway	540.0	24650.0	23.0	5750.0	5750.0
prev-1.5	kosdaq	2026-03-03	029780	carried_past_day	540.0	63600.0	8.0	7706.0	12506.0
prev-1.5	kosdaq	2026-03-03	030200	carried_past_day	540.0	63000.0	7.0	11652.0	-948.0
prev-1.5	kosdaq	2026-03-03	032640	carried_past_day	540.0	16540.0	29.0	9989.0	11439.0
prev-1.5	kosdaq	2026-03-03	064400	buy_blocked				51278.34	
prev-1.5	kosdaq	2026-03-04	003550	buy_blocked				40020.15	
prev-1.5	kosdaq	2026-03-04	010140	sold_same_day_anyway	540.0	26450.0	17.0	5950.0	5950.0
prev-1.5	kosdaq	2026-03-04	029780	sold_same_day_anyway	540.0	62500.0	8.0	20800.0	20800.0
prev-1.5	kosdaq	2026-03-04	030200	sold_same_day_anyway	540.0	61200.0	7.0	11900.0	11900.0
prev-1.5	kosdaq	2026-03-04	032640	sold_same_day_anyway	540.0	16160.0	29.0	5220.0	5220.0
prev-1.5	kosdaq	2026-03-04	064400	sold_same_day_anyway	540.0	65000.0	6.0	11400.0	11400.0
prev-1.5	kosdaq	2026-03-06	003550	carried_past_day	636.3	93300.0	5.0	23497.0	-4503.0
prev-1.5	kosdaq	2026-03-09	003550	sold_same_day_anyway	540.0	88400.0	5.0	1000.0	1000.0
prev-1.5	kosdaq	2026-03-31	017670	carried_past_day	565.7	76000.0	6.0	-15980.0	-3380.0
prev-1.5	kosdaq	2026-03-31	030200	carried_past_day	565.7	59800.0	8.0	-17029.0	-5829.0
prev-1.5	kosdaq	2026-03-31	323410	carried_past_day	565.7	23850.0	20.0	-21026.0	-3026.0
prev-1.5	kosdaq	2026-04-02	017670	carried_past_day	629.2	77800.0	6.0	-7004.0	-1004.0
prev-1.5	kosdaq	2026-04-02	030200	carried_past_day	629.2	61200.0	8.0	11747.0	13347.0
prev-1.5	kosdaq	2026-04-02	323410	carried_past_day	629.2	24350.0	20.0	6953.0	17953.0
prev-1.5	kosdaq	2026-04-07	030200	carried_past_day	809.3	59300.0	8.0	-15420.0	580.0
prev-1.5	kosdaq	2026-04-13	030200	buy_blocked				4337.6	
prev-1.5	kosdaq	2026-04-22	030200	carried_past_day	617.9	61900.0	8.0	-9065.0	-265.0
prev-1.5	kosdaq	2026-04-22	032640	carried_past_day	617.9	16780.0	29.0	-10326.0	404.0
prev-1.5	kosdaq	2026-04-22	055550	carried_past_day	617.9	98700.0	5.0	-1061.0	-561.0
prev-1.5	kosdaq	2026-04-22	078930	sold_same_day_anyway	617.9	69600.0	7.0	-16100.0	-16100.0
prev-1.5	kosdaq	2026-04-22	078930	carried_past_day	617.9	69600.0	7.0	-50047.0	-9447.0
prev-1.5	kosdaq	2026-04-23	005940	carried_past_day	747.0	34400.0	14.0	-18535.0	-8735.0
prev-1.5	kosdaq	2026-04-23	030200	carried_past_day	747.0	61800.0	8.0	-2663.0	-2663.0
prev-1.5	kosdaq	2026-04-23	032640	carried_past_day	747.0	16660.0	29.0	-2779.0	-3359.0
prev-1.5	kosdaq	2026-04-23	055550	carried_past_day	747.0	98200.0	5.0	-10056.0	-9556.0
prev-1.5	kosdaq	2026-04-28	005940	carried_past_day	579.7	35250.0	14.0	2439.0	1739.0
prev-1.5	kosdaq	2026-04-28	055550	carried_past_day	579.7	99700.0	5.0	-2572.0	-2072.0
prev-1.5	kosdaq	2026-04-30	055550	carried_past_day	753.4	100300.0	5.0	-5078.0	922.0
prev-1.5	kosdaq	2026-04-30	241560	carried_past_day	753.4	73000.0	6.0	-6942.0	5058.0
prev-1.5	kosdaq	2026-05-12	003490	carried_past_day	627.6	25050.0	19.0	4677.0	2777.0
prev-1.5	kosdaq	2026-05-13	003490	carried_past_day	573.0	24850.0	19.0	-27615.0	-18115.0
prev-1.5	kosdaq	2026-05-15	003490	carried_past_day	625.1	26450.0	18.0	11576.0	6176.0
prev-1.5	kosdaq	2026-05-18	003490	carried_past_day	563.8	25100.0	18.0	-11771.0	-9071.0
prev-1.5	kosdaq	2026-05-18	017670	carried_past_day	563.8	99600.0	5.0	1929.0	-5571.0
prev-1.5	kosdaq	2026-05-19	003490	carried_past_day	577.1	26250.0	18.0	9784.0	7084.0
prev-1.5	kosdaq	2026-05-19	017670	carried_past_day	577.1	98100.0	5.0	-8555.0	945.0
prev-1.5	kosdaq	2026-05-20	003490	carried_past_day	566.0	24900.0	18.0	-19864.0	836.0
prev-1.5	kosdaq	2026-05-20	017670	carried_past_day	566.0	98500.0	5.0	-21059.0	941.0
prev-1.5	kosdaq	2026-08-12	011200	carried_past_day	553.2	21600.0	23.0	6982.0	4682.0
prev-1.5	kosdaq	2026-08-14	011200	carried_past_day	633.4	21050.0	23.0	-6791.0	-5641.0
prev-1.5	kosdaq	2026-08-19	011200	buy_blocked				-24102.965	
prev-1.5	kosdaq	2026-08-21	011200	carried_past_day	540.0	21200.0	23.0	-7948.0	-10248.0
prev-1.5	kosdaq	2026-08-31	000100	carried_past_day	540.0	83500.0	5.0	1602.0	-1898.0
prev-1.5	kosdaq	2026-08-31	011200	carried_past_day	540.0	21550.0	23.0	-3366.0	1234.0
prev-1.5	kosdaq	2026-09-01	000100	carried_past_day	577.0	82650.0	5.0	-1138.0	-1138.0
prev-1.5	kosdaq	2026-09-01	021240	carried_past_day	577.0	98300.0	5.0	1943.0	1443.0
prev-1.5	kosdaq	2026-09-02	000100	carried_past_day	540.0	82700.0	5.0	3111.0	6111.0
prev-1.5	kosdaq	2026-09-02	021240	carried_past_day	540.0	97700.0	5.0	-6050.0	-6050.0
prev-1.5	kosdaq	2026-09-02	326030	buy_blocked				11482.525	
prev-1.5	kosdaq	2026-09-03	021240	carried_past_day	869.7	97000.0	5.0	-10543.0	-7043.0
prev-1.5	kosdaq	2026-09-03	326030	carried_past_day	869.7	85200.0	5.0	-9916.0	-6916.0
prev-1.5	kosdaq	2026-09-10	003490	carried_past_day	575.3	29200.0	17.0	8283.0	-7017.0
prev-1.5	kosdaq	2026-09-10	021240	carried_past_day	575.3	96400.0	5.0	9464.0	-36.0
prev-1.5	kosdaq	2026-09-10	030200	carried_past_day	575.3	53200.0	9.0	9771.0	1671.0
prev-1.5	kosdaq	2026-09-11	003490	carried_past_day	540.0	28650.0	17.0	2353.0	-6147.0
prev-1.5	kosdaq	2026-09-11	021240	sold_same_day_anyway	540.0	94300.0	5.0	-4000.0	-4000.0
prev-1.5	kosdaq	2026-09-11	030200	sold_same_day_anyway	540.0	52000.0	9.0	900.0	900.0
prev-1.5	kosdaq	2026-09-14	003490	carried_past_day	540.0	28450.0	17.0	-20590.0	-24840.0
prev-1.5	kosdaq	2026-09-14	316140	buy_blocked				-9307.22	
prev-2.0	kosdaq	2025-09-24	004020	carried_past_day	638.4	36150.0	13.0	-1010.0	-2960.0
prev-2.0	kosdaq	2025-09-24	016360	carried_past_day	638.4	72300.0	6.0	-4533.0	-4533.0
prev-2.0	kosdaq	2025-09-24	035720	carried_past_day	638.4	63300.0	7.0	6047.0	2547.0
prev-2.0	kosdaq	2025-09-24	251270	carried_past_day	638.4	66000.0	7.0	7407.0	4607.0
prev-2.0	kosdaq	2025-09-24	316140	carried_past_day	638.4	26450.0	18.0	-1024.0	-4624.0
prev-2.0	kosdaq	2025-09-26	066570	carried_past_day	741.7	76550.0	6.0	-3687.0	513.0
prev-2.0	kosdaq	2025-09-26	251270	carried_past_day	741.7	62600.0	7.0	-5842.0	1858.0
prev-2.0	kosdaq	2025-09-26	316140	carried_past_day	741.7	26100.0	18.0	-10010.0	-2810.0
prev-2.0	kosdaq	2025-10-13	010140	carried_past_day	552.6	22500.0	22.0	7736.0	4436.0
prev-2.0	kosdaq	2025-10-13	032640	carried_past_day	552.6	15180.0	32.0	11116.0	6956.0
prev-2.0	kosdaq	2025-10-13	055550	carried_past_day	552.6	71800.0	7.0	14319.0	8719.0
prev-2.0	kosdaq	2025-10-14	010140	carried_past_day	814.9	21150.0	22.0	-4300.0	-2100.0
prev-2.0	kosdaq	2025-10-14	032640	carried_past_day	814.9	14780.0	32.0	-1977.0	-57.0
prev-2.0	kosdaq	2025-10-14	034220	carried_past_day	814.9	13990.0	35.0	-9803.0	-2453.0
prev-2.0	kosdaq	2025-10-14	055550	carried_past_day	814.9	69200.0	7.0	-1741.0	4559.0
prev-2.0	kosdaq	2025-11-05	003550	carried_past_day	565.9	79300.0	6.0	-13623.0	-3423.0
prev-2.0	kosdaq	2025-11-05	005930	carried_past_day	565.9	99650.0	5.0	-21321.0	-5821.0
prev-2.0	kosdaq	2025-11-05	047810	carried_past_day	565.9	101200.0	5.0	-2088.0	4912.0
prev-2.0	kosdaq	2025-11-05	055550	carried_past_day	565.9	75800.0	6.0	-3378.0	2022.0
prev-2.0	kosdaq	2025-11-05	161390	carried_past_day	565.9	44900.0	11.0	-13712.0	-8762.0
prev-2.0	kosdaq	2025-11-05	241560	carried_past_day	565.9	58500.0	8.0	-22606.0	-12206.0
prev-2.0	kosdaq	2025-11-07	005930	carried_past_day	638.6	98200.0	5.0	-3056.0	444.0
prev-2.0	kosdaq	2025-11-07	005940	carried_past_day	638.6	20150.0	24.0	-8240.0	4240.0
prev-2.0	kosdaq	2025-11-07	010950	carried_past_day	638.6	74500.0	6.0	-8161.0	-361.0
prev-2.0	kosdaq	2025-11-07	047810	carried_past_day	638.6	98500.0	5.0	-59.0	6441.0
prev-2.0	kosdaq	2025-11-07	055550	carried_past_day	638.6	78600.0	6.0	-9414.0	6186.0
prev-2.0	kosdaq	2025-11-07	066570	carried_past_day	638.6	88000.0	5.0	-5946.0	-2446.0
prev-2.0	kosdaq	2025-11-07	086790	carried_past_day	638.6	93100.0	5.0	-13001.0	4499.0
prev-2.0	kosdaq	2025-11-07	161390	sold_same_day_anyway	638.6	45700.0	10.0	-19500.0	-19500.0
prev-2.0	kosdaq	2025-11-07	316140	carried_past_day	638.6	25850.0	18.0	-8200.0	1700.0
prev-2.0	kosdaq	2025-11-14	003550	carried_past_day	542.6	83000.0	5.0	-7892.0	-392.0
prev-2.0	kosdaq	2025-11-14	016360	buy_blocked				21478.08	
prev-2.0	kosdaq	2025-11-14	024110	carried_past_day	542.6	20700.0	24.0	132.0	132.0
prev-2.0	kosdaq	2025-11-14	032640	carried_past_day	542.6	16050.0	31.0	16600.0	14120.0
prev-2.0	kosdaq	2025-11-14	055550	buy_blocked				14866.05	
prev-2.0	kosdaq	2025-11-14	066570	carried_past_day	542.6	90500.0	5.0	-8473.0	527.0
prev-2.0	kosdaq	2025-11-14	316140	carried_past_day	542.6	26700.0	18.0	767.0	-2833.0
prev-2.0	kosdaq	2025-11-18	003550	carried_past_day	578.6	82400.0	5.0	614.0	7614.0
prev-2.0	kosdaq	2025-11-18	016360	carried_past_day	578.6	79500.0	6.0	2574.0	9174.0
prev-2.0	kosdaq	2025-11-18	024110	carried_past_day	578.6	20200.0	24.0	-2242.0	2558.0
prev-2.0	kosdaq	2025-11-18	032640	carried_past_day	578.6	15480.0	31.0	5478.0	10128.0
prev-2.0	kosdaq	2025-11-18	055550	carried_past_day	578.6	77400.0	6.0	202.0	5002.0
prev-2.0	kosdaq	2025-11-18	066570	carried_past_day	578.6	90200.0	5.0	7530.0	12030.0
prev-2.0	kosdaq	2025-11-18	086790	carried_past_day	578.6	91900.0	5.0	-1988.0	3512.0
prev-2.0	kosdaq	2025-11-18	316140	carried_past_day	578.6	26000.0	18.0	-1006.0	4394.0
prev-2.0	kosdaq	2025-11-19	016360	carried_past_day	575.0	76900.0	6.0	-16592.0	-6392.0
prev-2.0	kosdaq	2025-11-19	024110	carried_past_day	575.0	20100.0	24.0	-8237.0	-5837.0
prev-2.0	kosdaq	2025-11-19	055550	carried_past_day	575.0	76500.0	6.0	-4587.0	-2187.0
prev-2.0	kosdaq	2025-11-19	086790	carried_past_day	575.0	91400.0	5.0	-10983.0	-6983.0
prev-2.0	kosdaq	2025-11-19	316140	carried_past_day	575.0	26000.0	18.0	-10006.0	-2806.0
prev-2.0	kosdaq	2025-11-21	016360	carried_past_day	540.0	78500.0	6.0	-1613.0	7387.0
prev-2.0	kosdaq	2025-11-21	024110	carried_past_day	540.0	20100.0	24.0	-8237.0	-4637.0
prev-2.0	kosdaq	2025-11-21	029780	carried_past_day	540.0	53100.0	9.0	-10027.0	-5527.0
prev-2.0	kosdaq	2025-11-21	316140	sold_same_day_anyway	540.0	26100.0	18.0	6300.0	6300.0
prev-2.0	kosdaq	2025-12-16	001440	carried_past_day	638.4	24250.0	20.0	3957.0	9957.0
prev-2.0	kosdaq	2025-12-16	003550	carried_past_day	638.4	85000.0	6.0	-3496.0	1304.0
prev-2.0	kosdaq	2025-12-16	010140	carried_past_day	638.4	25150.0	19.0	-77.0	3723.0
prev-2.0	kosdaq	2025-12-16	029780	carried_past_day	638.4	55900.0	9.0	-6482.0	-1982.0
prev-2.0	kosdaq	2025-12-16	066570	carried_past_day	638.4	94100.0	5.0	-512.0	3988.0
prev-2.0	kosdaq	2025-12-16	138930	sold_same_day_anyway	638.4	15470.0	32.0	4800.0	4800.0
prev-2.0	kosdaq	2026-01-21	003490	carried_past_day	566.6	24000.0	20.0	-8032.0	-2032.0
prev-2.0	kosdaq	2026-01-21	003550	carried_past_day	566.6	87400.0	5.0	-6440.0	-3440.0
prev-2.0	kosdaq	2026-01-21	005940	carried_past_day	566.6	22300.0	22.0	-13155.0	-5455.0
prev-2.0	kosdaq	2026-01-21	016360	carried_past_day	566.6	81000.0	6.0	-12445.0	-4645.0
prev-2.0	kosdaq	2026-01-21	030200	carried_past_day	566.6	54900.0	9.0	-1062.0	-4662.0
prev-2.0	kosdaq	2026-01-21	055550	carried_past_day	566.6	80200.0	6.0	-10035.0	-7035.0
prev-2.0	kosdaq	2026-01-21	078930	carried_past_day	566.6	59900.0	8.0	-8230.0	-9030.0
prev-2.0	kosdaq	2026-01-21	086790	carried_past_day	566.6	97900.0	5.0	-7552.0	-10552.0
prev-2.0	kosdaq	2026-01-21	241560	carried_past_day	566.6	59300.0	8.0	-5020.0	-3420.0
prev-2.0	kosdaq	2026-01-29	003550	sold_same_day_anyway	579.2	88700.0	5.0	-21500.0	-21500.0
prev-2.0	kosdaq	2026-01-29	024110	carried_past_day	579.2	21350.0	22.0	-13110.0	-15310.0
prev-2.0	kosdaq	2026-01-29	030200	carried_past_day	579.2	55300.0	9.0	-6470.0	-8270.0
prev-2.0	kosdaq	2026-01-29	055550	carried_past_day	579.2	83700.0	5.0	-6400.0	-7900.0
prev-2.0	kosdaq	2026-01-29	316140	carried_past_day	579.2	29700.0	16.0	-9822.0	-13822.0
prev-2.0	kosdaq	2026-02-05	030200	carried_past_day	639.5	56400.0	9.0	9709.0	1609.0
prev-2.0	kosdaq	2026-02-05	241560	carried_past_day	639.5	63000.0	7.0	-10048.0	8152.0
prev-2.0	kosdaq	2026-02-06	024110	buy_blocked				-23006.94	
prev-2.0	kosdaq	2026-02-06	029780	buy_blocked				-14101.96	
prev-2.0	kosdaq	2026-02-06	030200	carried_past_day	540.0	55200.0	9.0	-19968.0	-10968.0
prev-2.0	kosdaq	2026-02-06	032640	buy_blocked				-5239.552	
prev-2.0	kosdaq	2026-02-06	078930	buy_blocked				-18475.94	
prev-2.0	kosdaq	2026-02-13	003550	carried_past_day	576.8	94400.0	5.0	-19015.0	-7515.0
prev-2.0	kosdaq	2026-02-13	011200	carried_past_day	576.8	21125.0	23.0	-36120.0	-8520.0
prev-2.0	kosdaq	2026-02-13	175330	sold_same_day_anyway	576.8	34750.0	19.0	181450.0	181450.0
prev-2.0	kosdaq	2026-03-03	010140	buy_blocked				57128.925	
prev-2.0	kosdaq	2026-03-03	011200	sold_same_day_anyway	542.3	24650.0	23.0	5750.0	5750.0
prev-2.0	kosdaq	2026-03-03	029780	carried_past_day	542.3	63100.0	8.0	3715.0	8515.0
prev-2.0	kosdaq	2026-03-03	030200	carried_past_day	542.3	63100.0	7.0	12350.0	-250.0
prev-2.0	kosdaq	2026-03-03	032640	carried_past_day	542.3	16430.0	29.0	6806.0	8256.0
prev-2.0	kosdaq	2026-03-03	064400	buy_blocked				51278.34	
prev-2.0	kosdaq	2026-03-04	003550	buy_blocked				40020.15	
prev-2.0	kosdaq	2026-03-04	010140	sold_same_day_anyway	540.0	26450.0	17.0	5950.0	5950.0
prev-2.0	kosdaq	2026-03-04	029780	sold_same_day_anyway	540.0	62500.0	8.0	20800.0	20800.0
prev-2.0	kosdaq	2026-03-04	030200	sold_same_day_anyway	540.0	61200.0	7.0	11900.0	11900.0
prev-2.0	kosdaq	2026-03-04	032640	sold_same_day_anyway	540.0	16160.0	29.0	5220.0	5220.0
prev-2.0	kosdaq	2026-03-04	064400	sold_same_day_anyway	540.0	65000.0	6.0	11400.0	11400.0
prev-2.0	kosdaq	2026-03-06	003550	carried_past_day	639.1	93300.0	5.0	23497.0	-4503.0
prev-2.0	kosdaq	2026-03-09	003550	sold_same_day_anyway	540.0	88400.0	5.0	1000.0	1000.0
prev-2.0	kosdaq	2026-03-31	017670	carried_past_day	569.3	76200.0	6.0	-14783.0	-2183.0
prev-2.0	kosdaq	2026-03-31	030200	carried_past_day	569.3	60200.0	8.0	-13835.0	-2635.0
prev-2.0	kosdaq	2026-03-31	323410	carried_past_day	569.3	23850.0	20.0	-21026.0	-3026.0
prev-2.0	kosdaq	2026-04-02	017670	carried_past_day	631.4	77700.0	6.0	-7602.0	-1602.0
prev-2.0	kosdaq	2026-04-02	030200	carried_past_day	631.4	61200.0	8.0	11747.0	13347.0
prev-2.0	kosdaq	2026-04-02	323410	carried_past_day	631.4	24250.0	20.0	4957.0	15957.0
prev-2.0	kosdaq	2026-04-23	005940	carried_past_day	754.0	34400.0	14.0	-18535.0	-8735.0
prev-2.0	kosdaq	2026-04-23	030200	carried_past_day	754.0	61700.0	8.0	-3461.0	-3461.0
prev-2.0	kosdaq	2026-04-23	032640	carried_past_day	754.0	16650.0	29.0	-3068.0	-3648.0
prev-2.0	kosdaq	2026-04-23	055550	carried_past_day	754.0	98000.0	5.0	-11054.0	-10554.0
prev-2.0	kosdaq	2026-04-30	055550	carried_past_day	810.9	100000.0	5.0	-6575.0	-575.0
prev-2.0	kosdaq	2026-04-30	241560	carried_past_day	810.9	71800.0	6.0	-14126.0	-2126.0
prev-2.0	kosdaq	2026-05-12	003490	carried_past_day	629.2	25050.0	19.0	4677.0	2777.0
prev-2.0	kosdaq	2026-05-13	003490	carried_past_day	578.2	24900.0	19.0	-26667.0	-17167.0
prev-2.0	kosdaq	2026-05-15	003490	carried_past_day	631.2	26250.0	18.0	7984.0	2584.0
prev-2.0	kosdaq	2026-05-18	003490	carried_past_day	566.0	25050.0	18.0	-12669.0	-9969.0
prev-2.0	kosdaq	2026-05-18	017670	carried_past_day	566.0	99900.0	5.0	3426.0	-4074.0
prev-2.0	kosdaq	2026-05-19	003490	carried_past_day	621.6	25450.0	18.0	-4585.0	-7285.0
prev-2.0	kosdaq	2026-05-19	017670	carried_past_day	621.6	96800.0	5.0	-15041.0	-5541.0
prev-2.0	kosdaq	2026-05-20	003490	carried_past_day	568.6	24950.0	18.0	-18966.0	1734.0
prev-2.0	kosdaq	2026-05-20	017670	carried_past_day	568.6	99200.0	5.0	-17566.0	4434.0
prev-2.0	kosdaq	2026-08-12	011200	carried_past_day	558.9	21550.0	23.0	5834.0	3534.0
prev-2.0	kosdaq	2026-08-19	011200	buy_blocked				-24102.965	
prev-2.0	kosdaq	2026-08-21	011200	carried_past_day	540.0	21200.0	23.0	-7948.0	-10248.0
prev-2.0	kosdaq	2026-08-31	000100	carried_past_day	560.0	82600.0	5.0	-2888.0	-6388.0
prev-2.0	kosdaq	2026-08-31	011200	carried_past_day	560.0	21350.0	23.0	-7956.0	-3356.0
prev-2.0	kosdaq	2026-09-01	000100	carried_past_day	692.1	82800.0	5.0	-390.0	-390.0
prev-2.0	kosdaq	2026-09-01	021240	carried_past_day	692.1	98500.0	5.0	2941.0	2441.0
prev-2.0	kosdaq	2026-09-02	000100	carried_past_day	540.0	82700.0	5.0	3111.0	6111.0
prev-2.0	kosdaq	2026-09-02	021240	carried_past_day	540.0	97700.0	5.0	-6050.0	-6050.0
prev-2.0	kosdaq	2026-09-02	326030	buy_blocked				11482.525	
prev-2.0	kosdaq	2026-09-03	021240	carried_past_day	874.3	97100.0	5.0	-10044.0	-6544.0
prev-2.0	kosdaq	2026-09-03	326030	carried_past_day	874.3	85600.0	5.0	-7920.0	-4920.0
prev-2.0	kosdaq	2026-09-10	003490	carried_past_day	618.9	29200.0	17.0	8283.0	-7017.0
prev-2.0	kosdaq	2026-09-10	021240	carried_past_day	618.9	94600.0	5.0	483.0	-9017.0
prev-2.0	kosdaq	2026-09-10	030200	carried_past_day	618.9	52700.0	9.0	5280.0	-2820.0
prev-2.0	kosdaq	2026-09-11	003490	carried_past_day	540.0	28650.0	17.0	2353.0	-6147.0
prev-2.0	kosdaq	2026-09-11	021240	sold_same_day_anyway	540.0	94300.0	5.0	-4000.0	-4000.0
prev-2.0	kosdaq	2026-09-11	030200	sold_same_day_anyway	540.0	52000.0	9.0	900.0	900.0
prev-2.0	kosdaq	2026-09-14	003490	carried_past_day	546.3	29150.0	17.0	-8715.0	-12965.0
prev-2.0	kosdaq	2026-09-14	316140	sold_same_day_anyway	546.3	35000.0	13.0	-20800.0	-20800.0
prev-2.5	kosdaq	2025-09-26	066570	carried_past_day	814.3	76100.0	6.0	-6382.0	-2182.0
prev-2.5	kosdaq	2025-09-26	251270	carried_past_day	814.3	62500.0	7.0	-6541.0	1159.0
prev-2.5	kosdaq	2025-09-26	316140	carried_past_day	814.3	26100.0	18.0	-10010.0	-2810.0
prev-2.5	kosdaq	2025-11-05	003550	carried_past_day	568.3	79000.0	6.0	-15419.0	-5219.0
prev-2.5	kosdaq	2025-11-05	005930	carried_past_day	568.3	99200.0	5.0	-23566.0	-8066.0
prev-2.5	kosdaq	2025-11-05	047810	carried_past_day	568.3	101000.0	5.0	-3086.0	3914.0
prev-2.5	kosdaq	2025-11-05	055550	carried_past_day	568.3	75500.0	6.0	-5174.0	226.0
prev-2.5	kosdaq	2025-11-05	161390	carried_past_day	568.3	44800.0	11.0	-14810.0	-9860.0
prev-2.5	kosdaq	2025-11-05	241560	carried_past_day	568.3	58700.0	8.0	-21010.0	-10610.0
prev-2.5	kosdaq	2025-11-07	005930	carried_past_day	693.1	97600.0	5.0	-6049.0	-2549.0
prev-2.5	kosdaq	2025-11-07	005940	carried_past_day	693.1	20000.0	24.0	-11832.0	648.0
prev-2.5	kosdaq	2025-11-07	010950	carried_past_day	693.1	74500.0	6.0	-8161.0	-361.0
prev-2.5	kosdaq	2025-11-07	047810	carried_past_day	693.1	97000.0	5.0	-7543.0	-1043.0
prev-2.5	kosdaq	2025-11-07	055550	carried_past_day	693.1	77400.0	6.0	-16598.0	-998.0
prev-2.5	kosdaq	2025-11-07	066570	carried_past_day	693.1	88100.0	5.0	-5447.0	-1947.0
prev-2.5	kosdaq	2025-11-07	086790	carried_past_day	693.1	92100.0	5.0	-17990.0	-490.0
prev-2.5	kosdaq	2025-11-07	161390	sold_same_day_anyway	693.1	45150.0	10.0	-25000.0	-25000.0
prev-2.5	kosdaq	2025-11-07	316140	carried_past_day	693.1	25650.0	18.0	-11793.0	-1893.0
prev-2.5	kosdaq	2025-11-18	003550	carried_past_day	759.7	81800.0	5.0	-2379.0	4621.0
prev-2.5	kosdaq	2025-11-18	016360	carried_past_day	759.7	78300.0	6.0	-4610.0	1990.0
prev-2.5	kosdaq	2025-11-18	024110	carried_past_day	759.7	20150.0	24.0	-3440.0	1360.0
prev-2.5	kosdaq	2025-11-18	032640	carried_past_day	759.7	15130.0	31.0	-5348.0	-698.0
prev-2.5	kosdaq	2025-11-18	055550	carried_past_day	759.7	77100.0	6.0	-1595.0	3205.0
prev-2.5	kosdaq	2025-11-18	066570	carried_past_day	759.7	88400.0	5.0	-1450.0	3050.0
prev-2.5	kosdaq	2025-11-18	086790	carried_past_day	759.7	91600.0	5.0	-3485.0	2015.0
prev-2.5	kosdaq	2025-11-18	316140	carried_past_day	759.7	25925.0	18.0	-2353.0	3047.0
prev-2.5	kosdaq	2025-11-19	016360	carried_past_day	578.2	76700.0	6.0	-17789.0	-7589.0
prev-2.5	kosdaq	2025-11-19	024110	carried_past_day	578.2	20100.0	24.0	-8237.0	-5837.0
prev-2.5	kosdaq	2025-11-19	055550	carried_past_day	578.2	76200.0	6.0	-6383.0	-3983.0
prev-2.5	kosdaq	2025-11-19	086790	carried_past_day	578.2	91100.0	5.0	-12479.0	-8479.0
prev-2.5	kosdaq	2025-11-19	316140	carried_past_day	578.2	25900.0	18.0	-11802.0	-4602.0
prev-2.5	kosdaq	2025-11-21	016360	carried_past_day	540.0	78500.0	6.0	-1613.0	7387.0
prev-2.5	kosdaq	2025-11-21	024110	carried_past_day	540.0	20100.0	24.0	-8237.0	-4637.0
prev-2.5	kosdaq	2025-11-21	029780	carried_past_day	540.0	53100.0	9.0	-10027.0	-5527.0
prev-2.5	kosdaq	2025-11-21	316140	sold_same_day_anyway	540.0	26100.0	18.0	6300.0	6300.0
prev-2.5	kosdaq	2026-01-21	003490	carried_past_day	572.7	24050.0	20.0	-7034.0	-1034.0
prev-2.5	kosdaq	2026-01-21	003550	carried_past_day	572.7	88000.0	5.0	-3446.0	-446.0
prev-2.5	kosdaq	2026-01-21	005940	carried_past_day	572.7	22450.0	22.0	-9862.0	-2162.0
prev-2.5	kosdaq	2026-01-21	016360	carried_past_day	572.7	81300.0	6.0	-10649.0	-2849.0
prev-2.5	kosdaq	2026-01-21	030200	carried_past_day	572.7	55100.0	9.0	734.0	-2866.0
prev-2.5	kosdaq	2026-01-21	055550	carried_past_day	572.7	80300.0	6.0	-9436.0	-6436.0
prev-2.5	kosdaq	2026-01-21	078930	carried_past_day	572.7	60000.0	8.0	-7432.0	-8232.0
prev-2.5	kosdaq	2026-01-21	086790	carried_past_day	572.7	97800.0	5.0	-8051.0	-11051.0
prev-2.5	kosdaq	2026-01-21	241560	carried_past_day	572.7	59800.0	8.0	-1029.0	571.0
prev-2.5	kosdaq	2026-02-05	030200	carried_past_day	688.2	56200.0	9.0	7913.0	-187.0
prev-2.5	kosdaq	2026-02-05	241560	carried_past_day	688.2	62800.0	7.0	-11445.0	6755.0
prev-2.5	kosdaq	2026-02-06	024110	buy_blocked				-23006.94	
prev-2.5	kosdaq	2026-02-06	029780	buy_blocked				-14101.96	
prev-2.5	kosdaq	2026-02-06	030200	carried_past_day	540.0	55200.0	9.0	-19968.0	-10968.0
prev-2.5	kosdaq	2026-02-06	032640	buy_blocked				-5239.552	
prev-2.5	kosdaq	2026-02-06	078930	buy_blocked				-18475.94	
prev-2.5	kosdaq	2026-03-03	010140	carried_past_day	557.9	29175.0	17.0	45259.0	18909.0
prev-2.5	kosdaq	2026-03-03	029780	carried_past_day	557.9	62400.0	8.0	-1873.0	2927.0
prev-2.5	kosdaq	2026-03-03	030200	carried_past_day	557.9	64000.0	7.0	18637.0	6037.0
prev-2.5	kosdaq	2026-03-03	032640	carried_past_day	557.9	16410.0	29.0	6227.0	7677.0
prev-2.5	kosdaq	2026-03-03	064400	carried_past_day	557.9	71300.0	6.0	36880.0	21280.0
prev-2.5	kosdaq	2026-03-04	003550	carried_past_day	561.3	97700.0	5.0	3450.0	30950.0
prev-2.5	kosdaq	2026-03-09	003550	sold_same_day_anyway	540.0	88400.0	5.0	1000.0	1000.0
prev-2.5	kosdaq	2026-03-31	017670	carried_past_day	572.9	76300.0	6.0	-14184.0	-1584.0
prev-2.5	kosdaq	2026-03-31	030200	carried_past_day	572.9	60000.0	8.0	-15432.0	-4232.0
prev-2.5	kosdaq	2026-03-31	323410	carried_past_day	572.9	23850.0	20.0	-21026.0	-3026.0
prev-2.5	kosdaq	2026-04-02	017670	carried_past_day	633.7	77500.0	6.0	-8800.0	-2800.0
prev-2.5	kosdaq	2026-04-02	030200	carried_past_day	633.7	61000.0	8.0	10151.0	11751.0
prev-2.5	kosdaq	2026-04-02	323410	carried_past_day	633.7	24150.0	20.0	2962.0	13962.0
prev-2.5	kosdaq	2026-04-30	055550	carried_past_day	819.7	99900.0	5.0	-7074.0	-1074.0
prev-2.5	kosdaq	2026-04-30	241560	carried_past_day	819.7	72000.0	6.0	-12929.0	-929.0
prev-2.5	kosdaq	2026-05-12	003490	carried_past_day	630.8	25100.0	19.0	5625.0	3725.0
prev-2.5	kosdaq	2026-05-15	003490	carried_past_day	637.2	26400.0	18.0	10678.0	5278.0
prev-2.5	kosdaq	2026-05-18	003490	carried_past_day	568.2	25050.0	18.0	-12669.0	-9969.0
prev-2.5	kosdaq	2026-05-18	017670	carried_past_day	568.2	99200.0	5.0	-66.0	-7566.0
prev-2.5	kosdaq	2026-05-19	003490	carried_past_day	626.7	25500.0	18.0	-3687.0	-6387.0
prev-2.5	kosdaq	2026-05-19	017670	carried_past_day	626.7	96000.0	5.0	-19032.0	-9532.0
prev-2.5	kosdaq	2026-05-20	003490	carried_past_day	571.1	25050.0	18.0	-17169.0	3531.0
prev-2.5	kosdaq	2026-05-20	017670	carried_past_day	571.1	99900.0	5.0	-14074.0	7926.0
prev-2.5	kosdaq	2026-08-19	011200	buy_blocked				-24102.965	
prev-2.5	kosdaq	2026-08-21	011200	carried_past_day	563.9	21000.0	23.0	-12538.0	-14838.0
prev-2.5	kosdaq	2026-08-31	000100	carried_past_day	565.1	82400.0	5.0	-3886.0	-7386.0
prev-2.5	kosdaq	2026-08-31	011200	carried_past_day	565.1	21300.0	23.0	-9103.0	-4503.0
prev-2.5	kosdaq	2026-09-02	000100	carried_past_day	546.4	81800.0	5.0	-1379.0	1621.0
prev-2.5	kosdaq	2026-09-02	021240	carried_past_day	546.4	99300.0	5.0	1933.0	1933.0
prev-2.5	kosdaq	2026-09-02	326030	carried_past_day	546.4	87100.0	5.0	1564.0	3064.0
prev-2.5	kosdaq	2026-09-03	021240	carried_past_day	878.9	97100.0	5.0	-10044.0	-6544.0
prev-2.5	kosdaq	2026-09-03	326030	carried_past_day	878.9	85500.0	5.0	-8419.0	-5419.0
prev-2.5	kosdaq	2026-09-14	003490	carried_past_day	558.9	29100.0	17.0	-9564.0	-13814.0
prev-2.5	kosdaq	2026-09-14	316140	sold_same_day_anyway	558.9	35700.0	13.0	-11700.0	-11700.0
prev-3.0	kosdaq	2025-11-05	003550	carried_past_day	570.7	79000.0	6.0	-15419.0	-5219.0
prev-3.0	kosdaq	2025-11-05	005930	carried_past_day	570.7	99200.0	5.0	-23566.0	-8066.0
prev-3.0	kosdaq	2025-11-05	047810	carried_past_day	570.7	100900.0	5.0	-3585.0	3415.0
prev-3.0	kosdaq	2025-11-05	055550	carried_past_day	570.7	75500.0	6.0	-5174.0	226.0
prev-3.0	kosdaq	2025-11-05	161390	carried_past_day	570.7	44650.0	11.0	-16456.0	-11506.0
prev-3.0	kosdaq	2025-11-05	241560	carried_past_day	570.7	58500.0	8.0	-22606.0	-12206.0
prev-3.0	kosdaq	2025-11-07	005930	carried_past_day	755.2	97400.0	5.0	-7047.0	-3547.0
prev-3.0	kosdaq	2025-11-07	005940	carried_past_day	755.2	19960.0	24.0	-12790.0	-310.0
prev-3.0	kosdaq	2025-11-07	010950	carried_past_day	755.2	73800.0	6.0	-12352.0	-4552.0
prev-3.0	kosdaq	2025-11-07	047810	carried_past_day	755.2	96600.0	5.0	-9538.0	-3038.0
prev-3.0	kosdaq	2025-11-07	055550	carried_past_day	755.2	77200.0	6.0	-17796.0	-2196.0
prev-3.0	kosdaq	2025-11-07	066570	carried_past_day	755.2	87900.0	5.0	-6445.0	-2945.0
prev-3.0	kosdaq	2025-11-07	086790	carried_past_day	755.2	91800.0	5.0	-19487.0	-1987.0
prev-3.0	kosdaq	2025-11-07	161390	sold_same_day_anyway	755.2	44800.0	10.0	-28500.0	-28500.0
prev-3.0	kosdaq	2025-11-07	316140	carried_past_day	755.2	25550.0	18.0	-13589.0	-3689.0
prev-3.0	kosdaq	2025-11-18	003550	carried_past_day	813.4	81100.0	5.0	-5872.0	1128.0
prev-3.0	kosdaq	2025-11-18	016360	carried_past_day	813.4	78100.0	6.0	-5807.0	793.0
prev-3.0	kosdaq	2025-11-18	024110	carried_past_day	813.4	20150.0	24.0	-3440.0	1360.0
prev-3.0	kosdaq	2025-11-18	032640	carried_past_day	813.4	15135.0	31.0	-5194.0	-544.0
prev-3.0	kosdaq	2025-11-18	055550	carried_past_day	813.4	76800.0	6.0	-3391.0	1409.0
prev-3.0	kosdaq	2025-11-18	066570	carried_past_day	813.4	87800.0	5.0	-4444.0	56.0
prev-3.0	kosdaq	2025-11-18	086790	carried_past_day	813.4	91100.0	5.0	-5979.0	-479.0
prev-3.0	kosdaq	2025-11-18	316140	carried_past_day	813.4	25750.0	18.0	-5497.0	-97.0
prev-3.0	kosdaq	2025-11-21	016360	carried_past_day	547.3	77400.0	6.0	-8198.0	802.0
prev-3.0	kosdaq	2025-11-21	024110	carried_past_day	547.3	20050.0	24.0	-9435.0	-5835.0
prev-3.0	kosdaq	2025-11-21	029780	carried_past_day	547.3	53000.0	9.0	-10926.0	-6426.0
prev-3.0	kosdaq	2026-01-21	003490	carried_past_day	578.8	24150.0	20.0	-5038.0	962.0
prev-3.0	kosdaq	2026-01-21	003550	carried_past_day	578.8	87800.0	5.0	-4444.0	-1444.0
prev-3.0	kosdaq	2026-01-21	005940	carried_past_day	578.8	22500.0	22.0	-8764.0	-1064.0
prev-3.0	kosdaq	2026-01-21	016360	carried_past_day	578.8	81200.0	6.0	-11247.0	-3447.0
prev-3.0	kosdaq	2026-01-21	030200	carried_past_day	578.8	55200.0	9.0	1632.0	-1968.0
prev-3.0	kosdaq	2026-01-21	055550	carried_past_day	578.8	80600.0	6.0	-7640.0	-4640.0
prev-3.0	kosdaq	2026-01-21	078930	carried_past_day	578.8	59800.0	8.0	-9029.0	-9829.0
prev-3.0	kosdaq	2026-01-21	086790	carried_past_day	578.8	98100.0	5.0	-6555.0	-9555.0
prev-3.0	kosdaq	2026-01-21	241560	carried_past_day	578.8	59500.0	8.0	-3423.0	-1823.0
prev-3.0	kosdaq	2026-02-05	030200	carried_past_day	696.6	56300.0	9.0	8811.0	711.0
prev-3.0	kosdaq	2026-02-05	241560	carried_past_day	696.6	62800.0	7.0	-11445.0	6755.0
prev-3.0	kosdaq	2026-02-06	024110	buy_blocked				-23006.94	
prev-3.0	kosdaq	2026-02-06	029780	buy_blocked				-14101.96	
prev-3.0	kosdaq	2026-02-06	030200	carried_past_day	541.3	55000.0	9.0	-21764.0	-12764.0
prev-3.0	kosdaq	2026-02-06	032640	buy_blocked				-5239.552	
prev-3.0	kosdaq	2026-02-06	078930	buy_blocked				-18475.94	
prev-3.0	kosdaq	2026-03-03	010140	carried_past_day	739.1	28500.0	17.0	33808.0	7458.0
prev-3.0	kosdaq	2026-03-03	029780	carried_past_day	739.1	62000.0	8.0	-5066.0	-266.0
prev-3.0	kosdaq	2026-03-03	030200	carried_past_day	739.1	64300.0	7.0	20732.0	8132.0
prev-3.0	kosdaq	2026-03-03	032640	carried_past_day	739.1	16240.0	29.0	1307.0	2757.0
prev-3.0	kosdaq	2026-03-03	064400	carried_past_day	739.1	69700.0	6.0	27301.0	11701.0
prev-3.0	kosdaq	2026-03-04	003550	carried_past_day	563.9	98000.0	5.0	4946.0	32446.0
prev-3.0	kosdaq	2026-03-09	003550	sold_same_day_anyway	540.0	88400.0	5.0	1000.0	1000.0
prev-3.0	kosdaq	2026-03-31	017670	carried_past_day	576.5	76100.0	6.0	-15382.0	-2782.0
prev-3.0	kosdaq	2026-03-31	030200	carried_past_day	576.5	59700.0	8.0	-17827.0	-6627.0
prev-3.0	kosdaq	2026-03-31	323410	carried_past_day	576.5	23850.0	20.0	-21026.0	-3026.0
prev-3.0	kosdaq	2026-04-02	017670	carried_past_day	635.9	77900.0	6.0	-6405.0	-405.0
prev-3.0	kosdaq	2026-04-02	030200	carried_past_day	635.9	60900.0	8.0	9353.0	10953.0
prev-3.0	kosdaq	2026-04-02	323410	carried_past_day	635.9	24100.0	20.0	1964.0	12964.0
prev-3.0	kosdaq	2026-05-12	003490	carried_past_day	632.4	25050.0	19.0	4677.0	2777.0
prev-3.0	kosdaq	2026-05-15	003490	carried_past_day	665.6	26100.0	18.0	5290.0	-110.0
prev-3.0	kosdaq	2026-05-18	003490	carried_past_day	570.5	25050.0	18.0	-12669.0	-9969.0
prev-3.0	kosdaq	2026-05-18	017670	carried_past_day	570.5	99600.0	5.0	1929.0	-5571.0
prev-3.0	kosdaq	2026-05-19	003490	carried_past_day	631.8	25450.0	18.0	-4585.0	-7285.0
prev-3.0	kosdaq	2026-05-19	017670	carried_past_day	631.8	96200.0	5.0	-18034.0	-8534.0
prev-3.0	kosdaq	2026-05-20	003490	carried_past_day	573.6	25000.0	18.0	-18068.0	2632.0
prev-3.0	kosdaq	2026-05-20	017670	carried_past_day	573.6	99800.0	5.0	-14573.0	7427.0
prev-3.0	kosdaq	2026-08-19	011200	buy_blocked				-24102.965	
prev-3.0	kosdaq	2026-08-21	011200	carried_past_day	567.9	20900.0	23.0	-14834.0	-17134.0
prev-3.0	kosdaq	2026-08-31	000100	carried_past_day	570.2	82400.0	5.0	-3886.0	-7386.0
prev-3.0	kosdaq	2026-08-31	011200	carried_past_day	570.2	21400.0	23.0	-6808.0	-2208.0
prev-3.0	kosdaq	2026-09-02	000100	carried_past_day	559.2	82900.0	5.0	4109.0	7109.0
prev-3.0	kosdaq	2026-09-02	021240	carried_past_day	559.2	99000.0	5.0	436.0	436.0
prev-3.0	kosdaq	2026-09-02	326030	carried_past_day	559.2	88500.0	5.0	8549.0	10049.0
prev-4.0	kosdaq	2025-11-05	003550	carried_past_day	575.5	79300.0	6.0	-13623.0	-3423.0
prev-4.0	kosdaq	2025-11-05	005930	carried_past_day	575.5	99900.0	5.0	-20074.0	-4574.0
prev-4.0	kosdaq	2025-11-05	047810	carried_past_day	575.5	101900.0	5.0	1405.0	8405.0
prev-4.0	kosdaq	2025-11-05	055550	carried_past_day	575.5	75600.0	6.0	-4575.0	825.0
prev-4.0	kosdaq	2025-11-05	161390	carried_past_day	575.5	44700.0	11.0	-15907.0	-10957.0
prev-4.0	kosdaq	2025-11-05	241560	carried_past_day	575.5	59100.0	8.0	-17817.0	-7417.0
prev-4.0	kosdaq	2026-01-21	003490	carried_past_day	694.9	23750.0	20.0	-13021.0	-7021.0
prev-4.0	kosdaq	2026-01-21	003550	carried_past_day	694.9	87200.0	5.0	-7437.0	-4437.0
prev-4.0	kosdaq	2026-01-21	005940	carried_past_day	694.9	22350.0	22.0	-12057.0	-4357.0
prev-4.0	kosdaq	2026-01-21	016360	carried_past_day	694.9	80700.0	6.0	-14241.0	-6441.0
prev-4.0	kosdaq	2026-01-21	030200	carried_past_day	694.9	55600.0	9.0	5224.0	1624.0
prev-4.0	kosdaq	2026-01-21	055550	carried_past_day	694.9	80600.0	6.0	-7640.0	-4640.0
prev-4.0	kosdaq	2026-01-21	078930	carried_past_day	694.9	59800.0	8.0	-9029.0	-9829.0
prev-4.0	kosdaq	2026-01-21	086790	carried_past_day	694.9	98800.0	5.0	-3062.0	-6062.0
prev-4.0	kosdaq	2026-01-21	241560	carried_past_day	694.9	58900.0	8.0	-8213.0	-6613.0
prev-4.0	kosdaq	2026-02-06	024110	carried_past_day	549.0	22300.0	22.0	-21955.0	-16455.0
prev-4.0	kosdaq	2026-02-06	029780	carried_past_day	549.0	57400.0	8.0	-17787.0	-12987.0
prev-4.0	kosdaq	2026-02-06	030200	carried_past_day	549.0	54600.0	9.0	-25357.0	-16357.0
prev-4.0	kosdaq	2026-02-06	032640	carried_past_day	549.0	15550.0	32.0	-7150.0	210.0
prev-4.0	kosdaq	2026-02-06	078930	carried_past_day	549.0	66100.0	7.0	-27595.0	-12195.0
prev-4.0	kosdaq	2026-03-04	003550	carried_past_day	569.0	96800.0	5.0	-1041.0	26459.0
prev-4.0	kosdaq	2026-03-09	003550	sold_same_day_anyway	540.0	88400.0	5.0	1000.0	1000.0
prev-4.0	kosdaq	2026-03-31	017670	carried_past_day	813.9	76500.0	6.0	-12987.0	-387.0
prev-4.0	kosdaq	2026-03-31	030200	carried_past_day	813.9	59900.0	8.0	-16230.0	-5030.0
prev-4.0	kosdaq	2026-03-31	323410	carried_past_day	813.9	24000.0	20.0	-18032.0	-32.0
prev-4.0	kosdaq	2026-04-02	017670	carried_past_day	694.7	76800.0	6.0	-12991.0	-6991.0
prev-4.0	kosdaq	2026-04-02	030200	carried_past_day	694.7	60000.0	8.0	2168.0	3768.0
prev-4.0	kosdaq	2026-04-02	323410	carried_past_day	694.7	23600.0	20.0	-8015.0	2985.0
prev-4.0	kosdaq	2026-05-12	003490	carried_past_day	635.6	24750.0	19.0	-1011.0	-2911.0
prev-4.0	kosdaq	2026-05-15	003490	carried_past_day	816.0	26250.0	18.0	7984.0	2584.0
prev-4.0	kosdaq	2026-05-18	003490	carried_past_day	574.9	25050.0	18.0	-12669.0	-9969.0
prev-4.0	kosdaq	2026-05-18	017670	carried_past_day	574.9	100100.0	5.0	4424.0	-3076.0
prev-4.0	kosdaq	2026-05-19	003490	carried_past_day	667.9	25300.0	18.0	-7279.0	-9979.0
prev-4.0	kosdaq	2026-05-19	017670	carried_past_day	667.9	96250.0	5.0	-17785.0	-8285.0
prev-4.0	kosdaq	2026-05-20	003490	carried_past_day	578.7	24900.0	18.0	-19864.0	836.0
prev-4.0	kosdaq	2026-05-20	017670	carried_past_day	578.7	99600.0	5.0	-15571.0	6429.0
prev-4.0	kosdaq	2026-08-21	011200	carried_past_day	575.8	20950.0	23.0	-13686.0	-15986.0
prev-5.0	kosdaq	2025-11-05	003550	carried_past_day	629.0	78500.0	6.0	-18413.0	-8213.0
prev-5.0	kosdaq	2025-11-05	005930	carried_past_day	629.0	97800.0	5.0	-30551.0	-15051.0
prev-5.0	kosdaq	2025-11-05	047810	carried_past_day	629.0	99400.0	5.0	-11069.0	-4069.0
prev-5.0	kosdaq	2025-11-05	055550	carried_past_day	629.0	75200.0	6.0	-6970.0	-1570.0
prev-5.0	kosdaq	2025-11-05	161390	carried_past_day	629.0	44800.0	11.0	-14810.0	-9860.0
prev-5.0	kosdaq	2025-11-05	241560	carried_past_day	629.0	58900.0	8.0	-19413.0	-9013.0
prev-5.0	kosdaq	2026-02-06	024110	carried_past_day	556.7	22200.0	22.0	-24150.0	-18650.0
prev-5.0	kosdaq	2026-02-06	029780	carried_past_day	556.7	56700.0	8.0	-23375.0	-18575.0
prev-5.0	kosdaq	2026-02-06	030200	carried_past_day	556.7	54800.0	9.0	-23560.0	-14560.0
prev-5.0	kosdaq	2026-02-06	032640	carried_past_day	556.7	15680.0	32.0	-2999.0	4361.0
prev-5.0	kosdaq	2026-02-06	078930	carried_past_day	556.7	65900.0	7.0	-28992.0	-13592.0
prev-5.0	kosdaq	2026-03-04	003550	carried_past_day	574.2	96200.0	5.0	-4034.0	23466.0
prev-5.0	kosdaq	2026-03-09	003550	sold_same_day_anyway	540.0	88400.0	5.0	1000.0	1000.0
prev-5.0	kosdaq	2026-04-02	017670	carried_past_day	759.5	77100.0	6.0	-11195.0	-5195.0
prev-5.0	kosdaq	2026-04-02	030200	carried_past_day	759.5	60100.0	8.0	2966.0	4566.0
prev-5.0	kosdaq	2026-04-02	323410	carried_past_day	759.5	23650.0	20.0	-7017.0	3983.0
prev-5.0	kosdaq	2026-05-12	003490	carried_past_day	638.8	24700.0	19.0	-1959.0	-3859.0
prev-5.0	kosdaq	2026-05-15	003490	carried_past_day	869.0	26150.0	18.0	6188.0	788.0
prev-5.0	kosdaq	2026-05-18	003490	carried_past_day	579.3	25000.0	18.0	-13568.0	-10868.0
prev-5.0	kosdaq	2026-05-18	017670	carried_past_day	579.3	100000.0	5.0	3925.0	-3575.0
prev-5.0	kosdaq	2026-08-21	011200	carried_past_day	632.4	21050.0	23.0	-11391.0	-13691.0
high-1.5	kosdaq	2025-09-24	004020	carried_past_day	629.2	36100.0	13.0	-1659.0	-3609.0
high-1.5	kosdaq	2025-09-24	016360	carried_past_day	629.2	72400.0	6.0	-3934.0	-3934.0
high-1.5	kosdaq	2025-09-24	035720	carried_past_day	629.2	63500.0	7.0	7444.0	3944.0
high-1.5	kosdaq	2025-09-24	251270	carried_past_day	629.2	66000.0	7.0	7407.0	4607.0
high-1.5	kosdaq	2025-09-24	316140	carried_past_day	629.2	26450.0	18.0	-1024.0	-4624.0
high-1.5	kosdaq	2025-09-26	066570	carried_past_day	744.2	76500.0	6.0	-3987.0	213.0
high-1.5	kosdaq	2025-09-26	251270	carried_past_day	744.2	62800.0	7.0	-4445.0	3255.0
high-1.5	kosdaq	2025-09-26	316140	carried_past_day	744.2	26100.0	18.0	-10010.0	-2810.0
high-1.5	kosdaq	2025-10-14	010140	carried_past_day	571.5	22200.0	22.0	18750.0	20950.0
high-1.5	kosdaq	2025-10-14	032640	carried_past_day	571.5	14760.0	32.0	-2615.0	-695.0
high-1.5	kosdaq	2025-10-14	034220	carried_past_day	571.5	14660.0	35.0	13597.0	20947.0
high-1.5	kosdaq	2025-10-14	055550	carried_past_day	571.5	70000.0	7.0	3846.0	10146.0
high-1.5	kosdaq	2025-10-21	055550	carried_past_day	816.0	74200.0	6.0	2643.0	843.0
high-1.5	kosdaq	2025-10-30	009830	carried_past_day	628.5	28392.0	17.0	-2636.0	-2636.0
high-1.5	kosdaq	2025-10-30	016360	carried_past_day	628.5	78000.0	6.0	794.0	1394.0
high-1.5	kosdaq	2025-10-30	032640	carried_past_day	628.5	14890.0	32.0	-3264.0	896.0
high-1.5	kosdaq	2025-10-30	055550	carried_past_day	628.5	73800.0	6.0	1448.0	2048.0
high-1.5	kosdaq	2025-10-30	066570	carried_past_day	628.5	87800.0	5.0	4056.0	56.0
high-1.5	kosdaq	2025-11-05	003550	carried_past_day	567.2	79200.0	6.0	-14222.0	-4022.0
high-1.5	kosdaq	2025-11-05	005930	carried_past_day	567.2	99350.0	5.0	-22818.0	-7318.0
high-1.5	kosdaq	2025-11-05	047810	carried_past_day	567.2	101100.0	5.0	-2587.0	4413.0
high-1.5	kosdaq	2025-11-05	055550	carried_past_day	567.2	75500.0	6.0	-5174.0	226.0
high-1.5	kosdaq	2025-11-05	161390	carried_past_day	567.2	44700.0	11.0	-15907.0	-10957.0
high-1.5	kosdaq	2025-11-05	241560	carried_past_day	567.2	58600.0	8.0	-21808.0	-11408.0
high-1.5	kosdaq	2025-11-06	005930	carried_past_day	572.9	100350.0	5.0	18671.0	4671.0
high-1.5	kosdaq	2025-11-06	005940	carried_past_day	572.9	20350.0	24.0	-10650.0	-7050.0
high-1.5	kosdaq	2025-11-06	047810	carried_past_day	572.9	98600.0	5.0	6940.0	-1560.0
high-1.5	kosdaq	2025-11-06	055550	sold_same_day_anyway	572.9	78600.0	6.0	-2400.0	-2400.0
high-1.5	kosdaq	2025-11-06	161390	sold_same_day_anyway	572.9	45650.0	11.0	-15950.0	-15950.0
high-1.5	kosdaq	2025-11-06	316140	carried_past_day	572.9	26350.0	18.0	-10920.0	-5520.0
high-1.5	kosdaq	2025-11-07	005930	carried_past_day	636.2	98000.0	5.0	-4054.0	-554.0
high-1.5	kosdaq	2025-11-07	005940	carried_past_day	636.2	20150.0	24.0	-8240.0	4240.0
high-1.5	kosdaq	2025-11-07	010950	carried_past_day	636.2	74800.0	6.0	-6365.0	1435.0
high-1.5	kosdaq	2025-11-07	047810	carried_past_day	636.2	98400.0	5.0	-558.0	5942.0
high-1.5	kosdaq	2025-11-07	055550	carried_past_day	636.2	78500.0	6.0	-10013.0	5587.0
high-1.5	kosdaq	2025-11-07	066570	carried_past_day	636.2	87800.0	5.0	-6944.0	-3444.0
high-1.5	kosdaq	2025-11-07	086790	carried_past_day	636.2	93200.0	5.0	-12502.0	4998.0
high-1.5	kosdaq	2025-11-07	161390	sold_same_day_anyway	636.2	45700.0	10.0	-19500.0	-19500.0
high-1.5	kosdaq	2025-11-07	316140	carried_past_day	636.2	25900.0	18.0	-7302.0	2598.0
high-1.5	kosdaq	2025-11-11	005940	carried_past_day	698.6	21650.0	23.0	-4521.0	5829.0
high-1.5	kosdaq	2025-11-11	024110	carried_past_day	698.6	20050.0	24.0	-4635.0	-2235.0
high-1.5	kosdaq	2025-11-11	032640	carried_past_day	698.6	15850.0	31.0	3904.0	4214.0
high-1.5	kosdaq	2025-11-11	055550	carried_past_day	698.6	78200.0	6.0	791.0	191.0
high-1.5	kosdaq	2025-11-11	066570	carried_past_day	698.6	90900.0	5.0	-18977.0	523.0
high-1.5	kosdaq	2025-11-11	316140	carried_past_day	698.6	26000.0	18.0	-2806.0	-1906.0
high-1.5	kosdaq	2025-11-18	003550	carried_past_day	575.6	82300.0	5.0	115.0	7115.0
high-1.5	kosdaq	2025-11-18	016360	carried_past_day	575.6	79400.0	6.0	1976.0	8576.0
high-1.5	kosdaq	2025-11-18	024110	carried_past_day	575.6	20200.0	24.0	-2242.0	2558.0
high-1.5	kosdaq	2025-11-18	032640	carried_past_day	575.6	15490.0	31.0	5788.0	10438.0
high-1.5	kosdaq	2025-11-18	055550	carried_past_day	575.6	77500.0	6.0	800.0	5600.0
high-1.5	kosdaq	2025-11-18	066570	carried_past_day	575.6	90100.0	5.0	7031.0	11531.0
high-1.5	kosdaq	2025-11-18	086790	carried_past_day	575.6	92000.0	5.0	-1489.0	4011.0
high-1.5	kosdaq	2025-11-18	316140	carried_past_day	575.6	26000.0	18.0	-1006.0	4394.0
high-1.5	kosdaq	2025-11-19	016360	carried_past_day	569.6	77100.0	6.0	-15395.0	-5195.0
high-1.5	kosdaq	2025-11-19	024110	carried_past_day	569.6	20150.0	24.0	-7040.0	-4640.0
high-1.5	kosdaq	2025-11-19	055550	carried_past_day	569.6	76650.0	6.0	-3689.0	-1289.0
high-1.5	kosdaq	2025-11-19	086790	carried_past_day	569.6	91600.0	5.0	-9985.0	-5985.0
high-1.5	kosdaq	2025-11-19	316140	carried_past_day	569.6	25950.0	18.0	-10904.0	-3704.0
high-1.5	kosdaq	2025-11-24	029780	carried_past_day	572.8	54200.0	9.0	7051.0	5251.0
high-1.5	kosdaq	2025-11-25	029780	carried_past_day	637.6	54100.0	9.0	-8247.0	-147.0
high-1.5	kosdaq	2025-11-25	032640	carried_past_day	637.6	15430.0	32.0	12698.0	6298.0
high-1.5	kosdaq	2025-12-01	016360	carried_past_day	874.6	79200.0	6.0	-3422.0	-1622.0
high-1.5	kosdaq	2025-12-01	024110	carried_past_day	874.6	20600.0	24.0	-4663.0	-3463.0
high-1.5	kosdaq	2025-12-01	029780	carried_past_day	874.6	54500.0	9.0	-6455.0	-2855.0
high-1.5	kosdaq	2025-12-05	016360	carried_past_day	576.5	81000.0	6.0	-5845.0	-5845.0
high-1.5	kosdaq	2025-12-05	024110	carried_past_day	576.5	21050.0	24.0	-2286.0	-1086.0
high-1.5	kosdaq	2025-12-05	029780	carried_past_day	576.5	54000.0	9.0	-1045.0	-2845.0
high-1.5	kosdaq	2025-12-05	047050	carried_past_day	576.5	54750.0	9.0	-5109.0	-2409.0
high-1.5	kosdaq	2025-12-05	055550	carried_past_day	576.5	79500.0	6.0	-4026.0	-5226.0
high-1.5	kosdaq	2025-12-05	088980	carried_past_day	576.5	11680.0	42.0	205.0	205.0
high-1.5	kosdaq	2025-12-05	138930	carried_past_day	576.5	15440.0	32.0	-10342.0	-9702.0
high-1.5	kosdaq	2025-12-05	161390	carried_past_day	576.5	61400.0	8.0	-9056.0	-12256.0
high-1.5	kosdaq	2025-12-16	001440	carried_past_day	577.6	24200.0	20.0	2959.0	8959.0
high-1.5	kosdaq	2025-12-16	003550	carried_past_day	577.6	83400.0	6.0	-13076.0	-8276.0
high-1.5	kosdaq	2025-12-16	010140	carried_past_day	577.6	25200.0	19.0	871.0	4671.0
high-1.5	kosdaq	2025-12-16	029780	carried_past_day	577.6	55300.0	9.0	-11870.0	-7370.0
high-1.5	kosdaq	2025-12-16	066570	carried_past_day	577.6	95300.0	5.0	5476.0	9976.0
high-1.5	kosdaq	2025-12-16	138930	sold_same_day_anyway	577.6	15440.0	32.0	3840.0	3840.0
high-1.5	kosdaq	2025-12-17	001440	carried_past_day	850.3	23300.0	20.0	17998.0	4998.0
high-1.5	kosdaq	2025-12-17	003550	carried_past_day	850.3	83600.0	6.0	5522.0	-2878.0
high-1.5	kosdaq	2025-12-17	010140	carried_past_day	850.3	24250.0	19.0	2809.0	-4791.0
high-1.5	kosdaq	2025-12-17	029780	carried_past_day	850.3	55300.0	9.0	-170.0	-1970.0
high-1.5	kosdaq	2025-12-17	030200	carried_past_day	850.3	53900.0	9.0	-143.0	-1043.0
high-1.5	kosdaq	2026-01-07	005940	carried_past_day	634.2	21500.0	23.0	5837.0	5837.0
high-1.5	kosdaq	2026-01-07	055550	carried_past_day	634.2	79000.0	6.0	-419.0	-1019.0
high-1.5	kosdaq	2026-01-07	086790	carried_past_day	634.2	93900.0	5.0	1991.0	991.0
high-1.5	kosdaq	2026-01-12	055550	carried_past_day	874.2	77900.0	6.0	-2205.0	-2805.0
high-1.5	kosdaq	2026-01-12	078930	carried_past_day	874.2	58100.0	8.0	-4199.0	-1799.0
high-1.5	kosdaq	2026-01-20	005940	carried_past_day	573.3	22600.0	22.0	3331.0	-7669.0
high-1.5	kosdaq	2026-01-20	016360	carried_past_day	573.3	82800.0	6.0	9732.0	-1068.0
high-1.5	kosdaq	2026-01-20	055550	carried_past_day	573.3	81500.0	6.0	-5851.0	-3451.0
high-1.5	kosdaq	2026-01-20	078930	carried_past_day	573.3	60100.0	8.0	-234.0	-6634.0
high-1.5	kosdaq	2026-01-20	086790	carried_past_day	573.3	98650.0	5.0	-7810.0	-9310.0
high-1.5	kosdaq	2026-01-20	241560	carried_past_day	573.3	60600.0	8.0	7758.0	-3442.0
high-1.5	kosdaq	2026-01-21	003490	carried_past_day	578.0	24150.0	20.0	-5038.0	962.0
high-1.5	kosdaq	2026-01-21	003550	carried_past_day	578.0	87800.0	5.0	-4444.0	-1444.0
high-1.5	kosdaq	2026-01-21	005940	carried_past_day	578.0	22500.0	22.0	-8764.0	-1064.0
high-1.5	kosdaq	2026-01-21	016360	carried_past_day	578.0	81200.0	6.0	-11247.0	-3447.0
high-1.5	kosdaq	2026-01-21	030200	carried_past_day	578.0	55200.0	9.0	1632.0	-1968.0
high-1.5	kosdaq	2026-01-21	055550	carried_past_day	578.0	80600.0	6.0	-7640.0	-4640.0
high-1.5	kosdaq	2026-01-21	078930	carried_past_day	578.0	59800.0	8.0	-9029.0	-9829.0
high-1.5	kosdaq	2026-01-21	086790	carried_past_day	578.0	98100.0	5.0	-6555.0	-9555.0
high-1.5	kosdaq	2026-01-21	241560	carried_past_day	578.0	59500.0	8.0	-3423.0	-1823.0
high-1.5	kosdaq	2026-01-29	003550	sold_same_day_anyway	565.9	89200.0	5.0	-19000.0	-19000.0
high-1.5	kosdaq	2026-01-29	024110	carried_past_day	565.9	21450.0	22.0	-10915.0	-13115.0
high-1.5	kosdaq	2026-01-29	030200	carried_past_day	565.9	55400.0	9.0	-5572.0	-7372.0
high-1.5	kosdaq	2026-01-29	055550	carried_past_day	565.9	84100.0	5.0	-4404.0	-5904.0
high-1.5	kosdaq	2026-01-29	316140	carried_past_day	565.9	29750.0	16.0	-9023.0	-13023.0
high-1.5	kosdaq	2026-01-30	003550	carried_past_day	637.8	91000.0	5.0	-978.0	-4478.0
high-1.5	kosdaq	2026-01-30	024110	carried_past_day	637.8	22100.0	22.0	-3245.0	-2145.0
high-1.5	kosdaq	2026-01-30	030200	carried_past_day	637.8	56800.0	9.0	-5599.0	-1999.0
high-1.5	kosdaq	2026-01-30	055550	carried_past_day	637.8	85200.0	5.0	84.0	3584.0
high-1.5	kosdaq	2026-01-30	316140	carried_past_day	637.8	30450.0	16.0	553.0	2153.0
high-1.5	kosdaq	2026-01-30	323410	carried_past_day	637.8	23300.0	21.0	6298.0	7348.0
high-1.5	kosdaq	2026-02-04	003550	carried_past_day	755.4	93200.0	5.0	-2502.0	-2502.0
high-1.5	kosdaq	2026-02-04	030200	carried_past_day	755.4	57000.0	9.0	5197.0	-2903.0
high-1.5	kosdaq	2026-02-04	032640	carried_past_day	755.4	16190.0	31.0	-769.0	-2319.0
high-1.5	kosdaq	2026-02-05	030200	carried_past_day	680.4	56200.0	9.0	7913.0	-187.0
high-1.5	kosdaq	2026-02-05	241560	carried_past_day	680.4	62400.0	7.0	-14239.0	3961.0
high-1.5	kosdaq	2026-02-06	024110	carried_past_day	551.2	22550.0	22.0	-16467.0	-10967.0
high-1.5	kosdaq	2026-02-06	029780	carried_past_day	551.2	57500.0	8.0	-16989.0	-12189.0
high-1.5	kosdaq	2026-02-06	030200	carried_past_day	551.2	54900.0	9.0	-22662.0	-13662.0
high-1.5	kosdaq	2026-02-06	032640	carried_past_day	551.2	15580.0	32.0	-6192.0	1168.0
high-1.5	kosdaq	2026-02-06	078930	carried_past_day	551.2	67000.0	7.0	-21308.0	-5908.0
high-1.5	kosdaq	2026-02-10	003550	carried_past_day	577.7	91700.0	5.0	-11986.0	-6986.0
high-1.5	kosdaq	2026-02-13	003550	carried_past_day	579.5	94200.0	5.0	-20013.0	-8513.0
high-1.5	kosdaq	2026-02-13	011200	carried_past_day	579.5	21150.0	23.0	-35546.0	-7946.0
high-1.5	kosdaq	2026-02-13	175330	sold_same_day_anyway	579.5	34700.0	19.0	180500.0	180500.0
high-1.5	kosdaq	2026-02-23	003490	sold_same_day_anyway	579.0	25600.0	20.0	-11000.0	-11000.0
high-1.5	kosdaq	2026-02-23	064400	carried_past_day	579.0	72100.0	6.0	4470.0	2670.0
high-1.5	kosdaq	2026-03-03	010140	carried_past_day	683.7	28750.0	17.0	38049.0	11699.0
high-1.5	kosdaq	2026-03-03	029780	carried_past_day	683.7	62100.0	8.0	-4268.0	532.0
high-1.5	kosdaq	2026-03-03	030200	carried_past_day	683.7	64000.0	7.0	18637.0	6037.0
high-1.5	kosdaq	2026-03-03	032640	carried_past_day	683.7	16100.0	29.0	-2744.0	-1294.0
high-1.5	kosdaq	2026-03-03	064400	carried_past_day	683.7	70000.0	6.0	29097.0	13497.0
high-1.5	kosdaq	2026-03-04	003550	carried_past_day	567.6	97600.0	5.0	2951.0	30451.0
high-1.5	kosdaq	2026-03-05	003550	carried_past_day	632.1	96100.0	5.0	11467.0	-4533.0
high-1.5	kosdaq	2026-03-06	003550	carried_past_day	595.6	94300.0	5.0	28486.0	486.0
high-1.5	kosdaq	2026-03-31	017670	carried_past_day	570.8	76200.0	6.0	-14783.0	-2183.0
high-1.5	kosdaq	2026-03-31	030200	carried_past_day	570.8	60000.0	8.0	-15432.0	-4232.0
high-1.5	kosdaq	2026-03-31	323410	carried_past_day	570.8	23850.0	20.0	-21026.0	-3026.0
high-1.5	kosdaq	2026-04-02	017670	carried_past_day	577.9	78900.0	6.0	-418.0	5582.0
high-1.5	kosdaq	2026-04-02	030200	carried_past_day	577.9	61800.0	8.0	16537.0	18137.0
high-1.5	kosdaq	2026-04-02	323410	carried_past_day	577.9	24750.0	20.0	14936.0	25936.0
high-1.5	kosdaq	2026-04-03	017670	carried_past_day	576.0	80100.0	6.0	-2233.0	-5833.0
high-1.5	kosdaq	2026-04-03	030200	carried_past_day	576.0	60300.0	8.0	3763.0	5363.0
high-1.5	kosdaq	2026-04-07	030200	carried_past_day	579.2	59800.0	8.0	-11429.0	4571.0
high-1.5	kosdaq	2026-04-23	005940	carried_past_day	579.4	35750.0	14.0	324.0	10124.0
high-1.5	kosdaq	2026-04-23	030200	carried_past_day	579.4	62000.0	8.0	-1066.0	-1066.0
high-1.5	kosdaq	2026-04-23	032640	carried_past_day	579.4	16650.0	29.0	-3068.0	-3648.0
high-1.5	kosdaq	2026-04-23	055550	carried_past_day	579.4	97900.0	5.0	-11552.0	-11052.0
high-1.5	kosdaq	2026-04-28	005940	carried_past_day	579.1	35250.0	14.0	2439.0	1739.0
high-1.5	kosdaq	2026-04-28	055550	carried_past_day	579.1	99700.0	5.0	-2572.0	-2072.0
high-1.5	kosdaq	2026-04-30	055550	carried_past_day	610.3	100100.0	5.0	-6076.0	-76.0
high-1.5	kosdaq	2026-04-30	241560	carried_past_day	610.3	74100.0	6.0	-356.0	11644.0
high-1.5	kosdaq	2026-05-06	078930	carried_past_day	575.3	76800.0	6.0	-2191.0	-1591.0
high-1.5	kosdaq	2026-05-06	241560	carried_past_day	575.3	73400.0	6.0	-17747.0	3853.0
high-1.5	kosdaq	2026-05-07	005940	sold_same_day_anyway	578.1	36700.0	12.0	-52300.0	-52300.0
high-1.5	kosdaq	2026-05-07	047050	carried_past_day	578.1	81500.0	6.0	-2851.0	3749.0
high-1.5	kosdaq	2026-05-07	078930	carried_past_day	578.1	77000.0	6.0	-12393.0	-10593.0
high-1.5	kosdaq	2026-05-08	005940	carried_past_day	690.2	36650.0	13.0	-11424.0	-374.0
high-1.5	kosdaq	2026-05-08	078930	carried_past_day	690.2	77300.0	6.0	-8797.0	-13597.0
high-1.5	kosdaq	2026-05-11	003490	carried_past_day	576.3	26000.0	19.0	5588.0	3688.0
high-1.5	kosdaq	2026-05-11	005940	carried_past_day	576.3	37100.0	13.0	2863.0	12613.0
high-1.5	kosdaq	2026-05-11	064400	carried_past_day	576.3	69600.0	7.0	-17147.0	-7347.0
high-1.5	kosdaq	2026-05-12	003490	carried_past_day	622.9	25100.0	19.0	5625.0	3725.0
high-1.5	kosdaq	2026-05-12	005940	sold_same_day_anyway	622.9	34800.0	13.0	2600.0	2600.0
high-1.5	kosdaq	2026-05-13	003490	carried_past_day	575.5	24900.0	19.0	-26667.0	-17167.0
high-1.5	kosdaq	2026-05-14	003490	sold_same_day_anyway	576.1	26100.0	19.0	-20900.0	-20900.0
high-1.5	kosdaq	2026-05-15	003490	carried_past_day	576.1	26800.0	18.0	17863.0	12463.0
high-1.5	kosdaq	2026-05-18	003490	carried_past_day	566.6	25050.0	18.0	-12669.0	-9969.0
high-1.5	kosdaq	2026-05-18	017670	carried_past_day	566.6	99900.0	5.0	3426.0	-4074.0
high-1.5	kosdaq	2026-05-19	003490	carried_past_day	570.2	26350.0	18.0	11580.0	8880.0
high-1.5	kosdaq	2026-05-19	017670	carried_past_day	570.2	97700.0	5.0	-10550.0	-1050.0
high-1.5	kosdaq	2026-05-20	003490	carried_past_day	567.6	24950.0	18.0	-18966.0	1734.0
high-1.5	kosdaq	2026-05-20	017670	carried_past_day	567.6	98900.0	5.0	-19063.0	2937.0
high-1.5	kosdaq	2026-08-12	011200	carried_past_day	557.1	21550.0	23.0	5834.0	3534.0
high-1.5	kosdaq	2026-08-14	011200	carried_past_day	570.2	21000.0	23.0	-7938.0	-6788.0
high-1.5	kosdaq	2026-08-19	011200	carried_past_day	671.5	21300.0	23.0	-9103.0	-10253.0
high-1.5	kosdaq	2026-08-20	011200	carried_past_day	576.5	21300.0	23.0	1247.0	1247.0
high-1.5	kosdaq	2026-08-21	011200	carried_past_day	571.7	20975.0	23.0	-13112.0	-15412.0
high-1.5	kosdaq	2026-08-26	011200	carried_past_day	575.3	21700.0	23.0	3527.0	6977.0
high-1.5	kosdaq	2026-08-31	000100	carried_past_day	574.9	82500.0	5.0	-3387.0	-6887.0
high-1.5	kosdaq	2026-08-31	011200	carried_past_day	574.9	21400.0	23.0	-6808.0	-2208.0
high-1.5	kosdaq	2026-09-01	000100	carried_past_day	578.1	82600.0	5.0	-1388.0	-1388.0
high-1.5	kosdaq	2026-09-01	021240	carried_past_day	578.1	98200.0	5.0	1444.0	944.0
high-1.5	kosdaq	2026-09-02	000100	carried_past_day	818.0	82000.0	5.0	-382.0	2618.0
high-1.5	kosdaq	2026-09-02	021240	carried_past_day	818.0	100000.0	5.0	5425.0	5425.0
high-1.5	kosdaq	2026-09-02	326030	carried_past_day	818.0	87200.0	5.0	2063.0	3563.0
high-1.5	kosdaq	2026-09-03	021240	carried_past_day	573.7	100300.0	5.0	5922.0	9422.0
high-1.5	kosdaq	2026-09-03	326030	carried_past_day	573.7	86900.0	5.0	-1434.0	1566.0
high-1.5	kosdaq	2026-09-15	003490	carried_past_day	840.7	29350.0	17.0	4027.0	-1073.0
high-2.0	kosdaq	2025-09-24	004020	carried_past_day	639.3	36150.0	13.0	-1010.0	-2960.0
high-2.0	kosdaq	2025-09-24	016360	carried_past_day	639.3	72400.0	6.0	-3934.0	-3934.0
high-2.0	kosdaq	2025-09-24	035720	carried_past_day	639.3	63300.0	7.0	6047.0	2547.0
high-2.0	kosdaq	2025-09-24	251270	carried_past_day	639.3	66000.0	7.0	7407.0	4607.0
high-2.0	kosdaq	2025-09-24	316140	carried_past_day	639.3	26450.0	18.0	-1024.0	-4624.0
high-2.0	kosdaq	2025-09-26	066570	carried_past_day	816.9	76100.0	6.0	-6382.0	-2182.0
high-2.0	kosdaq	2025-09-26	251270	carried_past_day	816.9	62500.0	7.0	-6541.0	1159.0
high-2.0	kosdaq	2025-09-26	316140	carried_past_day	816.9	26100.0	18.0	-10010.0	-2810.0
high-2.0	kosdaq	2025-10-14	010140	carried_past_day	575.3	22150.0	22.0	17652.0	19852.0
high-2.0	kosdaq	2025-10-14	032640	carried_past_day	575.3	14760.0	32.0	-2615.0	-695.0
high-2.0	kosdaq	2025-10-14	034220	carried_past_day	575.3	14660.0	35.0	13597.0	20947.0
high-2.0	kosdaq	2025-10-14	055550	carried_past_day	575.3	69800.0	7.0	2450.0	8750.0
high-2.0	kosdaq	2025-10-30	009830	carried_past_day	635.8	28486.0	17.0	-1041.0	-1041.0
high-2.0	kosdaq	2025-10-30	016360	carried_past_day	635.8	78300.0	6.0	2590.0	3190.0
high-2.0	kosdaq	2025-10-30	032640	carried_past_day	635.8	14910.0	32.0	-2626.0	1534.0
high-2.0	kosdaq	2025-10-30	055550	carried_past_day	635.8	73600.0	6.0	251.0	851.0
high-2.0	kosdaq	2025-10-30	066570	carried_past_day	635.8	87900.0	5.0	4555.0	555.0
high-2.0	kosdaq	2025-11-05	003550	carried_past_day	569.6	79100.0	6.0	-14820.0	-4620.0
high-2.0	kosdaq	2025-11-05	005930	carried_past_day	569.6	99100.0	5.0	-24065.0	-8565.0
high-2.0	kosdaq	2025-11-05	047810	carried_past_day	569.6	101100.0	5.0	-2587.0	4413.0
high-2.0	kosdaq	2025-11-05	055550	carried_past_day	569.6	75500.0	6.0	-5174.0	226.0
high-2.0	kosdaq	2025-11-05	161390	carried_past_day	569.6	44750.0	11.0	-15358.0	-10408.0
high-2.0	kosdaq	2025-11-05	241560	carried_past_day	569.6	58600.0	8.0	-21808.0	-11408.0
high-2.0	kosdaq	2025-11-06	005930	carried_past_day	577.3	100700.0	5.0	20417.0	6417.0
high-2.0	kosdaq	2025-11-06	005940	carried_past_day	577.3	20100.0	24.0	-16637.0	-13037.0
high-2.0	kosdaq	2025-11-06	047810	carried_past_day	577.3	99000.0	5.0	8936.0	436.0
high-2.0	kosdaq	2025-11-06	161390	sold_same_day_anyway	577.3	45800.0	11.0	-14300.0	-14300.0
high-2.0	kosdaq	2025-11-06	316140	carried_past_day	577.3	26500.0	18.0	-8226.0	-2826.0
high-2.0	kosdaq	2025-11-07	005930	carried_past_day	690.4	97200.0	5.0	-8045.0	-4545.0
high-2.0	kosdaq	2025-11-07	005940	carried_past_day	690.4	19980.0	24.0	-12311.0	169.0
high-2.0	kosdaq	2025-11-07	010950	carried_past_day	690.4	74400.0	6.0	-8760.0	-960.0
high-2.0	kosdaq	2025-11-07	047810	carried_past_day	690.4	96900.0	5.0	-8042.0	-1542.0
high-2.0	kosdaq	2025-11-07	055550	carried_past_day	690.4	77400.0	6.0	-16598.0	-998.0
high-2.0	kosdaq	2025-11-07	066570	carried_past_day	690.4	87900.0	5.0	-6445.0	-2945.0
high-2.0	kosdaq	2025-11-07	086790	carried_past_day	690.4	91700.0	5.0	-19986.0	-2486.0
high-2.0	kosdaq	2025-11-07	161390	sold_same_day_anyway	690.4	45050.0	10.0	-26000.0	-26000.0
high-2.0	kosdaq	2025-11-07	316140	carried_past_day	690.4	25650.0	18.0	-11793.0	-1893.0
high-2.0	kosdaq	2025-11-11	005940	carried_past_day	812.7	21450.0	23.0	-9111.0	1239.0
high-2.0	kosdaq	2025-11-11	024110	carried_past_day	812.7	20150.0	24.0	-2240.0	160.0
high-2.0	kosdaq	2025-11-11	032640	carried_past_day	812.7	15790.0	31.0	2048.0	2358.0
high-2.0	kosdaq	2025-11-11	055550	carried_past_day	812.7	78500.0	6.0	2587.0	1987.0
high-2.0	kosdaq	2025-11-11	066570	carried_past_day	812.7	90900.0	5.0	-18977.0	523.0
high-2.0	kosdaq	2025-11-11	316140	carried_past_day	812.7	26000.0	18.0	-2806.0	-1906.0
high-2.0	kosdaq	2025-11-18	003550	carried_past_day	752.7	81800.0	5.0	-2379.0	4621.0
high-2.0	kosdaq	2025-11-18	016360	carried_past_day	752.7	78500.0	6.0	-3413.0	3187.0
high-2.0	kosdaq	2025-11-18	024110	carried_past_day	752.7	20150.0	24.0	-3440.0	1360.0
high-2.0	kosdaq	2025-11-18	032640	carried_past_day	752.7	15150.0	31.0	-4730.0	-80.0
high-2.0	kosdaq	2025-11-18	055550	carried_past_day	752.7	76900.0	6.0	-2792.0	2008.0
high-2.0	kosdaq	2025-11-18	066570	carried_past_day	752.7	88500.0	5.0	-951.0	3549.0
high-2.0	kosdaq	2025-11-18	086790	carried_past_day	752.7	91700.0	5.0	-2986.0	2514.0
high-2.0	kosdaq	2025-11-18	316140	carried_past_day	752.7	25950.0	18.0	-1904.0	3496.0
high-2.0	kosdaq	2025-11-19	016360	carried_past_day	572.8	77000.0	6.0	-15993.0	-5793.0
high-2.0	kosdaq	2025-11-19	024110	carried_past_day	572.8	20150.0	24.0	-7040.0	-4640.0
high-2.0	kosdaq	2025-11-19	055550	carried_past_day	572.8	76600.0	6.0	-3988.0	-1588.0
high-2.0	kosdaq	2025-11-19	086790	carried_past_day	572.8	91700.0	5.0	-9486.0	-5486.0
high-2.0	kosdaq	2025-11-19	316140	carried_past_day	572.8	26100.0	18.0	-8210.0	-1010.0
high-2.0	kosdaq	2025-11-24	029780	carried_past_day	577.1	53900.0	9.0	4357.0	2557.0
high-2.0	kosdaq	2025-11-25	029780	carried_past_day	756.0	54100.0	9.0	-8247.0	-147.0
high-2.0	kosdaq	2025-11-25	032640	carried_past_day	756.0	15230.0	32.0	6312.0	-88.0
high-2.0	kosdaq	2025-12-16	001440	carried_past_day	691.5	24300.0	20.0	4955.0	10955.0
high-2.0	kosdaq	2025-12-16	003550	carried_past_day	691.5	85300.0	6.0	-1700.0	3100.0
high-2.0	kosdaq	2025-12-16	010140	carried_past_day	691.5	25050.0	19.0	-1973.0	1827.0
high-2.0	kosdaq	2025-12-16	029780	carried_past_day	691.5	55800.0	9.0	-7380.0	-2880.0
high-2.0	kosdaq	2025-12-16	066570	carried_past_day	691.5	93100.0	5.0	-5501.0	-1001.0
high-2.0	kosdaq	2025-12-16	138930	sold_same_day_anyway	691.5	15380.0	32.0	1920.0	1920.0
high-2.0	kosdaq	2026-01-07	005940	carried_past_day	817.2	21100.0	23.0	-3343.0	-3343.0
high-2.0	kosdaq	2026-01-07	055550	carried_past_day	817.2	78250.0	6.0	-4909.0	-5509.0
high-2.0	kosdaq	2026-01-07	086790	carried_past_day	817.2	93100.0	5.0	-2001.0	-3001.0
high-2.0	kosdaq	2026-01-20	005940	carried_past_day	577.8	22600.0	22.0	3331.0	-7669.0
high-2.0	kosdaq	2026-01-20	016360	carried_past_day	577.8	82900.0	6.0	10331.0	-469.0
high-2.0	kosdaq	2026-01-20	055550	carried_past_day	577.8	80800.0	6.0	-10042.0	-7642.0
high-2.0	kosdaq	2026-01-20	078930	carried_past_day	577.8	60200.0	8.0	565.0	-5835.0
high-2.0	kosdaq	2026-01-20	086790	carried_past_day	577.8	98400.0	5.0	-9058.0	-10558.0
high-2.0	kosdaq	2026-01-20	241560	carried_past_day	577.8	60800.0	8.0	9354.0	-1846.0
high-2.0	kosdaq	2026-01-21	003490	carried_past_day	687.8	23750.0	20.0	-13021.0	-7021.0
high-2.0	kosdaq	2026-01-21	003550	carried_past_day	687.8	87300.0	5.0	-6938.0	-3938.0
high-2.0	kosdaq	2026-01-21	005940	carried_past_day	687.8	22400.0	22.0	-10960.0	-3260.0
high-2.0	kosdaq	2026-01-21	016360	carried_past_day	687.8	80800.0	6.0	-13642.0	-5842.0
high-2.0	kosdaq	2026-01-21	030200	carried_past_day	687.8	55800.0	9.0	7020.0	3420.0
high-2.0	kosdaq	2026-01-21	055550	carried_past_day	687.8	80600.0	6.0	-7640.0	-4640.0
high-2.0	kosdaq	2026-01-21	078930	carried_past_day	687.8	59800.0	8.0	-9029.0	-9829.0
high-2.0	kosdaq	2026-01-21	086790	carried_past_day	687.8	99000.0	5.0	-2064.0	-5064.0
high-2.0	kosdaq	2026-01-21	241560	carried_past_day	687.8	59100.0	8.0	-6617.0	-5017.0
high-2.0	kosdaq	2026-01-29	003550	sold_same_day_anyway	567.9	88600.0	5.0	-22000.0	-22000.0
high-2.0	kosdaq	2026-01-29	024110	carried_past_day	567.9	21450.0	22.0	-10915.0	-13115.0
high-2.0	kosdaq	2026-01-29	030200	carried_past_day	567.9	55300.0	9.0	-6470.0	-8270.0
high-2.0	kosdaq	2026-01-29	055550	carried_past_day	567.9	83800.0	5.0	-5901.0	-7401.0
high-2.0	kosdaq	2026-01-29	316140	carried_past_day	567.9	29700.0	16.0	-9822.0	-13822.0
high-2.0	kosdaq	2026-01-30	003550	carried_past_day	689.4	90600.0	5.0	-2974.0	-6474.0
high-2.0	kosdaq	2026-01-30	024110	carried_past_day	689.4	22050.0	22.0	-4343.0	-3243.0
high-2.0	kosdaq	2026-01-30	030200	carried_past_day	689.4	56400.0	9.0	-9191.0	-5591.0
high-2.0	kosdaq	2026-01-30	055550	carried_past_day	689.4	84700.0	5.0	-2411.0	1089.0
high-2.0	kosdaq	2026-01-30	316140	carried_past_day	689.4	30300.0	16.0	-1842.0	-242.0
high-2.0	kosdaq	2026-01-30	323410	carried_past_day	689.4	23000.0	21.0	12.0	1062.0
high-2.0	kosdaq	2026-02-05	030200	carried_past_day	688.7	56200.0	9.0	7913.0	-187.0
high-2.0	kosdaq	2026-02-05	241560	carried_past_day	688.7	62800.0	7.0	-11445.0	6755.0
high-2.0	kosdaq	2026-02-06	024110	carried_past_day	555.0	22250.0	22.0	-23052.0	-17552.0
high-2.0	kosdaq	2026-02-06	029780	carried_past_day	555.0	56900.0	8.0	-21779.0	-16979.0
high-2.0	kosdaq	2026-02-06	030200	carried_past_day	555.0	54700.0	9.0	-24458.0	-15458.0
high-2.0	kosdaq	2026-02-06	032640	carried_past_day	555.0	15655.0	32.0	-3797.0	3563.0
high-2.0	kosdaq	2026-02-06	078930	carried_past_day	555.0	65900.0	7.0	-28992.0	-13592.0
high-2.0	kosdaq	2026-02-10	003550	carried_past_day	629.4	92500.0	5.0	-7994.0	-2994.0
high-2.0	kosdaq	2026-02-23	064400	carried_past_day	868.2	71100.0	6.0	-1517.0	-3317.0
high-2.0	kosdaq	2026-03-03	010140	carried_past_day	687.8	28750.0	17.0	38049.0	11699.0
high-2.0	kosdaq	2026-03-03	029780	carried_past_day	687.8	62400.0	8.0	-1873.0	2927.0
high-2.0	kosdaq	2026-03-03	030200	carried_past_day	687.8	64200.0	7.0	20034.0	7434.0
high-2.0	kosdaq	2026-03-03	032640	carried_past_day	687.8	16200.0	29.0	150.0	1600.0
high-2.0	kosdaq	2026-03-03	064400	carried_past_day	687.8	70400.0	6.0	31492.0	15892.0
high-2.0	kosdaq	2026-03-04	003550	carried_past_day	570.1	97000.0	5.0	-43.0	27457.0
high-2.0	kosdaq	2026-03-05	003550	carried_past_day	636.2	96100.0	5.0	11467.0	-4533.0
high-2.0	kosdaq	2026-03-06	003550	carried_past_day	600.0	94400.0	5.0	28985.0	985.0
high-2.0	kosdaq	2026-03-31	017670	carried_past_day	574.4	76200.0	6.0	-14783.0	-2183.0
high-2.0	kosdaq	2026-03-31	030200	carried_past_day	574.4	59700.0	8.0	-17827.0	-6627.0
high-2.0	kosdaq	2026-03-31	323410	carried_past_day	574.4	23800.0	20.0	-22023.0	-4023.0
high-2.0	kosdaq	2026-04-02	017670	carried_past_day	625.0	77900.0	6.0	-6405.0	-405.0
high-2.0	kosdaq	2026-04-02	030200	carried_past_day	625.0	61300.0	8.0	12546.0	14146.0
high-2.0	kosdaq	2026-04-02	323410	carried_past_day	625.0	24350.0	20.0	6953.0	17953.0
high-2.0	kosdaq	2026-04-03	017670	carried_past_day	684.3	80100.0	6.0	-2233.0	-5833.0
high-2.0	kosdaq	2026-04-03	030200	carried_past_day	684.3	59800.0	8.0	-229.0	1371.0
high-2.0	kosdaq	2026-04-07	030200	carried_past_day	630.8	59800.0	8.0	-11429.0	4571.0
high-2.0	kosdaq	2026-04-23	005940	carried_past_day	744.3	34500.0	14.0	-17138.0	-7338.0
high-2.0	kosdaq	2026-04-23	030200	carried_past_day	744.3	61700.0	8.0	-3461.0	-3461.0
high-2.0	kosdaq	2026-04-23	032640	carried_past_day	744.3	16660.0	29.0	-2779.0	-3359.0
high-2.0	kosdaq	2026-04-23	055550	carried_past_day	744.3	98300.0	5.0	-9557.0	-9057.0
high-2.0	kosdaq	2026-04-30	055550	carried_past_day	758.6	100000.0	5.0	-6575.0	-575.0
high-2.0	kosdaq	2026-04-30	241560	carried_past_day	758.6	73100.0	6.0	-6343.0	5657.0
high-2.0	kosdaq	2026-05-12	003490	carried_past_day	624.6	25050.0	19.0	4677.0	2777.0
high-2.0	kosdaq	2026-05-12	005940	sold_same_day_anyway	624.6	34650.0	13.0	650.0	650.0
high-2.0	kosdaq	2026-05-14	003490	sold_same_day_anyway	629.6	26300.0	19.0	-17100.0	-17100.0
high-2.0	kosdaq	2026-05-15	003490	carried_past_day	625.1	26450.0	18.0	11576.0	6176.0
high-2.0	kosdaq	2026-05-18	003490	carried_past_day	568.8	25050.0	18.0	-12669.0	-9969.0
high-2.0	kosdaq	2026-05-18	017670	carried_past_day	568.8	99200.0	5.0	-66.0	-7566.0
high-2.0	kosdaq	2026-05-19	003490	carried_past_day	573.5	26200.0	18.0	8886.0	6186.0
high-2.0	kosdaq	2026-05-19	017670	carried_past_day	573.5	97900.0	5.0	-9552.0	-52.0
high-2.0	kosdaq	2026-05-20	003490	carried_past_day	570.1	25050.0	18.0	-17169.0	3531.0
high-2.0	kosdaq	2026-05-20	017670	carried_past_day	570.1	99800.0	5.0	-14573.0	7427.0
high-2.0	kosdaq	2026-08-14	011200	carried_past_day	573.6	21100.0	23.0	-5643.0	-4493.0
high-2.0	kosdaq	2026-08-21	011200	carried_past_day	575.5	20950.0	23.0	-13686.0	-15986.0
high-2.0	kosdaq	2026-08-26	011200	carried_past_day	618.3	21550.0	23.0	84.0	3534.0
high-2.0	kosdaq	2026-08-31	000100	carried_past_day	579.9	82400.0	5.0	-3886.0	-7386.0
high-2.0	kosdaq	2026-08-31	011200	carried_past_day	579.9	21300.0	23.0	-9103.0	-4503.0
high-2.0	kosdaq	2026-09-01	000100	carried_past_day	695.0	82900.0	5.0	109.0	109.0
high-2.0	kosdaq	2026-09-01	021240	carried_past_day	695.0	98400.0	5.0	2442.0	1942.0
high-2.0	kosdaq	2026-09-03	021240	carried_past_day	578.3	100400.0	5.0	6421.0	9921.0
high-2.0	kosdaq	2026-09-03	326030	carried_past_day	578.3	87100.0	5.0	-436.0	2564.0
high-2.0	kosdaq	2026-09-15	003490	carried_past_day	856.4	29250.0	17.0	2331.0	-2769.0
high-2.5	kosdaq	2025-10-14	010140	carried_past_day	579.1	22250.0	22.0	19848.0	22048.0
high-2.5	kosdaq	2025-10-14	032640	carried_past_day	579.1	14770.0	32.0	-2296.0	-376.0
high-2.5	kosdaq	2025-10-14	034220	carried_past_day	579.1	14600.0	35.0	11501.0	18851.0
high-2.5	kosdaq	2025-10-14	055550	carried_past_day	579.1	69950.0	7.0	3497.0	9797.0
high-2.5	kosdaq	2025-11-05	003550	carried_past_day	572.0	79000.0	6.0	-15419.0	-5219.0
high-2.5	kosdaq	2025-11-05	005930	carried_past_day	572.0	99400.0	5.0	-22569.0	-7069.0
high-2.5	kosdaq	2025-11-05	047810	carried_past_day	572.0	101000.0	5.0	-3086.0	3914.0
high-2.5	kosdaq	2025-11-05	055550	carried_past_day	572.0	75500.0	6.0	-5174.0	226.0
high-2.5	kosdaq	2025-11-05	161390	carried_past_day	572.0	44750.0	11.0	-15358.0	-10408.0
high-2.5	kosdaq	2025-11-05	241560	carried_past_day	572.0	58500.0	8.0	-22606.0	-12206.0
high-2.5	kosdaq	2025-11-06	005930	carried_past_day	626.2	99200.0	5.0	12934.0	-1066.0
high-2.5	kosdaq	2025-11-06	005940	carried_past_day	626.2	20150.0	24.0	-15440.0	-11840.0
high-2.5	kosdaq	2025-11-06	047810	carried_past_day	626.2	98500.0	5.0	6441.0	-2059.0
high-2.5	kosdaq	2025-11-06	161390	sold_same_day_anyway	626.2	45700.0	11.0	-15400.0	-15400.0
high-2.5	kosdaq	2025-11-06	316140	carried_past_day	626.2	26300.0	18.0	-11818.0	-6418.0
high-2.5	kosdaq	2025-11-07	005930	carried_past_day	750.8	97400.0	5.0	-7047.0	-3547.0
high-2.5	kosdaq	2025-11-07	005940	carried_past_day	750.8	19930.0	24.0	-13508.0	-1028.0
high-2.5	kosdaq	2025-11-07	010950	carried_past_day	750.8	74000.0	6.0	-11155.0	-3355.0
high-2.5	kosdaq	2025-11-07	047810	carried_past_day	750.8	96600.0	5.0	-9538.0	-3038.0
high-2.5	kosdaq	2025-11-07	055550	carried_past_day	750.8	77200.0	6.0	-17796.0	-2196.0
high-2.5	kosdaq	2025-11-07	066570	carried_past_day	750.8	87900.0	5.0	-6445.0	-2945.0
high-2.5	kosdaq	2025-11-07	086790	carried_past_day	750.8	91900.0	5.0	-18988.0	-1488.0
high-2.5	kosdaq	2025-11-07	161390	sold_same_day_anyway	750.8	44800.0	10.0	-28500.0	-28500.0
high-2.5	kosdaq	2025-11-07	316140	carried_past_day	750.8	25550.0	18.0	-13589.0	-3689.0
high-2.5	kosdaq	2025-11-11	005940	carried_past_day	868.1	21200.0	23.0	-14848.0	-4498.0
high-2.5	kosdaq	2025-11-11	024110	carried_past_day	868.1	20100.0	24.0	-3437.0	-1037.0
high-2.5	kosdaq	2025-11-11	032640	carried_past_day	868.1	15690.0	31.0	-1046.0	-736.0
high-2.5	kosdaq	2025-11-11	055550	carried_past_day	868.1	77900.0	6.0	-1005.0	-1605.0
high-2.5	kosdaq	2025-11-11	066570	carried_past_day	868.1	89850.0	5.0	-24216.0	-4716.0
high-2.5	kosdaq	2025-11-11	316140	carried_past_day	868.1	25950.0	18.0	-3704.0	-2804.0
high-2.5	kosdaq	2025-11-18	003550	carried_past_day	806.6	81100.0	5.0	-5872.0	1128.0
high-2.5	kosdaq	2025-11-18	016360	carried_past_day	806.6	77900.0	6.0	-7005.0	-405.0
high-2.5	kosdaq	2025-11-18	024110	carried_past_day	806.6	20100.0	24.0	-4637.0	163.0
high-2.5	kosdaq	2025-11-18	032640	carried_past_day	806.6	15100.0	31.0	-6276.0	-1626.0
high-2.5	kosdaq	2025-11-18	055550	carried_past_day	806.6	76800.0	6.0	-3391.0	1409.0
high-2.5	kosdaq	2025-11-18	066570	carried_past_day	806.6	87600.0	5.0	-5442.0	-942.0
high-2.5	kosdaq	2025-11-18	086790	carried_past_day	806.6	91200.0	5.0	-5480.0	20.0
high-2.5	kosdaq	2025-11-18	316140	carried_past_day	806.6	25800.0	18.0	-4598.0	802.0
high-2.5	kosdaq	2025-11-19	016360	carried_past_day	576.0	77000.0	6.0	-15993.0	-5793.0
high-2.5	kosdaq	2025-11-19	024110	carried_past_day	576.0	20100.0	24.0	-8237.0	-5837.0
high-2.5	kosdaq	2025-11-19	055550	carried_past_day	576.0	76400.0	6.0	-5186.0	-2786.0
high-2.5	kosdaq	2025-11-19	086790	carried_past_day	576.0	91400.0	5.0	-10983.0	-6983.0
high-2.5	kosdaq	2025-11-19	316140	carried_past_day	576.0	25950.0	18.0	-10904.0	-3704.0
high-2.5	kosdaq	2025-11-24	029780	carried_past_day	819.1	53800.0	9.0	3459.0	1659.0
high-2.5	kosdaq	2026-01-21	003490	carried_past_day	693.9	23800.0	20.0	-12023.0	-6023.0
high-2.5	kosdaq	2026-01-21	003550	carried_past_day	693.9	87200.0	5.0	-7437.0	-4437.0
high-2.5	kosdaq	2026-01-21	005940	carried_past_day	693.9	22350.0	22.0	-12057.0	-4357.0
high-2.5	kosdaq	2026-01-21	016360	carried_past_day	693.9	80700.0	6.0	-14241.0	-6441.0
high-2.5	kosdaq	2026-01-21	030200	carried_past_day	693.9	55600.0	9.0	5224.0	1624.0
high-2.5	kosdaq	2026-01-21	055550	carried_past_day	693.9	80500.0	6.0	-8238.0	-5238.0
high-2.5	kosdaq	2026-01-21	078930	carried_past_day	693.9	59750.0	8.0	-9428.0	-10228.0
high-2.5	kosdaq	2026-01-21	086790	carried_past_day	693.9	98700.0	5.0	-3561.0	-6561.0
high-2.5	kosdaq	2026-01-21	241560	carried_past_day	693.9	58900.0	8.0	-8213.0	-6613.0
high-2.5	kosdaq	2026-01-29	003550	sold_same_day_anyway	569.9	88600.0	5.0	-22000.0	-22000.0
high-2.5	kosdaq	2026-01-29	024110	carried_past_day	569.9	21400.0	22.0	-12012.0	-14212.0
high-2.5	kosdaq	2026-01-29	030200	carried_past_day	569.9	55200.0	9.0	-7368.0	-9168.0
high-2.5	kosdaq	2026-01-29	055550	carried_past_day	569.9	83700.0	5.0	-6400.0	-7900.0
high-2.5	kosdaq	2026-01-29	316140	carried_past_day	569.9	29700.0	16.0	-9822.0	-13822.0
high-2.5	kosdaq	2026-01-30	003550	carried_past_day	695.1	90500.0	5.0	-3473.0	-6973.0
high-2.5	kosdaq	2026-01-30	024110	carried_past_day	695.1	22050.0	22.0	-4343.0	-3243.0
high-2.5	kosdaq	2026-01-30	030200	carried_past_day	695.1	56300.0	9.0	-10089.0	-6489.0
high-2.5	kosdaq	2026-01-30	055550	carried_past_day	695.1	84600.0	5.0	-2909.0	591.0
high-2.5	kosdaq	2026-01-30	316140	carried_past_day	695.1	30250.0	16.0	-2641.0	-1041.0
high-2.5	kosdaq	2026-01-30	323410	carried_past_day	695.1	22950.0	21.0	-1036.0	14.0
high-2.5	kosdaq	2026-02-05	030200	carried_past_day	697.0	56500.0	9.0	10607.0	2507.0
high-2.5	kosdaq	2026-02-05	241560	carried_past_day	697.0	62800.0	7.0	-11445.0	6755.0
high-2.5	kosdaq	2026-02-06	024110	carried_past_day	558.7	22100.0	22.0	-26345.0	-20845.0
high-2.5	kosdaq	2026-02-06	029780	carried_past_day	558.7	56500.0	8.0	-24972.0	-20172.0
high-2.5	kosdaq	2026-02-06	030200	carried_past_day	558.7	54500.0	9.0	-26255.0	-17255.0
high-2.5	kosdaq	2026-02-06	032640	carried_past_day	558.7	15550.0	32.0	-7150.0	210.0
high-2.5	kosdaq	2026-02-06	078930	carried_past_day	558.7	66100.0	7.0	-27595.0	-12195.0
high-2.5	kosdaq	2026-02-10	003550	carried_past_day	635.8	92000.0	5.0	-10489.0	-5489.0
high-2.5	kosdaq	2026-02-23	064400	carried_past_day	877.1	71200.0	6.0	-918.0	-2718.0
high-2.5	kosdaq	2026-03-03	010140	carried_past_day	691.9	28800.0	17.0	38897.0	12547.0
high-2.5	kosdaq	2026-03-03	029780	carried_past_day	691.9	62500.0	8.0	-1075.0	3725.0
high-2.5	kosdaq	2026-03-03	030200	carried_past_day	691.9	64400.0	7.0	21431.0	8831.0
high-2.5	kosdaq	2026-03-03	032640	carried_past_day	691.9	16255.0	29.0	1742.0	3192.0
high-2.5	kosdaq	2026-03-03	064400	carried_past_day	691.9	70600.0	6.0	32689.0	17089.0
high-2.5	kosdaq	2026-03-04	003550	carried_past_day	572.6	96100.0	5.0	-4533.0	22967.0
high-2.5	kosdaq	2026-03-06	003550	carried_past_day	623.0	93300.0	5.0	23497.0	-4503.0
high-2.5	kosdaq	2026-03-31	017670	carried_past_day	578.0	76100.0	6.0	-15382.0	-2782.0
high-2.5	kosdaq	2026-03-31	030200	carried_past_day	578.0	59600.0	8.0	-18625.0	-7425.0
high-2.5	kosdaq	2026-03-31	323410	carried_past_day	578.0	23850.0	20.0	-21026.0	-3026.0
high-2.5	kosdaq	2026-04-02	017670	carried_past_day	627.3	77700.0	6.0	-7602.0	-1602.0
high-2.5	kosdaq	2026-04-02	030200	carried_past_day	627.3	61200.0	8.0	11747.0	13347.0
high-2.5	kosdaq	2026-04-02	323410	carried_past_day	627.3	24250.0	20.0	4957.0	15957.0
high-2.5	kosdaq	2026-04-03	017670	carried_past_day	695.7	80000.0	6.0	-2832.0	-6432.0
high-2.5	kosdaq	2026-04-03	030200	carried_past_day	695.7	59800.0	8.0	-229.0	1371.0
high-2.5	kosdaq	2026-04-07	030200	carried_past_day	636.1	59700.0	8.0	-12227.0	3773.0
high-2.5	kosdaq	2026-04-23	005940	carried_past_day	751.3	34450.0	14.0	-17837.0	-8037.0
high-2.5	kosdaq	2026-04-23	030200	carried_past_day	751.3	61700.0	8.0	-3461.0	-3461.0
high-2.5	kosdaq	2026-04-23	032640	carried_past_day	751.3	16630.0	29.0	-3647.0	-4227.0
high-2.5	kosdaq	2026-04-23	055550	carried_past_day	751.3	98100.0	5.0	-10555.0	-10055.0
high-2.5	kosdaq	2026-04-30	055550	carried_past_day	812.7	99900.0	5.0	-7074.0	-1074.0
high-2.5	kosdaq	2026-04-30	241560	carried_past_day	812.7	72000.0	6.0	-12929.0	-929.0
high-2.5	kosdaq	2026-05-12	003490	carried_past_day	626.2	25150.0	19.0	6573.0	4673.0
high-2.5	kosdaq	2026-05-14	003490	sold_same_day_anyway	639.0	26400.0	19.0	-15200.0	-15200.0
high-2.5	kosdaq	2026-05-15	003490	carried_past_day	631.1	26250.0	18.0	7984.0	2584.0
high-2.5	kosdaq	2026-05-18	003490	carried_past_day	571.0	25050.0	18.0	-12669.0	-9969.0
high-2.5	kosdaq	2026-05-18	017670	carried_past_day	571.0	100300.0	5.0	5422.0	-2078.0
high-2.5	kosdaq	2026-05-19	003490	carried_past_day	576.9	26250.0	18.0	9784.0	7084.0
high-2.5	kosdaq	2026-05-19	017670	carried_past_day	576.9	97900.0	5.0	-9552.0	-52.0
high-2.5	kosdaq	2026-05-20	003490	carried_past_day	572.6	25000.0	18.0	-18068.0	2632.0
high-2.5	kosdaq	2026-05-20	017670	carried_past_day	572.6	99900.0	5.0	-14074.0	7926.0
high-2.5	kosdaq	2026-08-14	011200	carried_past_day	577.0	21100.0	23.0	-5643.0	-4493.0
high-2.5	kosdaq	2026-08-21	011200	carried_past_day	579.4	21000.0	23.0	-12538.0	-14838.0
high-2.5	kosdaq	2026-09-03	021240	carried_past_day	865.8	97000.0	5.0	-10543.0	-7043.0
high-2.5	kosdaq	2026-09-03	326030	carried_past_day	865.8	85300.0	5.0	-9417.0	-6417.0
high-3.0	kosdaq	2025-10-14	010140	carried_past_day	813.2	21150.0	22.0	-4300.0	-2100.0
high-3.0	kosdaq	2025-10-14	032640	carried_past_day	813.2	14790.0	32.0	-1658.0	262.0
high-3.0	kosdaq	2025-10-14	034220	carried_past_day	813.2	13980.0	35.0	-10152.0	-2802.0
high-3.0	kosdaq	2025-10-14	055550	carried_past_day	813.2	69000.0	7.0	-3138.0	3162.0
high-3.0	kosdaq	2025-11-05	003550	carried_past_day	574.4	79400.0	6.0	-13024.0	-2824.0
high-3.0	kosdaq	2025-11-05	005930	carried_past_day	574.4	100100.0	5.0	-19076.0	-3576.0
high-3.0	kosdaq	2025-11-05	047810	carried_past_day	574.4	102300.0	5.0	3400.0	10400.0
high-3.0	kosdaq	2025-11-05	055550	carried_past_day	574.4	75700.0	6.0	-3977.0	1423.0
high-3.0	kosdaq	2025-11-05	161390	carried_past_day	574.4	44900.0	11.0	-13712.0	-8762.0
high-3.0	kosdaq	2025-11-05	241560	carried_past_day	574.4	59100.0	8.0	-17817.0	-7417.0
high-3.0	kosdaq	2025-11-06	005930	carried_past_day	634.5	99800.0	5.0	15927.0	1927.0
high-3.0	kosdaq	2025-11-06	005940	carried_past_day	634.5	20150.0	24.0	-15440.0	-11840.0
high-3.0	kosdaq	2025-11-06	047810	carried_past_day	634.5	98800.0	5.0	7938.0	-562.0
high-3.0	kosdaq	2025-11-06	161390	sold_same_day_anyway	634.5	45700.0	11.0	-15400.0	-15400.0
high-3.0	kosdaq	2025-11-06	316140	carried_past_day	634.5	26350.0	18.0	-10920.0	-5520.0
high-3.0	kosdaq	2025-11-07	005930	carried_past_day	810.8	96900.0	5.0	-9542.0	-6042.0
high-3.0	kosdaq	2025-11-07	005940	carried_past_day	810.8	19860.0	24.0	-15185.0	-2705.0
high-3.0	kosdaq	2025-11-07	010950	carried_past_day	810.8	74000.0	6.0	-11155.0	-3355.0
high-3.0	kosdaq	2025-11-07	047810	carried_past_day	810.8	95400.0	5.0	-15526.0	-9026.0
high-3.0	kosdaq	2025-11-07	055550	carried_past_day	810.8	77300.0	6.0	-17197.0	-1597.0
high-3.0	kosdaq	2025-11-07	066570	carried_past_day	810.8	87900.0	5.0	-6445.0	-2945.0
high-3.0	kosdaq	2025-11-07	086790	carried_past_day	810.8	91150.0	5.0	-22730.0	-5230.0
high-3.0	kosdaq	2025-11-07	161390	sold_same_day_anyway	810.8	44850.0	10.0	-28000.0	-28000.0
high-3.0	kosdaq	2025-11-07	316140	carried_past_day	810.8	25500.0	18.0	-14487.0	-4587.0
high-3.0	kosdaq	2025-11-18	003550	carried_past_day	818.3	80900.0	5.0	-6870.0	130.0
high-3.0	kosdaq	2025-11-18	016360	carried_past_day	818.3	77900.0	6.0	-7005.0	-405.0
high-3.0	kosdaq	2025-11-18	024110	carried_past_day	818.3	20100.0	24.0	-4637.0	163.0
high-3.0	kosdaq	2025-11-18	032640	carried_past_day	818.3	15125.0	31.0	-5503.0	-853.0
high-3.0	kosdaq	2025-11-18	055550	carried_past_day	818.3	76600.0	6.0	-4588.0	212.0
high-3.0	kosdaq	2025-11-18	066570	carried_past_day	818.3	87700.0	5.0	-4943.0	-443.0
high-3.0	kosdaq	2025-11-18	086790	carried_past_day	818.3	91000.0	5.0	-6478.0	-978.0
high-3.0	kosdaq	2025-11-18	316140	carried_past_day	818.3	25700.0	18.0	-6395.0	-995.0
high-3.0	kosdaq	2025-11-19	016360	carried_past_day	579.2	76900.0	6.0	-16592.0	-6392.0
high-3.0	kosdaq	2025-11-19	024110	carried_past_day	579.2	20100.0	24.0	-8237.0	-5837.0
high-3.0	kosdaq	2025-11-19	055550	carried_past_day	579.2	76500.0	6.0	-4587.0	-2187.0
high-3.0	kosdaq	2025-11-19	086790	carried_past_day	579.2	91300.0	5.0	-11481.0	-7481.0
high-3.0	kosdaq	2025-11-19	316140	carried_past_day	579.2	26000.0	18.0	-10006.0	-2806.0
high-3.0	kosdaq	2026-01-29	003550	sold_same_day_anyway	571.8	88600.0	5.0	-22000.0	-22000.0
high-3.0	kosdaq	2026-01-29	024110	carried_past_day	571.8	21400.0	22.0	-12012.0	-14212.0
high-3.0	kosdaq	2026-01-29	030200	carried_past_day	571.8	55500.0	9.0	-4674.0	-6474.0
high-3.0	kosdaq	2026-01-29	055550	carried_past_day	571.8	83900.0	5.0	-5402.0	-6902.0
high-3.0	kosdaq	2026-01-29	316140	carried_past_day	571.8	29700.0	16.0	-9822.0	-13822.0
high-3.0	kosdaq	2026-02-05	030200	carried_past_day	754.6	55800.0	9.0	4320.0	-3780.0
high-3.0	kosdaq	2026-02-05	241560	carried_past_day	754.6	62000.0	7.0	-17033.0	1167.0
high-3.0	kosdaq	2026-03-03	010140	carried_past_day	696.0	28850.0	17.0	39746.0	13396.0
high-3.0	kosdaq	2026-03-03	029780	carried_past_day	696.0	62400.0	8.0	-1873.0	2927.0
high-3.0	kosdaq	2026-03-03	030200	carried_past_day	696.0	64300.0	7.0	20732.0	8132.0
high-3.0	kosdaq	2026-03-03	032640	carried_past_day	696.0	16220.0	29.0	729.0	2179.0
high-3.0	kosdaq	2026-03-03	064400	carried_past_day	696.0	70400.0	6.0	31492.0	15892.0
high-3.0	kosdaq	2026-03-04	003550	carried_past_day	575.2	96300.0	5.0	-3535.0	23965.0
high-3.0	kosdaq	2026-03-06	003550	carried_past_day	626.0	93100.0	5.0	22499.0	-5501.0
high-3.0	kosdaq	2026-03-31	017670	carried_past_day	806.8	76600.0	6.0	-12388.0	212.0
high-3.0	kosdaq	2026-03-31	030200	carried_past_day	806.8	59900.0	8.0	-16230.0	-5030.0
high-3.0	kosdaq	2026-03-31	323410	carried_past_day	806.8	24050.0	20.0	-17034.0	966.0
high-3.0	kosdaq	2026-04-02	017670	carried_past_day	629.6	77800.0	6.0	-7004.0	-1004.0
high-3.0	kosdaq	2026-04-02	030200	carried_past_day	629.6	61200.0	8.0	11747.0	13347.0
high-3.0	kosdaq	2026-04-02	323410	carried_past_day	629.6	24350.0	20.0	6953.0	17953.0
high-3.0	kosdaq	2026-04-07	030200	carried_past_day	691.9	59300.0	8.0	-15420.0	580.0
high-3.0	kosdaq	2026-04-23	005940	carried_past_day	758.3	34250.0	14.0	-20631.0	-10831.0
high-3.0	kosdaq	2026-04-23	030200	carried_past_day	758.3	61600.0	8.0	-4260.0	-4260.0
high-3.0	kosdaq	2026-04-23	032640	carried_past_day	758.3	16650.0	29.0	-3068.0	-3648.0
high-3.0	kosdaq	2026-04-23	055550	carried_past_day	758.3	97900.0	5.0	-11552.0	-11052.0
high-3.0	kosdaq	2026-05-12	003490	carried_past_day	627.8	25050.0	19.0	4677.0	2777.0
high-3.0	kosdaq	2026-05-15	003490	carried_past_day	637.2	26400.0	18.0	10678.0	5278.0
high-3.0	kosdaq	2026-05-18	003490	carried_past_day	573.2	25050.0	18.0	-12669.0	-9969.0
high-3.0	kosdaq	2026-05-18	017670	carried_past_day	573.2	100100.0	5.0	4424.0	-3076.0
high-3.0	kosdaq	2026-05-19	003490	carried_past_day	621.3	25450.0	18.0	-4585.0	-7285.0
high-3.0	kosdaq	2026-05-19	017670	carried_past_day	621.3	96800.0	5.0	-15041.0	-5541.0
high-3.0	kosdaq	2026-05-20	003490	carried_past_day	575.2	25000.0	18.0	-18068.0	2632.0
high-3.0	kosdaq	2026-05-20	017670	carried_past_day	575.2	99600.0	5.0	-15571.0	6429.0
high-3.0	kosdaq	2026-08-14	011200	carried_past_day	623.8	21050.0	23.0	-6791.0	-5641.0
high-3.0	kosdaq	2026-08-21	011200	carried_past_day	631.3	21050.0	23.0	-11391.0	-13691.0
high-3.0	kosdaq	2026-09-03	021240	carried_past_day	870.4	96900.0	5.0	-11042.0	-7542.0
high-3.0	kosdaq	2026-09-03	326030	carried_past_day	870.4	85400.0	5.0	-8918.0	-5918.0
high-4.0	kosdaq	2025-11-05	003550	carried_past_day	579.2	78700.0	6.0	-17215.0	-7015.0
high-4.0	kosdaq	2025-11-05	005930	carried_past_day	579.2	99800.0	5.0	-20573.0	-5073.0
high-4.0	kosdaq	2025-11-05	047810	carried_past_day	579.2	101400.0	5.0	-1090.0	5910.0
high-4.0	kosdaq	2025-11-05	055550	carried_past_day	579.2	74800.0	6.0	-9365.0	-3965.0
high-4.0	kosdaq	2025-11-05	161390	carried_past_day	579.2	44700.0	11.0	-15907.0	-10957.0
high-4.0	kosdaq	2025-11-05	241560	carried_past_day	579.2	58500.0	8.0	-22606.0	-12206.0
high-4.0	kosdaq	2026-01-29	003550	sold_same_day_anyway	575.8	88100.0	5.0	-24500.0	-24500.0
high-4.0	kosdaq	2026-01-29	024110	carried_past_day	575.8	21400.0	22.0	-12012.0	-14212.0
high-4.0	kosdaq	2026-01-29	030200	carried_past_day	575.8	55300.0	9.0	-6470.0	-8270.0
high-4.0	kosdaq	2026-01-29	055550	carried_past_day	575.8	83800.0	5.0	-5901.0	-7401.0
high-4.0	kosdaq	2026-01-29	316140	carried_past_day	575.8	29750.0	16.0	-9023.0	-13023.0
high-4.0	kosdaq	2026-03-03	010140	carried_past_day	727.5	28600.0	17.0	35505.0	9155.0
high-4.0	kosdaq	2026-03-03	029780	carried_past_day	727.5	62200.0	8.0	-3470.0	1330.0
high-4.0	kosdaq	2026-03-03	030200	carried_past_day	727.5	64300.0	7.0	20732.0	8132.0
high-4.0	kosdaq	2026-03-03	032640	carried_past_day	727.5	16250.0	29.0	1597.0	3047.0
high-4.0	kosdaq	2026-03-03	064400	carried_past_day	727.5	69800.0	6.0	27900.0	12300.0
high-4.0	kosdaq	2026-03-04	003550	carried_past_day	635.9	94100.0	5.0	-14512.0	12988.0
high-4.0	kosdaq	2026-03-06	003550	carried_past_day	632.0	92800.0	5.0	21002.0	-6998.0
high-4.0	kosdaq	2026-03-31	017670	carried_past_day	878.3	76800.0	6.0	-11191.0	1409.0
high-4.0	kosdaq	2026-03-31	030200	carried_past_day	878.3	60100.0	8.0	-14634.0	-3434.0
high-4.0	kosdaq	2026-03-31	323410	carried_past_day	878.3	24050.0	20.0	-17034.0	966.0
high-4.0	kosdaq	2026-04-02	017670	carried_past_day	634.1	77500.0	6.0	-8800.0	-2800.0
high-4.0	kosdaq	2026-04-02	030200	carried_past_day	634.1	61000.0	8.0	10151.0	11751.0
high-4.0	kosdaq	2026-04-02	323410	carried_past_day	634.1	24150.0	20.0	2962.0	13962.0
high-4.0	kosdaq	2026-05-12	003490	carried_past_day	631.1	25000.0	19.0	3729.0	1829.0
high-4.0	kosdaq	2026-05-15	003490	carried_past_day	677.2	26050.0	18.0	4392.0	-1008.0
high-4.0	kosdaq	2026-05-18	003490	carried_past_day	577.6	24950.0	18.0	-14466.0	-11766.0
high-4.0	kosdaq	2026-05-18	017670	carried_past_day	577.6	99600.0	5.0	1929.0	-5571.0
high-4.0	kosdaq	2026-05-19	003490	carried_past_day	631.7	25450.0	18.0	-4585.0	-7285.0
high-4.0	kosdaq	2026-05-19	017670	carried_past_day	631.7	96200.0	5.0	-18034.0	-8534.0
high-4.0	kosdaq	2026-09-03	021240	carried_past_day	879.7	97200.0	5.0	-9545.0	-6045.0
high-4.0	kosdaq	2026-09-03	326030	carried_past_day	879.7	85900.0	5.0	-6423.0	-3423.0
high-5.0	kosdaq	2025-11-05	003550	carried_past_day	638.0	78200.0	6.0	-20209.0	-10009.0
high-5.0	kosdaq	2025-11-05	005930	carried_past_day	638.0	97600.0	5.0	-31549.0	-16049.0
high-5.0	kosdaq	2025-11-05	047810	carried_past_day	638.0	99750.0	5.0	-9322.0	-2322.0
high-5.0	kosdaq	2025-11-05	055550	carried_past_day	638.0	75100.0	6.0	-7569.0	-2169.0
high-5.0	kosdaq	2025-11-05	161390	carried_past_day	638.0	44650.0	11.0	-16456.0	-11506.0
high-5.0	kosdaq	2025-11-05	241560	carried_past_day	638.0	58400.0	8.0	-23404.0	-13004.0
high-5.0	kosdaq	2026-01-29	003550	sold_same_day_anyway	579.7	88700.0	5.0	-21500.0	-21500.0
high-5.0	kosdaq	2026-01-29	024110	carried_past_day	579.7	21350.0	22.0	-13110.0	-15310.0
high-5.0	kosdaq	2026-01-29	030200	carried_past_day	579.7	55300.0	9.0	-6470.0	-8270.0
high-5.0	kosdaq	2026-01-29	055550	carried_past_day	579.7	83700.0	5.0	-6400.0	-7900.0
high-5.0	kosdaq	2026-01-29	316140	carried_past_day	579.7	29700.0	16.0	-9822.0	-13822.0
high-5.0	kosdaq	2026-03-03	010140	carried_past_day	818.9	28400.0	17.0	32112.0	5762.0
high-5.0	kosdaq	2026-03-03	029780	carried_past_day	818.9	62000.0	8.0	-5066.0	-266.0
high-5.0	kosdaq	2026-03-03	030200	carried_past_day	818.9	63900.0	7.0	17938.0	5338.0
high-5.0	kosdaq	2026-03-03	032640	carried_past_day	818.9	16370.0	29.0	5069.0	6519.0
high-5.0	kosdaq	2026-03-03	064400	carried_past_day	818.9	69200.0	6.0	24307.0	8707.0
high-5.0	kosdaq	2026-03-04	003550	carried_past_day	682.8	89900.0	5.0	-35466.0	-7966.0
high-5.0	kosdaq	2026-03-06	003550	carried_past_day	637.9	93400.0	5.0	23996.0	-4004.0
high-5.0	kosdaq	2026-04-02	017670	carried_past_day	638.7	77900.0	6.0	-6405.0	-405.0
high-5.0	kosdaq	2026-04-02	030200	carried_past_day	638.7	61000.0	8.0	10151.0	11751.0
high-5.0	kosdaq	2026-04-02	323410	carried_past_day	638.7	24150.0	20.0	2962.0	13962.0
high-5.0	kosdaq	2026-05-12	003490	carried_past_day	634.3	24800.0	19.0	-63.0	-1963.0
high-5.0	kosdaq	2026-05-15	003490	carried_past_day	865.1	26100.0	18.0	5290.0	-110.0
high-5.0	kosdaq	2026-05-19	003490	carried_past_day	667.7	25300.0	18.0	-7279.0	-9979.0
high-5.0	kosdaq	2026-05-19	017670	carried_past_day	667.7	96250.0	5.0	-17785.0	-8285.0
