source	index	period	rule	rebuy	days	events	per_year	days_out	hold_total_pct	rule_total_pct	edge_pct_per_year	hold_mdd_pct	rule_mdd_pct	rebound_mean_pct	rebound_t	rebound_up_share_pct	worst20_hold_mean_pct	worst20_rule_mean_pct
daily	kospi	all	score-11	next_open	2882	36	3.1	0	257.0	189.3	-1.82	-43.9	-40.1	0.409	0.82	58.3	-7.36	-6.55
daily	kospi	all	score-11	same_close	2882	36	3.1	0	257.0	229.8	-0.69	-43.9	-44.4	-0.066	-0.18	63.9	-7.36	-7.4
daily	kospi	all	prev-1.5	next_open	2882	357	31.0	39	257.0	37.3	-8.29	-43.9	-52.8	0.072	0.64	60.8	-7.36	-1.2
daily	kospi	all	prev-1.5	same_close	2882	396	34.4	0	257.0	49.9	-7.53	-43.9	-51.3	-0.117	-1.41	50.0	-7.36	-7.56
daily	kospi	all	prev-1.5|score-11	next_open	2882	360	31.2	39	257.0	30.3	-8.75	-43.9	-55.0	0.085	0.75	60.8	-7.36	-1.2
daily	kospi	all	prev-1.5|score-11	same_close	2882	399	34.6	0	257.0	48.9	-7.58	-43.9	-51.3	-0.103	-1.24	50.4	-7.36	-7.56
daily	kospi	all	prev-2.0	next_open	2882	190	16.5	22	257.0	131.4	-3.76	-43.9	-42.7	0.044	0.23	60.5	-7.36	-1.94
daily	kospi	all	prev-2.0	same_close	2882	212	18.4	0	257.0	123.8	-4.05	-43.9	-47.5	-0.237	-1.68	46.2	-7.36	-7.56
daily	kospi	all	prev-2.0|score-11	next_open	2882	203	17.6	23	257.0	112.1	-4.52	-43.9	-47.2	0.071	0.39	59.1	-7.36	-1.89
daily	kospi	all	prev-2.0|score-11	same_close	2882	226	19.6	0	257.0	117.1	-4.32	-43.9	-47.6	-0.199	-1.47	48.7	-7.36	-7.56
daily	kospi	all	prev-2.5	next_open	2882	126	10.9	16	257.0	182.8	-2.02	-43.9	-40.2	0.009	0.03	60.3	-7.36	-2.24
daily	kospi	all	prev-2.5	same_close	2882	142	12.3	0	257.0	160.7	-2.73	-43.9	-46.6	-0.281	-1.41	45.1	-7.36	-7.56
daily	kospi	all	prev-2.5|score-11	next_open	2882	145	12.6	16	257.0	159.5	-2.77	-43.9	-44.4	0.04	0.17	60.0	-7.36	-2.14
daily	kospi	all	prev-2.5|score-11	same_close	2882	161	14.0	0	257.0	150.1	-3.09	-43.9	-46.7	-0.227	-1.25	48.4	-7.36	-7.56
daily	kospi	all	prev-3.0	next_open	2882	97	8.4	7	257.0	175.0	-2.26	-43.9	-41.9	0.102	0.3	57.7	-7.36	-2.97
daily	kospi	all	prev-3.0	same_close	2882	104	9.0	0	257.0	183.2	-2.01	-43.9	-46.0	-0.243	-0.94	42.3	-7.36	-7.56
daily	kospi	all	prev-3.0|score-11	next_open	2882	119	10.3	7	257.0	153.9	-2.95	-43.9	-40.7	0.113	0.4	58.0	-7.36	-2.82
daily	kospi	all	prev-3.0|score-11	same_close	2882	126	10.9	0	257.0	170.0	-2.42	-43.9	-46.1	-0.194	-0.87	47.6	-7.36	-7.56
daily	kospi	all	prev-4.0	next_open	2882	52	4.5	2	257.0	176.5	-2.21	-43.9	-43.8	0.333	0.65	53.8	-7.36	-4.14
daily	kospi	all	prev-4.0	same_close	2882	54	4.7	0	257.0	216.2	-1.05	-43.9	-44.8	-0.509	-1.3	40.7	-7.36	-7.56
daily	kospi	all	prev-4.0|score-11	next_open	2882	79	6.9	2	257.0	164.1	-2.61	-43.9	-39.7	0.208	0.59	55.7	-7.36	-3.86
daily	kospi	all	prev-4.0|score-11	same_close	2882	81	7.0	0	257.0	198.1	-1.56	-43.9	-44.9	-0.393	-1.4	49.4	-7.36	-7.56
daily	kospi	all	prev-5.0	next_open	2882	34	2.9	1	257.0	207.8	-1.29	-43.9	-42.9	0.27	0.44	47.1	-7.36	-4.95
daily	kospi	all	prev-5.0	same_close	2882	35	3.0	0	257.0	229.7	-0.69	-43.9	-44.3	-0.721	-1.54	37.1	-7.36	-7.57
daily	kospi	all	prev-5.0|score-11	next_open	2882	63	5.5	1	257.0	166.3	-2.54	-43.9	-37.9	0.292	0.73	54.0	-7.36	-4.52
daily	kospi	all	prev-5.0|score-11	same_close	2882	64	5.6	0	257.0	209.5	-1.24	-43.9	-44.4	-0.389	-1.23	51.6	-7.36	-7.57
daily	kospi	all	high-1.5	next_open	2882	377	32.7	0	257.0	194.5	-1.67	-43.9	-46.8	-0.139	-1.15	52.1	-7.36	-1.26
daily	kospi	all	high-1.5	same_close	2882	377	32.7	0	257.0	57.3	-7.11	-43.9	-49.6	-0.344	-3.82	42.7	-7.36	-7.56
daily	kospi	all	high-1.5|score-11	next_open	2882	397	34.4	0	257.0	164.9	-2.59	-43.9	-50.9	-0.116	-1.02	52.3	-7.36	-1.21
daily	kospi	all	high-1.5|score-11	same_close	2882	397	34.4	0	257.0	50.6	-7.49	-43.9	-49.7	-0.311	-3.64	44.3	-7.36	-7.56
daily	kospi	all	high-2.0	next_open	2882	207	18.0	0	257.0	221.5	-0.91	-43.9	-36.4	-0.133	-0.71	51.5	-7.36	-2.52
daily	kospi	all	high-2.0	same_close	2882	207	18.0	0	257.0	127.2	-3.92	-43.9	-46.5	-0.403	-2.81	47.3	-7.36	-7.55
daily	kospi	all	high-2.0|score-11	next_open	2882	234	20.3	0	257.0	162.7	-2.66	-43.9	-42.7	-0.054	-0.31	52.8	-7.36	-2.37
daily	kospi	all	high-2.0|score-11	same_close	2882	234	20.3	0	257.0	114.2	-4.43	-43.9	-46.7	-0.322	-2.48	50.4	-7.36	-7.55
daily	kospi	all	high-2.5	next_open	2882	120	10.4	0	257.0	272.5	0.37	-43.9	-36.8	-0.206	-0.73	50.0	-7.36	-3.11
daily	kospi	all	high-2.5	same_close	2882	120	10.4	0	257.0	174.4	-2.28	-43.9	-45.4	-0.607	-2.86	45.0	-7.36	-7.55
daily	kospi	all	high-2.5|score-11	next_open	2882	148	12.8	0	257.0	195.8	-1.63	-43.9	-39.4	-0.047	-0.19	52.0	-7.36	-2.86
daily	kospi	all	high-2.5|score-11	same_close	2882	148	12.8	0	257.0	158.1	-2.81	-43.9	-45.6	-0.431	-2.36	50.0	-7.36	-7.55
daily	kospi	all	high-3.0	next_open	2882	88	7.6	0	257.0	187.0	-1.89	-43.9	-37.7	0.09	0.24	51.1	-7.36	-3.58
daily	kospi	all	high-3.0	same_close	2882	88	7.6	0	257.0	194.1	-1.68	-43.9	-44.6	-0.445	-1.59	45.5	-7.36	-7.55
daily	kospi	all	high-3.0|score-11	next_open	2882	116	10.1	0	257.0	137.5	-3.54	-43.9	-41.0	0.186	0.6	53.4	-7.36	-3.24
daily	kospi	all	high-3.0|score-11	same_close	2882	116	10.1	0	257.0	176.6	-2.21	-43.9	-44.9	-0.295	-1.31	51.7	-7.36	-7.55
daily	kospi	all	high-4.0	next_open	2882	51	4.4	0	257.0	202.9	-1.43	-43.9	-40.0	0.175	0.32	52.9	-7.36	-4.59
daily	kospi	all	high-4.0	same_close	2882	51	4.4	0	257.0	218.7	-0.98	-43.9	-44.4	-0.316	-0.74	49.0	-7.36	-7.52
daily	kospi	all	high-4.0|score-11	next_open	2882	81	7.0	0	257.0	152.8	-2.99	-43.9	-42.0	0.264	0.69	55.6	-7.36	-4.1
daily	kospi	all	high-4.0|score-11	same_close	2882	81	7.0	0	257.0	198.5	-1.55	-43.9	-44.6	-0.209	-0.72	55.6	-7.36	-7.53
daily	kospi	all	high-5.0	next_open	2882	32	2.8	0	257.0	312.0	1.24	-43.9	-39.6	-0.636	-1.36	46.9	-7.36	-5.14
daily	kospi	all	high-5.0	same_close	2882	32	2.8	0	257.0	232.2	-0.62	-43.9	-44.3	-0.754	-1.81	43.8	-7.36	-7.5
daily	kospi	all	high-5.0|score-11	next_open	2882	66	5.7	0	257.0	227.6	-0.74	-43.9	-37.9	-0.05	-0.14	53.0	-7.36	-4.69
daily	kospi	all	high-5.0|score-11	same_close	2882	66	5.7	0	257.0	208.3	-1.27	-43.9	-44.6	-0.284	-1.04	56.1	-7.36	-7.52
daily	kospi	front70	score-11	next_open	2017	21	2.6	0	25.8	27.5	0.16	-43.9	-37.9	-0.244	-0.41	52.4	-3.99	-3.34
daily	kospi	front70	score-11	same_close	2017	21	2.6	0	25.8	20.2	-0.57	-43.9	-44.4	-0.126	-0.28	66.7	-3.99	-4.04
daily	kospi	front70	prev-1.5	next_open	2017	221	27.4	11	25.8	-40.3	-9.24	-43.9	-50.6	0.127	1.49	62.0	-3.99	-1.87
daily	kospi	front70	prev-1.5	same_close	2017	232	28.8	0	25.8	-24.3	-6.29	-43.9	-51.3	-0.031	-0.45	50.0	-3.99	-4.2
daily	kospi	front70	prev-1.5|score-11	next_open	2017	223	27.6	11	25.8	-42.7	-9.76	-43.9	-52.4	0.143	1.68	61.9	-3.99	-1.93
daily	kospi	front70	prev-1.5|score-11	same_close	2017	234	29.0	0	25.8	-24.6	-6.35	-43.9	-51.3	-0.01	-0.15	50.4	-3.99	-4.2
daily	kospi	front70	prev-2.0	next_open	2017	94	11.7	5	25.8	-3.9	-3.34	-43.9	-41.7	0.077	0.53	60.6	-3.99	-2.4
daily	kospi	front70	prev-2.0	same_close	2017	99	12.3	0	25.8	1.2	-2.7	-43.9	-47.5	-0.103	-0.82	44.4	-3.99	-4.2
daily	kospi	front70	prev-2.0|score-11	next_open	2017	104	12.9	6	25.8	-8.2	-3.91	-43.9	-45.5	0.094	0.68	59.6	-3.99	-2.37
daily	kospi	front70	prev-2.0|score-11	same_close	2017	110	13.6	0	25.8	-1.2	-3.0	-43.9	-47.6	-0.052	-0.43	49.1	-3.99	-4.2
daily	kospi	front70	prev-2.5	next_open	2017	56	6.9	3	25.8	5.8	-2.15	-43.9	-39.0	0.102	0.48	58.9	-3.99	-2.75
daily	kospi	front70	prev-2.5	same_close	2017	59	7.3	0	25.8	10.4	-1.62	-43.9	-46.6	-0.066	-0.37	49.2	-3.99	-4.2
daily	kospi	front70	prev-2.5|score-11	next_open	2017	70	8.7	3	25.8	-0.2	-2.87	-43.9	-42.5	0.124	0.64	60.0	-3.99	-2.62
daily	kospi	front70	prev-2.5|score-11	same_close	2017	73	9.0	0	25.8	7.1	-2.0	-43.9	-46.7	-0.001	-0.0	56.2	-3.99	-4.2
daily	kospi	front70	prev-3.0	next_open	2017	35	4.3	2	25.8	4.9	-2.26	-43.9	-41.9	0.312	1.13	60.0	-3.99	-3.34
daily	kospi	front70	prev-3.0	same_close	2017	37	4.6	0	25.8	15.9	-1.02	-43.9	-46.0	0.088	0.35	48.6	-3.99	-4.2
daily	kospi	front70	prev-3.0|score-11	next_open	2017	50	6.2	2	25.8	0.1	-2.83	-43.9	-40.5	0.251	1.03	60.0	-3.99	-3.11
daily	kospi	front70	prev-3.0|score-11	same_close	2017	52	6.4	0	25.8	12.2	-1.42	-43.9	-46.1	0.106	0.48	57.7	-3.99	-4.2
daily	kospi	front70	prev-4.0	next_open	2017	11	1.4	1	25.8	13.3	-1.3	-43.9	-43.8	0.745	1.38	54.5	-3.99	-3.84
daily	kospi	front70	prev-4.0	same_close	2017	12	1.5	0	25.8	22.5	-0.33	-43.9	-44.8	0.264	0.47	58.3	-3.99	-4.08
daily	kospi	front70	prev-4.0|score-11	next_open	2017	29	3.6	1	25.8	11.7	-1.48	-43.9	-39.7	0.208	0.58	55.2	-3.99	-3.46
daily	kospi	front70	prev-4.0|score-11	same_close	2017	30	3.7	0	25.8	17.8	-0.82	-43.9	-44.9	0.071	0.21	63.3	-3.99	-4.1
daily	kospi	front70	prev-5.0	next_open	2017	3	0.4	1	25.8	22.5	-0.33	-43.9	-42.9	0.687	0.52	33.3	-3.99	-3.85
daily	kospi	front70	prev-5.0	same_close	2017	4	0.5	0	25.8	24.7	-0.11	-43.9	-44.3	0.246	0.18	75.0	-3.99	-4.03
daily	kospi	front70	prev-5.0|score-11	next_open	2017	21	2.6	1	25.8	23.4	-0.25	-43.9	-37.9	-0.104	-0.23	52.4	-3.99	-3.37
daily	kospi	front70	prev-5.0|score-11	same_close	2017	22	2.7	0	25.8	19.9	-0.6	-43.9	-44.4	-0.096	-0.22	68.2	-3.99	-4.05
daily	kospi	front70	high-1.5	next_open	2017	199	24.7	0	25.8	4.3	-2.33	-43.9	-45.3	-0.112	-1.05	53.8	-3.99	-1.88
daily	kospi	front70	high-1.5	same_close	2017	199	24.7	0	25.8	-18.4	-5.37	-43.9	-49.6	-0.212	-2.42	42.7	-3.99	-4.2
daily	kospi	front70	high-1.5|score-11	next_open	2017	211	26.2	0	25.8	-3.7	-3.32	-43.9	-48.7	-0.08	-0.8	54.0	-3.99	-1.88
daily	kospi	front70	high-1.5|score-11	same_close	2017	211	26.2	0	25.8	-20.5	-5.7	-43.9	-49.7	-0.171	-2.16	45.0	-3.99	-4.2
daily	kospi	front70	high-2.0	next_open	2017	94	11.7	0	25.8	15.6	-1.05	-43.9	-36.4	-0.111	-0.58	56.4	-3.99	-2.44
daily	kospi	front70	high-2.0	same_close	2017	94	11.7	0	25.8	2.5	-2.55	-43.9	-46.5	-0.163	-0.99	50.0	-3.99	-4.15
daily	kospi	front70	high-2.0|score-11	next_open	2017	110	13.6	0	25.8	7.9	-1.9	-43.9	-41.1	-0.064	-0.38	57.3	-3.99	-2.34
daily	kospi	front70	high-2.0|score-11	same_close	2017	110	13.6	0	25.8	-1.0	-2.98	-43.9	-46.7	-0.092	-0.68	54.5	-3.99	-4.16
daily	kospi	front70	high-2.5	next_open	2017	41	5.1	0	25.8	37.0	1.05	-43.9	-36.8	-0.403	-1.24	58.5	-3.99	-2.65
daily	kospi	front70	high-2.5	same_close	2017	41	5.1	0	25.8	15.0	-1.11	-43.9	-45.4	-0.574	-2.26	41.5	-3.99	-4.11
daily	kospi	front70	high-2.5|score-11	next_open	2017	58	7.2	0	25.8	21.8	-0.4	-43.9	-39.4	-0.141	-0.51	58.6	-3.99	-2.83
daily	kospi	front70	high-2.5|score-11	same_close	2017	58	7.2	0	25.8	10.8	-1.58	-43.9	-45.6	-0.266	-1.33	51.7	-3.99	-4.13
daily	kospi	front70	high-3.0	next_open	2017	27	3.3	0	25.8	31.7	0.56	-43.9	-37.7	-0.358	-0.76	51.9	-3.99	-2.87
daily	kospi	front70	high-3.0	same_close	2017	27	3.3	0	25.8	18.6	-0.74	-43.9	-44.6	-0.583	-1.74	37.0	-3.99	-4.09
daily	kospi	front70	high-3.0|score-11	next_open	2017	44	5.5	0	25.8	19.5	-0.64	-43.9	-41.0	-0.075	-0.21	54.5	-3.99	-2.97
daily	kospi	front70	high-3.0|score-11	same_close	2017	44	5.5	0	25.8	14.3	-1.2	-43.9	-44.9	-0.218	-0.9	52.3	-3.99	-4.11
daily	kospi	front70	high-4.0	next_open	2017	12	1.5	0	25.8	36.1	0.97	-43.9	-35.7	-0.838	-1.06	50.0	-3.99	-3.38
daily	kospi	front70	high-4.0	same_close	2017	12	1.5	0	25.8	22.5	-0.33	-43.9	-44.4	-0.511	-0.81	50.0	-3.99	-4.07
daily	kospi	front70	high-4.0|score-11	next_open	2017	30	3.7	0	25.8	26.2	0.03	-43.9	-38.9	-0.195	-0.41	53.3	-3.99	-3.32
daily	kospi	front70	high-4.0|score-11	same_close	2017	30	3.7	0	25.8	17.8	-0.82	-43.9	-44.6	-0.083	-0.25	63.3	-3.99	-4.09
daily	kospi	front70	high-5.0	next_open	2017	6	0.7	0	25.8	30.6	0.46	-43.9	-39.6	-0.821	-0.87	50.0	-3.99	-3.86
daily	kospi	front70	high-5.0	same_close	2017	6	0.7	0	25.8	24.2	-0.16	-43.9	-44.3	-0.212	-0.17	50.0	-3.99	-4.03
daily	kospi	front70	high-5.0|score-11	next_open	2017	26	3.2	0	25.8	28.7	0.28	-43.9	-37.9	-0.271	-0.53	53.8	-3.99	-3.48
daily	kospi	front70	high-5.0|score-11	same_close	2017	26	3.2	0	25.8	18.9	-0.71	-43.9	-44.6	0.066	0.17	65.4	-3.99	-4.07
daily	kospi	back30	score-11	next_open	865	15	4.3	0	183.7	126.9	-6.45	-38.6	-40.1	1.322	1.59	66.7	-7.2	-6.73
daily	kospi	back30	score-11	same_close	865	15	4.3	0	183.7	174.4	-0.96	-38.6	-38.6	0.019	0.03	60.0	-7.2	-7.23
daily	kospi	back30	prev-1.5	next_open	865	136	39.3	28	183.7	129.9	-6.07	-38.6	-23.2	-0.016	-0.06	58.8	-7.2	-1.12
daily	kospi	back30	prev-1.5	same_close	865	164	47.4	0	183.7	97.9	-10.4	-38.6	-41.3	-0.24	-1.36	50.0	-7.2	-7.41
daily	kospi	back30	prev-1.5|score-11	next_open	865	137	39.6	28	183.7	127.5	-6.38	-38.6	-23.2	-0.01	-0.04	59.1	-7.2	-1.12
daily	kospi	back30	prev-1.5|score-11	same_close	865	165	47.7	0	183.7	97.5	-10.46	-38.6	-41.3	-0.235	-1.34	50.3	-7.2	-7.41
daily	kospi	back30	prev-2.0	next_open	865	96	27.7	17	183.7	140.8	-4.73	-38.6	-30.3	0.011	0.03	60.4	-7.2	-1.84
daily	kospi	back30	prev-2.0	same_close	865	113	32.7	0	183.7	121.1	-7.2	-38.6	-41.2	-0.355	-1.47	47.8	-7.2	-7.41
daily	kospi	back30	prev-2.0|score-11	next_open	865	99	28.6	17	183.7	131.1	-5.92	-38.6	-30.3	0.047	0.13	58.6	-7.2	-1.81
daily	kospi	back30	prev-2.0|score-11	same_close	865	116	33.5	0	183.7	119.7	-7.39	-38.6	-41.2	-0.339	-1.43	48.3	-7.2	-7.41
daily	kospi	back30	prev-2.5	next_open	865	70	20.2	13	183.7	167.3	-1.72	-38.6	-30.3	-0.066	-0.15	61.4	-7.2	-2.14
daily	kospi	back30	prev-2.5	same_close	865	83	24.0	0	183.7	136.0	-5.31	-38.6	-40.9	-0.434	-1.37	42.2	-7.2	-7.41
daily	kospi	back30	prev-2.5|score-11	next_open	865	75	21.7	13	183.7	160.1	-2.51	-38.6	-30.3	-0.038	-0.09	60.0	-7.2	-2.09
daily	kospi	back30	prev-2.5|score-11	same_close	865	88	25.4	0	183.7	133.5	-5.63	-38.6	-40.9	-0.415	-1.38	42.0	-7.2	-7.41
daily	kospi	back30	prev-3.0	next_open	865	62	17.9	5	183.7	162.2	-2.27	-38.6	-30.0	-0.017	-0.03	56.5	-7.2	-2.87
daily	kospi	back30	prev-3.0	same_close	865	67	19.4	0	183.7	144.4	-4.31	-38.6	-40.8	-0.426	-1.13	38.8	-7.2	-7.41
daily	kospi	back30	prev-3.0|score-11	next_open	865	69	19.9	5	183.7	153.6	-3.24	-38.6	-30.0	0.012	0.03	56.5	-7.2	-2.8
daily	kospi	back30	prev-3.0|score-11	same_close	865	74	21.4	0	183.7	140.7	-4.75	-38.6	-40.8	-0.405	-1.17	40.5	-7.2	-7.41
daily	kospi	back30	prev-4.0	next_open	865	41	11.8	1	183.7	144.1	-4.35	-38.6	-28.1	0.223	0.35	53.7	-7.2	-4.04
daily	kospi	back30	prev-4.0	same_close	865	42	12.1	0	183.7	158.1	-2.73	-38.6	-40.3	-0.729	-1.53	35.7	-7.2	-7.41
daily	kospi	back30	prev-4.0|score-11	next_open	865	50	14.5	1	183.7	136.4	-5.26	-38.6	-28.1	0.207	0.4	56.0	-7.2	-3.88
daily	kospi	back30	prev-4.0|score-11	same_close	865	51	14.7	0	183.7	153.1	-3.29	-38.6	-40.3	-0.666	-1.68	41.2	-7.2	-7.41
daily	kospi	back30	prev-5.0	next_open	865	31	9.0	0	183.7	151.2	-3.51	-38.6	-34.6	0.23	0.35	48.4	-7.2	-4.95
daily	kospi	back30	prev-5.0	same_close	865	31	9.0	0	183.7	164.4	-2.03	-38.6	-40.3	-0.846	-1.68	32.3	-7.2	-7.41
daily	kospi	back30	prev-5.0|score-11	next_open	865	42	12.1	0	183.7	115.9	-7.89	-38.6	-34.6	0.49	0.88	54.8	-7.2	-4.7
daily	kospi	back30	prev-5.0|score-11	same_close	865	42	12.1	0	183.7	158.1	-2.73	-38.6	-40.3	-0.542	-1.28	42.9	-7.2	-7.41
daily	kospi	back30	high-1.5	next_open	865	178	51.4	0	183.7	182.4	-0.13	-38.6	-17.8	-0.169	-0.75	50.3	-7.2	-1.19
daily	kospi	back30	high-1.5	same_close	865	178	51.4	0	183.7	92.8	-11.17	-38.6	-41.9	-0.491	-3.01	42.7	-7.2	-7.41
daily	kospi	back30	high-1.5|score-11	next_open	865	186	53.8	0	183.7	175.2	-0.87	-38.6	-18.8	-0.157	-0.73	50.3	-7.2	-1.03
daily	kospi	back30	high-1.5|score-11	same_close	865	186	53.8	0	183.7	89.4	-11.67	-38.6	-41.9	-0.469	-2.97	43.5	-7.2	-7.41
daily	kospi	back30	high-2.0	next_open	865	113	32.7	0	183.7	178.2	-0.56	-38.6	-19.1	-0.152	-0.5	47.3	-7.2	-2.54
daily	kospi	back30	high-2.0	same_close	865	113	32.7	0	183.7	121.7	-7.12	-38.6	-41.6	-0.603	-2.7	45.1	-7.2	-7.4
daily	kospi	back30	high-2.0|score-11	next_open	865	124	35.8	0	183.7	143.4	-4.43	-38.6	-19.9	-0.045	-0.15	48.8	-7.2	-2.31
daily	kospi	back30	high-2.0|score-11	same_close	865	124	35.8	0	183.7	116.5	-7.82	-38.6	-41.6	-0.526	-2.47	46.8	-7.2	-7.4
daily	kospi	back30	high-2.5	next_open	865	79	22.8	0	183.7	172.0	-1.21	-38.6	-21.6	-0.104	-0.26	45.6	-7.2	-3.14
daily	kospi	back30	high-2.5	same_close	865	79	22.8	0	183.7	138.6	-5.0	-38.6	-41.4	-0.624	-2.11	46.8	-7.2	-7.4
daily	kospi	back30	high-2.5|score-11	next_open	865	90	26.0	0	183.7	142.9	-4.49	-38.6	-22.4	0.014	0.04	47.8	-7.2	-2.83
daily	kospi	back30	high-2.5|score-11	same_close	865	90	26.0	0	183.7	132.9	-5.7	-38.6	-41.4	-0.538	-1.98	48.9	-7.2	-7.4
daily	kospi	back30	high-3.0	next_open	865	61	17.6	0	183.7	117.9	-7.62	-38.6	-27.9	0.288	0.57	50.8	-7.2	-3.61
daily	kospi	back30	high-3.0	same_close	865	61	17.6	0	183.7	148.0	-3.88	-38.6	-41.4	-0.384	-1.02	49.2	-7.2	-7.4
daily	kospi	back30	high-3.0|score-11	next_open	865	72	20.8	0	183.7	98.6	-10.3	-38.6	-28.8	0.346	0.77	52.8	-7.2	-3.23
daily	kospi	back30	high-3.0|score-11	same_close	865	72	20.8	0	183.7	142.1	-4.58	-38.6	-41.4	-0.342	-1.03	51.4	-7.2	-7.4
daily	kospi	back30	high-4.0	next_open	865	39	11.3	0	183.7	122.5	-7.02	-38.6	-40.0	0.486	0.72	53.8	-7.2	-4.61
daily	kospi	back30	high-4.0	same_close	865	39	11.3	0	183.7	160.1	-2.51	-38.6	-40.9	-0.256	-0.49	48.7	-7.2	-7.37
daily	kospi	back30	high-4.0|score-11	next_open	865	51	14.7	0	183.7	100.3	-10.05	-38.6	-42.0	0.534	0.98	56.9	-7.2	-4.14
daily	kospi	back30	high-4.0|score-11	same_close	865	51	14.7	0	183.7	153.3	-3.27	-38.6	-40.9	-0.283	-0.68	51.0	-7.2	-7.38
daily	kospi	back30	high-5.0	next_open	865	26	7.5	0	183.7	215.4	3.06	-38.6	-36.6	-0.593	-1.1	46.2	-7.2	-5.17
daily	kospi	back30	high-5.0	same_close	865	26	7.5	0	183.7	167.5	-1.69	-38.6	-40.7	-0.88	-2.0	42.3	-7.2	-7.35
daily	kospi	back30	high-5.0|score-11	next_open	865	40	11.6	0	183.7	154.6	-3.12	-38.6	-36.8	0.093	0.19	52.5	-7.2	-4.79
daily	kospi	back30	high-5.0|score-11	same_close	865	40	11.6	0	183.7	159.4	-2.58	-38.6	-40.7	-0.512	-1.37	50.0	-7.2	-7.37
daily	kosdaq	all	score-11	next_open	2882	36	3.1	0	57.6	39.8	-1.04	-53.8	-54.9	0.164	0.31	66.7	-7.29	-5.94
daily	kosdaq	all	score-11	same_close	2882	36	3.1	0	57.6	45.6	-0.69	-53.8	-54.2	-0.308	-0.69	55.6	-7.29	-7.34
daily	kosdaq	all	prev-1.5	next_open	2882	567	49.2	44	57.6	-47.1	-9.47	-53.8	-61.1	-0.005	-0.06	53.1	-7.29	-1.41
daily	kosdaq	all	prev-1.5	same_close	2882	611	53.0	0	57.6	-58.6	-11.6	-53.8	-76.6	-0.216	-3.08	44.2	-7.29	-7.5
daily	kosdaq	all	prev-1.5|score-11	next_open	2882	568	49.3	44	57.6	-50.6	-10.07	-53.8	-63.7	0.007	0.08	53.5	-7.29	-1.43
daily	kosdaq	all	prev-1.5|score-11	same_close	2882	612	53.1	0	57.6	-58.7	-11.62	-53.8	-76.7	-0.205	-2.93	44.8	-7.29	-7.5
daily	kosdaq	all	prev-2.0	next_open	2882	365	31.7	20	57.6	-17.8	-5.65	-53.8	-47.1	-0.016	-0.14	52.3	-7.29	-1.7
daily	kosdaq	all	prev-2.0	same_close	2882	385	33.4	0	57.6	-32.4	-7.34	-53.8	-65.4	-0.257	-2.6	40.8	-7.29	-7.5
daily	kosdaq	all	prev-2.0|score-11	next_open	2882	374	32.4	20	57.6	-25.5	-6.5	-53.8	-51.5	0.005	0.05	52.9	-7.29	-1.67
daily	kosdaq	all	prev-2.0|score-11	same_close	2882	394	34.2	0	57.6	-33.7	-7.51	-53.8	-66.0	-0.239	-2.46	41.4	-7.29	-7.5
daily	kosdaq	all	prev-2.5	next_open	2882	234	20.3	11	57.6	4.1	-3.6	-53.8	-48.3	-0.018	-0.12	53.4	-7.29	-2.1
daily	kosdaq	all	prev-2.5	same_close	2882	245	21.3	0	57.6	-8.3	-4.7	-53.8	-58.1	-0.39	-2.98	41.2	-7.29	-7.5
daily	kosdaq	all	prev-2.5|score-11	next_open	2882	250	21.7	11	57.6	-7.2	-4.59	-53.8	-52.0	0.016	0.11	54.4	-7.29	-2.02
daily	kosdaq	all	prev-2.5|score-11	same_close	2882	261	22.6	0	57.6	-11.4	-5.0	-53.8	-58.1	-0.35	-2.78	42.5	-7.29	-7.5
daily	kosdaq	all	prev-3.0	next_open	2882	170	14.7	5	57.6	6.8	-3.38	-53.8	-46.8	0.037	0.2	55.9	-7.29	-2.67
daily	kosdaq	all	prev-3.0	same_close	2882	175	15.2	0	57.6	6.9	-3.37	-53.8	-57.3	-0.349	-2.1	42.9	-7.29	-7.5
daily	kosdaq	all	prev-3.0|score-11	next_open	2882	189	16.4	5	57.6	-2.6	-4.18	-53.8	-51.2	0.062	0.36	56.6	-7.29	-2.54
daily	kosdaq	all	prev-3.0|score-11	same_close	2882	194	16.8	0	57.6	2.5	-3.73	-53.8	-57.3	-0.31	-2.01	44.8	-7.29	-7.5
daily	kosdaq	all	prev-4.0	next_open	2882	89	7.7	3	57.6	8.9	-3.21	-53.8	-51.8	0.226	0.8	59.6	-7.29	-3.54
daily	kosdaq	all	prev-4.0	same_close	2882	92	8.0	0	57.6	28.2	-1.79	-53.8	-55.8	-0.26	-1.03	41.3	-7.29	-7.5
daily	kosdaq	all	prev-4.0|score-11	next_open	2882	113	9.8	3	57.6	-7.6	-4.64	-53.8	-58.1	0.287	1.13	61.1	-7.29	-3.26
daily	kosdaq	all	prev-4.0|score-11	same_close	2882	116	10.1	0	57.6	21.7	-2.24	-53.8	-55.8	-0.179	-0.79	45.7	-7.29	-7.5
daily	kosdaq	all	prev-5.0	next_open	2882	50	4.3	0	57.6	-3.7	-4.28	-53.8	-57.5	0.807	1.9	66.0	-7.29	-4.86
daily	kosdaq	all	prev-5.0	same_close	2882	50	4.3	0	57.6	40.8	-0.98	-53.8	-54.7	-0.105	-0.27	50.0	-7.29	-7.5
daily	kosdaq	all	prev-5.0|score-11	next_open	2882	79	6.9	0	57.6	-12.6	-5.11	-53.8	-62.0	0.57	1.67	67.1	-7.29	-4.38
daily	kosdaq	all	prev-5.0|score-11	same_close	2882	79	6.9	0	57.6	32.1	-1.53	-53.8	-54.8	-0.075	-0.25	54.4	-7.29	-7.5
daily	kosdaq	all	high-1.5	next_open	2882	720	62.5	0	57.6	108.1	2.41	-53.8	-29.2	-0.238	-3.39	48.9	-7.29	-1.4
daily	kosdaq	all	high-1.5	same_close	2882	720	62.5	0	57.6	-67.1	-13.59	-53.8	-80.9	-0.401	-6.66	38.5	-7.29	-7.5
daily	kosdaq	all	high-1.5|score-11	next_open	2882	735	63.8	0	57.6	82.4	1.27	-53.8	-29.9	-0.22	-3.23	49.4	-7.29	-1.4
daily	kosdaq	all	high-1.5|score-11	same_close	2882	735	63.8	0	57.6	-68.2	-13.87	-53.8	-81.5	-0.383	-6.57	39.0	-7.29	-7.5
daily	kosdaq	all	high-2.0	next_open	2882	442	38.3	0	57.6	92.1	1.72	-53.8	-37.2	-0.242	-2.52	48.2	-7.29	-2.04
daily	kosdaq	all	high-2.0	same_close	2882	442	38.3	0	57.6	-40.0	-8.38	-53.8	-68.1	-0.447	-5.47	37.6	-7.29	-7.5
daily	kosdaq	all	high-2.0|score-11	next_open	2882	463	40.2	0	57.6	55.5	-0.12	-53.8	-40.0	-0.195	-2.06	49.2	-7.29	-1.92
daily	kosdaq	all	high-2.0|score-11	same_close	2882	463	40.2	0	57.6	-42.7	-8.78	-53.8	-69.4	-0.405	-5.08	38.9	-7.29	-7.5
daily	kosdaq	all	high-2.5	next_open	2882	268	23.2	0	57.6	82.1	1.25	-53.8	-47.8	-0.247	-1.79	51.1	-7.29	-2.54
daily	kosdaq	all	high-2.5	same_close	2882	268	23.2	0	57.6	-12.5	-5.11	-53.8	-58.6	-0.547	-4.92	35.1	-7.29	-7.5
daily	kosdaq	all	high-2.5|score-11	next_open	2882	290	25.2	0	57.6	56.5	-0.06	-53.8	-53.7	-0.191	-1.44	52.4	-7.29	-2.29
daily	kosdaq	all	high-2.5|score-11	same_close	2882	290	25.2	0	57.6	-16.6	-5.52	-53.8	-59.4	-0.493	-4.63	37.6	-7.29	-7.5
daily	kosdaq	all	high-3.0	next_open	2882	164	14.2	0	57.6	79.2	1.11	-53.8	-44.8	-0.269	-1.45	49.4	-7.29	-3.32
daily	kosdaq	all	high-3.0	same_close	2882	164	14.2	0	57.6	9.8	-3.14	-53.8	-57.0	-0.646	-4.16	31.7	-7.29	-7.5
daily	kosdaq	all	high-3.0|score-11	next_open	2882	192	16.7	0	57.6	50.1	-0.43	-53.8	-53.1	-0.165	-0.93	52.1	-7.29	-2.95
daily	kosdaq	all	high-3.0|score-11	same_close	2882	192	16.7	0	57.6	3.2	-3.67	-53.8	-57.1	-0.525	-3.67	35.9	-7.29	-7.5
daily	kosdaq	all	high-4.0	next_open	2882	82	7.1	0	57.6	60.6	0.16	-53.8	-47.8	-0.212	-0.75	56.1	-7.29	-4.5
daily	kosdaq	all	high-4.0	same_close	2882	82	7.1	0	57.6	31.3	-1.59	-53.8	-55.2	-0.52	-2.02	36.6	-7.29	-7.47
daily	kosdaq	all	high-4.0|score-11	next_open	2882	112	9.7	0	57.6	36.0	-1.28	-53.8	-53.4	-0.055	-0.22	59.8	-7.29	-3.93
daily	kosdaq	all	high-4.0|score-11	same_close	2882	112	9.7	0	57.6	23.0	-2.15	-53.8	-55.3	-0.389	-1.83	42.9	-7.29	-7.48
daily	kosdaq	all	high-5.0	next_open	2882	51	4.4	0	57.6	26.3	-1.92	-53.8	-56.1	0.252	0.62	68.6	-7.29	-5.51
daily	kosdaq	all	high-5.0	same_close	2882	51	4.4	0	57.6	40.5	-1.0	-53.8	-54.8	-0.11	-0.3	58.8	-7.29	-7.45
daily	kosdaq	all	high-5.0|score-11	next_open	2882	83	7.2	0	57.6	7.9	-3.29	-53.8	-60.8	0.275	0.88	68.7	-7.29	-4.75
daily	kosdaq	all	high-5.0|score-11	same_close	2882	83	7.2	0	57.6	31.0	-1.6	-53.8	-54.9	-0.101	-0.37	59.0	-7.29	-7.46
daily	kosdaq	front70	score-11	next_open	2017	21	2.6	0	45.3	62.1	1.36	-53.8	-42.9	-0.69	-1.01	61.9	-5.63	-4.41
daily	kosdaq	front70	score-11	same_close	2017	21	2.6	0	45.3	38.7	-0.57	-53.8	-54.2	-0.641	-1.08	52.4	-5.63	-5.68
daily	kosdaq	front70	prev-1.5	next_open	2017	362	44.9	27	45.3	-32.0	-9.4	-53.8	-55.0	0.003	0.03	53.7	-5.63	-1.54
daily	kosdaq	front70	prev-1.5	same_close	2017	389	48.2	0	45.3	-38.0	-10.55	-53.8	-64.2	-0.151	-1.9	44.0	-5.63	-5.83
daily	kosdaq	front70	prev-1.5|score-11	next_open	2017	363	45.0	27	45.3	-35.6	-10.09	-53.8	-57.3	0.018	0.19	53.9	-5.63	-1.56
daily	kosdaq	front70	prev-1.5|score-11	same_close	2017	390	48.3	0	45.3	-38.1	-10.58	-53.8	-64.2	-0.137	-1.73	44.4	-5.63	-5.83
daily	kosdaq	front70	prev-2.0	next_open	2017	224	27.8	11	45.3	-5.7	-5.36	-53.8	-44.2	-0.017	-0.13	51.6	-5.63	-2.05
daily	kosdaq	front70	prev-2.0	same_close	2017	235	29.1	0	45.3	-13.3	-6.41	-53.8	-60.5	-0.17	-1.52	39.6	-5.63	-5.83
daily	kosdaq	front70	prev-2.0|score-11	next_open	2017	231	28.6	11	45.3	-12.1	-6.23	-53.8	-46.2	0.008	0.06	52.2	-5.63	-2.02
daily	kosdaq	front70	prev-2.0|score-11	same_close	2017	242	30.0	0	45.3	-14.7	-6.59	-53.8	-60.5	-0.152	-1.37	40.5	-5.63	-5.83
daily	kosdaq	front70	prev-2.5	next_open	2017	132	16.4	7	45.3	16.3	-2.76	-53.8	-45.4	-0.033	-0.2	55.3	-5.63	-2.73
daily	kosdaq	front70	prev-2.5	same_close	2017	139	17.2	0	45.3	6.9	-3.81	-53.8	-58.1	-0.293	-1.91	38.8	-5.63	-5.83
daily	kosdaq	front70	prev-2.5|score-11	next_open	2017	144	17.8	7	45.3	8.0	-3.68	-53.8	-48.3	0.005	0.03	56.2	-5.63	-2.63
daily	kosdaq	front70	prev-2.5|score-11	same_close	2017	151	18.7	0	45.3	4.1	-4.13	-53.8	-58.1	-0.248	-1.68	41.1	-5.63	-5.83
daily	kosdaq	front70	prev-3.0	next_open	2017	97	12.0	3	45.3	16.0	-2.79	-53.8	-44.0	0.03	0.15	57.7	-5.63	-3.32
daily	kosdaq	front70	prev-3.0	same_close	2017	100	12.4	0	45.3	16.3	-2.75	-53.8	-57.3	-0.249	-1.37	41.0	-5.63	-5.84
daily	kosdaq	front70	prev-3.0|score-11	next_open	2017	110	13.6	3	45.3	9.4	-3.52	-53.8	-46.1	0.058	0.3	58.2	-5.63	-3.13
daily	kosdaq	front70	prev-3.0|score-11	same_close	2017	113	14.0	0	45.3	13.1	-3.1	-53.8	-57.3	-0.204	-1.17	44.2	-5.63	-5.84
daily	kosdaq	front70	prev-4.0	next_open	2017	44	5.5	2	45.3	18.5	-2.53	-53.8	-50.2	0.272	0.7	59.1	-5.63	-4.21
daily	kosdaq	front70	prev-4.0	same_close	2017	46	5.7	0	45.3	31.0	-1.28	-53.8	-55.8	-0.042	-0.13	39.1	-5.63	-5.84
daily	kosdaq	front70	prev-4.0|score-11	next_open	2017	60	7.4	2	45.3	11.6	-3.27	-53.8	-47.0	0.25	0.76	61.7	-5.63	-3.81
daily	kosdaq	front70	prev-4.0|score-11	same_close	2017	62	7.7	0	45.3	26.6	-1.71	-53.8	-55.8	-0.035	-0.12	46.8	-5.63	-5.84
daily	kosdaq	front70	prev-5.0	next_open	2017	20	2.5	0	45.3	21.9	-2.18	-53.8	-52.2	0.703	0.98	70.0	-5.63	-4.93
daily	kosdaq	front70	prev-5.0	same_close	2017	20	2.5	0	45.3	38.9	-0.56	-53.8	-54.7	0.184	0.3	50.0	-5.63	-5.76
daily	kosdaq	front70	prev-5.0|score-11	next_open	2017	38	4.7	0	45.3	25.9	-1.78	-53.8	-45.5	0.205	0.4	68.4	-5.63	-4.38
daily	kosdaq	front70	prev-5.0|score-11	same_close	2017	38	4.7	0	45.3	33.5	-1.05	-53.8	-54.8	-0.006	-0.01	55.3	-5.63	-5.78
daily	kosdaq	front70	high-1.5	next_open	2017	450	55.8	0	45.3	64.6	1.55	-53.8	-29.2	-0.234	-2.78	50.1	-5.63	-1.5
daily	kosdaq	front70	high-1.5	same_close	2017	450	55.8	0	45.3	-45.4	-12.14	-53.8	-67.9	-0.348	-4.82	39.6	-5.63	-5.83
daily	kosdaq	front70	high-1.5|score-11	next_open	2017	459	56.9	0	45.3	45.7	0.03	-53.8	-29.9	-0.207	-2.52	50.4	-5.63	-1.53
daily	kosdaq	front70	high-1.5|score-11	same_close	2017	459	56.9	0	45.3	-46.5	-12.38	-53.8	-68.0	-0.322	-4.65	40.1	-5.63	-5.83
daily	kosdaq	front70	high-2.0	next_open	2017	264	32.7	0	45.3	98.1	3.84	-53.8	-28.8	-0.317	-2.66	45.8	-5.63	-1.94
daily	kosdaq	front70	high-2.0	same_close	2017	264	32.7	0	45.3	-18.4	-7.15	-53.8	-61.0	-0.427	-4.26	37.9	-5.63	-5.82
daily	kosdaq	front70	high-2.0|score-11	next_open	2017	278	34.5	0	45.3	73.3	2.18	-53.8	-32.8	-0.263	-2.32	47.5	-5.63	-1.84
daily	kosdaq	front70	high-2.0|score-11	same_close	2017	278	34.5	0	45.3	-20.9	-7.53	-53.8	-61.0	-0.377	-4.02	39.6	-5.63	-5.82
daily	kosdaq	front70	high-2.5	next_open	2017	153	19.0	0	45.3	113.3	4.76	-53.8	-36.6	-0.447	-2.65	48.4	-5.63	-2.41
daily	kosdaq	front70	high-2.5	same_close	2017	153	19.0	0	45.3	3.8	-4.17	-53.8	-58.6	-0.603	-4.5	33.3	-5.63	-5.82
daily	kosdaq	front70	high-2.5|score-11	next_open	2017	167	20.7	0	45.3	93.4	3.55	-53.8	-40.2	-0.369	-2.31	50.9	-5.63	-2.19
daily	kosdaq	front70	high-2.5|score-11	same_close	2017	167	20.7	0	45.3	0.7	-4.55	-53.8	-58.6	-0.525	-4.3	36.5	-5.63	-5.82
daily	kosdaq	front70	high-3.0	next_open	2017	89	11.0	0	45.3	97.3	3.79	-53.8	-40.3	-0.537	-2.26	46.1	-5.63	-3.15
daily	kosdaq	front70	high-3.0	same_close	2017	89	11.0	0	45.3	19.4	-2.43	-53.8	-57.0	-0.763	-4.0	24.7	-5.63	-5.77
daily	kosdaq	front70	high-3.0|score-11	next_open	2017	106	13.1	0	45.3	91.3	3.41	-53.8	-41.0	-0.453	-2.1	50.0	-5.63	-2.85
daily	kosdaq	front70	high-3.0|score-11	same_close	2017	106	13.1	0	45.3	15.0	-2.89	-53.8	-57.1	-0.615	-3.75	31.1	-5.63	-5.79
daily	kosdaq	front70	high-4.0	next_open	2017	44	5.5	0	45.3	55.8	0.87	-53.8	-41.7	-0.348	-0.91	54.5	-5.63	-4.2
daily	kosdaq	front70	high-4.0	same_close	2017	44	5.5	0	45.3	31.7	-1.21	-53.8	-55.2	-0.534	-1.57	31.8	-5.63	-5.75
daily	kosdaq	front70	high-4.0|score-11	next_open	2017	61	7.6	0	45.3	57.5	1.0	-53.8	-44.1	-0.321	-1.01	59.0	-5.63	-3.74
daily	kosdaq	front70	high-4.0|score-11	same_close	2017	61	7.6	0	45.3	26.9	-1.67	-53.8	-55.3	-0.406	-1.55	39.3	-5.63	-5.77
daily	kosdaq	front70	high-5.0	next_open	2017	24	3.0	0	45.3	40.7	-0.39	-53.8	-44.6	-0.045	-0.07	75.0	-5.63	-4.75
daily	kosdaq	front70	high-5.0	same_close	2017	24	3.0	0	45.3	37.7	-0.67	-53.8	-54.8	-0.193	-0.34	54.2	-5.63	-5.73
daily	kosdaq	front70	high-5.0|score-11	next_open	2017	42	5.2	0	45.3	46.8	0.13	-53.8	-41.8	-0.205	-0.47	71.4	-5.63	-4.14
daily	kosdaq	front70	high-5.0|score-11	same_close	2017	42	5.2	0	45.3	32.4	-1.15	-53.8	-54.9	-0.233	-0.65	54.8	-5.63	-5.75
daily	kosdaq	back30	score-11	next_open	865	15	4.3	0	8.5	-13.8	-6.65	-47.4	-54.9	1.359	1.79	73.3	-6.44	-6.09
daily	kosdaq	back30	score-11	same_close	865	15	4.3	0	8.5	5.0	-0.96	-47.4	-47.8	0.158	0.23	60.0	-6.44	-6.48
daily	kosdaq	back30	prev-1.5	next_open	865	205	59.2	17	8.5	-22.3	-9.64	-47.4	-35.6	-0.027	-0.16	51.7	-6.44	-1.4
daily	kosdaq	back30	prev-1.5	same_close	865	222	64.2	0	8.5	-33.3	-14.04	-47.4	-54.8	-0.33	-2.48	44.6	-6.44	-6.65
daily	kosdaq	back30	prev-1.5|score-11	next_open	865	205	59.2	17	8.5	-23.3	-10.03	-47.4	-36.4	-0.02	-0.12	52.7	-6.44	-1.4
daily	kosdaq	back30	prev-1.5|score-11	same_close	865	222	64.2	0	8.5	-33.3	-14.04	-47.4	-54.8	-0.324	-2.43	45.5	-6.44	-6.65
daily	kosdaq	back30	prev-2.0	next_open	865	141	40.8	9	8.5	-12.9	-6.36	-47.4	-35.2	-0.03	-0.14	53.2	-6.44	-1.64
daily	kosdaq	back30	prev-2.0	same_close	865	150	43.4	0	8.5	-22.0	-9.53	-47.4	-51.6	-0.393	-2.15	42.7	-6.44	-6.65
daily	kosdaq	back30	prev-2.0|score-11	next_open	865	143	41.3	9	8.5	-15.3	-7.16	-47.4	-35.4	-0.013	-0.06	53.8	-6.44	-1.64
daily	kosdaq	back30	prev-2.0|score-11	same_close	865	152	43.9	0	8.5	-22.3	-9.66	-47.4	-51.6	-0.379	-2.1	42.8	-6.44	-6.65
daily	kosdaq	back30	prev-2.5	next_open	865	102	29.5	4	8.5	-10.5	-5.56	-47.4	-39.9	0.001	0.0	51.0	-6.44	-2.3
daily	kosdaq	back30	prev-2.5	same_close	865	106	30.6	0	8.5	-14.2	-6.77	-47.4	-51.2	-0.517	-2.29	44.3	-6.44	-6.65
daily	kosdaq	back30	prev-2.5|score-11	next_open	865	106	30.6	4	8.5	-14.0	-6.73	-47.4	-41.5	0.031	0.13	51.9	-6.44	-2.3
daily	kosdaq	back30	prev-2.5|score-11	same_close	865	110	31.8	0	8.5	-14.9	-7.02	-47.4	-51.2	-0.489	-2.24	44.5	-6.44	-6.65
daily	kosdaq	back30	prev-3.0	next_open	865	73	21.1	2	8.5	-8.0	-4.76	-47.4	-44.1	0.046	0.14	53.4	-6.44	-2.68
daily	kosdaq	back30	prev-3.0	same_close	865	75	21.7	0	8.5	-8.1	-4.81	-47.4	-50.7	-0.481	-1.59	45.3	-6.44	-6.65
daily	kosdaq	back30	prev-3.0|score-11	next_open	865	79	22.8	2	8.5	-11.0	-5.72	-47.4	-45.2	0.068	0.22	54.4	-6.44	-2.67
daily	kosdaq	back30	prev-3.0|score-11	same_close	865	81	23.4	0	8.5	-9.3	-5.19	-47.4	-50.7	-0.458	-1.64	45.7	-6.44	-6.65
daily	kosdaq	back30	prev-4.0	next_open	865	45	13.0	1	8.5	-8.0	-4.78	-47.4	-51.8	0.182	0.44	60.0	-6.44	-3.67
daily	kosdaq	back30	prev-4.0	same_close	865	46	13.3	0	8.5	-2.1	-2.98	-47.4	-50.2	-0.478	-1.24	43.5	-6.44	-6.65
daily	kosdaq	back30	prev-4.0|score-11	next_open	865	53	15.3	1	8.5	-17.2	-7.82	-47.4	-56.5	0.329	0.83	60.4	-6.44	-3.61
daily	kosdaq	back30	prev-4.0|score-11	same_close	865	54	15.6	0	8.5	-3.8	-3.48	-47.4	-50.3	-0.344	-0.95	44.4	-6.44	-6.65
daily	kosdaq	back30	prev-5.0	next_open	865	30	8.7	0	8.5	-21.0	-9.19	-47.4	-57.5	0.877	1.66	63.3	-6.44	-4.88
daily	kosdaq	back30	prev-5.0	same_close	865	30	8.7	0	8.5	1.4	-1.96	-47.4	-49.4	-0.298	-0.58	50.0	-6.44	-6.63
daily	kosdaq	back30	prev-5.0|score-11	next_open	865	41	11.8	0	8.5	-30.5	-12.89	-47.4	-60.8	0.908	2.01	65.9	-6.44	-4.7
daily	kosdaq	back30	prev-5.0|score-11	same_close	865	41	11.8	0	8.5	-1.0	-2.66	-47.4	-49.5	-0.139	-0.33	53.7	-6.44	-6.63
daily	kosdaq	back30	high-1.5	next_open	865	270	78.0	0	8.5	26.4	4.4	-47.4	-26.5	-0.253	-2.05	46.7	-6.44	-1.6
daily	kosdaq	back30	high-1.5	same_close	865	270	78.0	0	8.5	-39.7	-16.97	-47.4	-58.7	-0.49	-4.61	36.7	-6.44	-6.65
daily	kosdaq	back30	high-1.5|score-11	next_open	865	276	79.8	0	8.5	25.1	4.12	-47.4	-28.5	-0.249	-2.08	47.5	-6.44	-1.35
daily	kosdaq	back30	high-1.5|score-11	same_close	865	276	79.8	0	8.5	-40.5	-17.35	-47.4	-59.2	-0.486	-4.65	37.3	-6.44	-6.65
daily	kosdaq	back30	high-2.0	next_open	865	178	51.4	0	8.5	-3.0	-3.23	-47.4	-37.2	-0.132	-0.82	51.7	-6.44	-2.35
daily	kosdaq	back30	high-2.0	same_close	865	178	51.4	0	8.5	-26.5	-11.24	-47.4	-52.6	-0.477	-3.45	37.1	-6.44	-6.65
daily	kosdaq	back30	high-2.0|score-11	next_open	865	185	53.5	0	8.5	-10.3	-5.49	-47.4	-38.3	-0.091	-0.56	51.9	-6.44	-2.02
daily	kosdaq	back30	high-2.0|score-11	same_close	865	185	53.5	0	8.5	-27.6	-11.68	-47.4	-53.0	-0.447	-3.16	37.8	-6.44	-6.65
daily	kosdaq	back30	high-2.5	next_open	865	115	33.2	0	8.5	-14.6	-6.92	-47.4	-42.6	0.019	0.08	54.8	-6.44	-3.05
daily	kosdaq	back30	high-2.5	same_close	865	115	33.2	0	8.5	-15.7	-7.29	-47.4	-52.1	-0.471	-2.51	37.4	-6.44	-6.64
daily	kosdaq	back30	high-2.5|score-11	next_open	865	123	35.5	0	8.5	-19.1	-8.47	-47.4	-45.6	0.05	0.22	54.5	-6.44	-2.65
daily	kosdaq	back30	high-2.5|score-11	same_close	865	123	35.5	0	8.5	-17.1	-7.79	-47.4	-52.5	-0.451	-2.38	39.0	-6.44	-6.64
daily	kosdaq	back30	high-3.0	next_open	865	75	21.7	0	8.5	-9.2	-5.14	-47.4	-42.2	0.048	0.16	53.3	-6.44	-3.56
daily	kosdaq	back30	high-3.0	same_close	865	75	21.7	0	8.5	-8.1	-4.79	-47.4	-51.1	-0.506	-2.0	40.0	-6.44	-6.63
daily	kosdaq	back30	high-3.0|score-11	next_open	865	86	24.9	0	8.5	-21.5	-9.37	-47.4	-48.0	0.191	0.67	54.7	-6.44	-3.27
daily	kosdaq	back30	high-3.0|score-11	same_close	865	86	24.9	0	8.5	-10.3	-5.49	-47.4	-51.3	-0.414	-1.67	41.9	-6.44	-6.64
daily	kosdaq	back30	high-4.0	next_open	865	38	11.0	0	8.5	3.1	-1.48	-47.4	-47.8	-0.055	-0.13	57.9	-6.44	-4.37
daily	kosdaq	back30	high-4.0	same_close	865	38	11.0	0	8.5	-0.3	-2.45	-47.4	-50.3	-0.504	-1.27	42.1	-6.44	-6.59
daily	kosdaq	back30	high-4.0|score-11	next_open	865	51	14.7	0	8.5	-13.6	-6.59	-47.4	-52.7	0.263	0.68	60.8	-6.44	-4.05
daily	kosdaq	back30	high-4.0|score-11	same_close	865	51	14.7	0	8.5	-3.1	-3.28	-47.4	-50.4	-0.369	-1.06	47.1	-6.44	-6.61
daily	kosdaq	back30	high-5.0	next_open	865	27	7.8	0	8.5	-10.3	-5.49	-47.4	-56.1	0.516	0.98	63.0	-6.44	-5.22
daily	kosdaq	back30	high-5.0	same_close	865	27	7.8	0	8.5	2.1	-1.76	-47.4	-49.6	-0.037	-0.07	63.0	-6.44	-6.56
daily	kosdaq	back30	high-5.0|score-11	next_open	865	41	11.8	0	8.5	-26.5	-11.25	-47.4	-60.2	0.767	1.74	65.9	-6.44	-4.86
daily	kosdaq	back30	high-5.0|score-11	same_close	865	41	11.8	0	8.5	-1.0	-2.65	-47.4	-49.8	0.034	0.08	63.4	-6.44	-6.58
hourly	kospi	all	score-11	next_open	581	29	12.5	0	162.9	130.0	-5.76	-38.6	-36.6	0.281	0.53	69.0	-7.19	-5.76
hourly	kospi	all	score-11	same_close	581	29	12.5	0	162.9	146.6	-2.76	-38.6	-38.9	-0.684	-1.36	48.3	-7.19	-7.26
hourly	kospi	all	prev-1.5	next_open	581	108	46.5	28	162.9	128.6	-6.01	-38.6	-23.2	-0.03	-0.09	60.2	-7.19	-1.2
hourly	kospi	all	prev-1.5	same_close	581	136	58.5	0	162.9	95.0	-12.85	-38.6	-41.3	-0.24	-1.14	52.9	-7.19	-7.4
hourly	kospi	all	prev-1.5|score-11	next_open	581	110	47.3	28	162.9	125.2	-6.66	-38.6	-23.2	-0.02	-0.06	60.9	-7.19	-1.19
hourly	kospi	all	prev-1.5|score-11	same_close	581	138	59.4	0	162.9	94.2	-13.04	-38.6	-41.3	-0.235	-1.13	53.6	-7.19	-7.4
hourly	kospi	all	prev-2.0	next_open	581	79	34.0	17	162.9	135.2	-4.79	-38.6	-30.3	-0.006	-0.01	60.8	-7.19	-1.92
hourly	kospi	all	prev-2.0	same_close	581	96	41.3	0	162.9	112.7	-9.11	-38.6	-41.2	-0.38	-1.35	47.9	-7.19	-7.4
hourly	kospi	all	prev-2.0|score-11	next_open	581	83	35.7	17	162.9	125.9	-6.54	-38.6	-30.3	0.033	0.08	62.7	-7.19	-1.88
hourly	kospi	all	prev-2.0|score-11	same_close	581	100	43.0	0	162.9	110.9	-9.49	-38.6	-41.2	-0.365	-1.33	48.0	-7.19	-7.4
hourly	kospi	all	prev-2.5	next_open	581	62	26.7	12	162.9	158.1	-0.79	-38.6	-30.3	-0.112	-0.22	58.1	-7.19	-2.45
hourly	kospi	all	prev-2.5	same_close	581	74	31.8	0	162.9	123.2	-7.05	-38.6	-40.9	-0.475	-1.35	40.5	-7.19	-7.4
hourly	kospi	all	prev-2.5|score-11	next_open	581	69	29.7	12	162.9	137.9	-4.31	-38.6	-30.3	-0.001	-0.0	62.3	-7.19	-2.4
hourly	kospi	all	prev-2.5|score-11	same_close	581	81	34.9	0	162.9	119.8	-7.71	-38.6	-40.9	-0.443	-1.35	43.2	-7.19	-7.4
hourly	kospi	all	prev-3.0	next_open	581	59	25.4	5	162.9	156.2	-1.12	-38.6	-30.0	-0.097	-0.18	54.2	-7.19	-2.9
hourly	kospi	all	prev-3.0	same_close	581	64	27.5	0	162.9	128.0	-6.13	-38.6	-40.8	-0.442	-1.13	37.5	-7.19	-7.4
hourly	kospi	all	prev-3.0|score-11	next_open	581	67	28.8	5	162.9	141.1	-3.73	-38.6	-29.7	-0.018	-0.04	58.2	-7.19	-2.82
hourly	kospi	all	prev-3.0|score-11	same_close	581	72	31.0	0	162.9	124.1	-6.87	-38.6	-40.8	-0.443	-1.25	40.3	-7.19	-7.4
hourly	kospi	all	prev-4.0	next_open	581	40	17.2	1	162.9	131.2	-5.53	-38.6	-28.1	0.179	0.28	52.5	-7.19	-4.04
hourly	kospi	all	prev-4.0	same_close	581	41	17.6	0	162.9	139.8	-3.96	-38.6	-40.3	-0.715	-1.47	36.6	-7.19	-7.4
hourly	kospi	all	prev-4.0|score-11	next_open	581	55	23.7	1	162.9	118.7	-7.93	-38.6	-27.0	0.176	0.36	60.0	-7.19	-3.85
hourly	kospi	all	prev-4.0|score-11	same_close	581	56	24.1	0	162.9	132.1	-5.37	-38.6	-40.3	-0.694	-1.88	41.1	-7.19	-7.4
hourly	kospi	all	prev-5.0	next_open	581	30	12.9	0	162.9	140.5	-3.83	-38.6	-34.6	0.136	0.2	46.7	-7.19	-4.95
hourly	kospi	all	prev-5.0	same_close	581	30	12.9	0	162.9	145.6	-2.93	-38.6	-40.3	-0.865	-1.67	33.3	-7.19	-7.4
hourly	kospi	all	prev-5.0|score-11	next_open	581	48	20.7	0	162.9	133.7	-5.07	-38.6	-33.0	0.067	0.15	58.3	-7.19	-4.61
hourly	kospi	all	prev-5.0|score-11	same_close	581	48	20.7	0	162.9	136.2	-4.61	-38.6	-40.3	-0.711	-1.89	39.6	-7.19	-7.4
hourly	kospi	all	high-1.5	next_open	581	183	78.7	0	162.9	81.7	-15.9	-38.6	-17.3	0.003	0.01	52.2	-7.19	-1.14
hourly	kospi	all	high-1.5	same_close	581	183	78.7	0	162.9	76.9	-17.04	-38.6	-42.1	-0.249	-1.57	53.0	-7.19	-7.4
hourly	kospi	all	high-1.5|score-11	next_open	581	191	82.2	0	162.9	86.6	-14.75	-38.6	-20.7	-0.021	-0.1	53.2	-7.19	-0.97
hourly	kospi	all	high-1.5|score-11	same_close	581	191	82.2	0	162.9	73.9	-17.79	-38.6	-42.1	-0.267	-1.73	52.9	-7.19	-7.4
hourly	kospi	all	high-2.0	next_open	581	118	50.8	0	162.9	114.5	-8.75	-38.6	-22.5	-0.039	-0.13	47.9	-7.19	-1.83
hourly	kospi	all	high-2.0	same_close	581	118	50.8	0	162.9	103.5	-11.03	-38.6	-41.9	-0.353	-1.63	50.8	-7.19	-7.39
hourly	kospi	all	high-2.0|score-11	next_open	581	132	56.8	0	162.9	110.9	-9.49	-38.6	-22.9	-0.045	-0.16	51.9	-7.19	-1.56
hourly	kospi	all	high-2.0|score-11	same_close	581	132	56.8	0	162.9	97.4	-12.34	-38.6	-41.9	-0.331	-1.65	51.5	-7.19	-7.39
hourly	kospi	all	high-2.5	next_open	581	79	34.0	0	162.9	132.6	-5.28	-38.6	-27.0	-0.0	-0.0	49.4	-7.19	-2.68
hourly	kospi	all	high-2.5	same_close	581	79	34.0	0	162.9	121.3	-7.41	-38.6	-41.5	-0.311	-1.04	57.0	-7.19	-7.38
hourly	kospi	all	high-2.5|score-11	next_open	581	96	41.3	0	162.9	110.9	-9.49	-38.6	-25.2	0.067	0.2	55.2	-7.19	-2.31
hourly	kospi	all	high-2.5|score-11	same_close	581	96	41.3	0	162.9	113.2	-9.01	-38.6	-41.5	-0.283	-1.07	57.3	-7.19	-7.38
hourly	kospi	all	high-3.0	next_open	581	63	27.1	0	162.9	84.3	-15.28	-38.6	-34.4	0.42	0.85	54.0	-7.19	-3.24
hourly	kospi	all	high-3.0	same_close	581	63	27.1	0	162.9	129.0	-5.94	-38.6	-41.4	-0.089	-0.24	55.6	-7.19	-7.37
hourly	kospi	all	high-3.0|score-11	next_open	581	81	34.9	0	162.9	73.8	-17.81	-38.6	-31.5	0.355	0.9	59.3	-7.19	-2.78
hourly	kospi	all	high-3.0|score-11	same_close	581	81	34.9	0	162.9	120.2	-7.63	-38.6	-41.4	-0.155	-0.5	55.6	-7.19	-7.37
hourly	kospi	all	high-4.0	next_open	581	40	17.2	0	162.9	100.8	-11.6	-38.6	-39.3	0.536	0.82	52.5	-7.19	-4.34
hourly	kospi	all	high-4.0	same_close	581	40	17.2	0	162.9	140.6	-3.82	-38.6	-41.0	-0.121	-0.24	52.5	-7.19	-7.34
hourly	kospi	all	high-4.0|score-11	next_open	581	60	25.8	0	162.9	88.9	-14.22	-38.6	-38.4	0.391	0.86	60.0	-7.19	-3.73
hourly	kospi	all	high-4.0|score-11	same_close	581	60	25.8	0	162.9	130.3	-5.7	-38.6	-41.0	-0.286	-0.77	53.3	-7.19	-7.35
hourly	kospi	all	high-5.0	next_open	581	25	10.8	0	162.9	172.5	1.54	-38.6	-42.0	-0.313	-0.47	44.0	-7.19	-5.18
hourly	kospi	all	high-5.0	same_close	581	25	10.8	0	162.9	148.6	-2.42	-38.6	-40.7	-0.583	-1.12	48.0	-7.19	-7.32
hourly	kospi	all	high-5.0|score-11	next_open	581	48	20.7	0	162.9	126.2	-6.47	-38.6	-40.5	0.139	0.31	58.3	-7.19	-4.54
hourly	kospi	all	high-5.0|score-11	same_close	581	48	20.7	0	162.9	136.3	-4.59	-38.6	-40.7	-0.432	-1.15	52.1	-7.19	-7.34
hourly	kospi	front70	score-11	next_open	406	14	8.6	0	67.1	46.0	-8.3	-20.7	-24.6	0.756	1.94	85.7	-3.31	-3.13
hourly	kospi	front70	score-11	same_close	406	14	8.6	0	67.1	62.0	-1.89	-20.7	-22.1	-0.179	-0.66	50.0	-3.31	-3.39
hourly	kospi	front70	prev-1.5	next_open	406	53	32.6	6	67.1	31.9	-14.57	-20.7	-18.6	0.243	1.01	64.2	-3.31	-1.42
hourly	kospi	front70	prev-1.5	same_close	406	59	36.3	0	67.1	46.8	-7.96	-20.7	-26.2	-0.148	-0.9	52.5	-3.31	-3.52
hourly	kospi	front70	prev-1.5|score-11	next_open	406	55	33.9	6	67.1	30.2	-15.33	-20.7	-19.2	0.249	1.08	65.5	-3.31	-1.43
hourly	kospi	front70	prev-1.5|score-11	same_close	406	61	37.6	0	67.1	46.2	-8.23	-20.7	-26.4	-0.143	-0.89	54.1	-3.31	-3.52
hourly	kospi	front70	prev-2.0	next_open	406	31	19.1	1	67.1	37.8	-11.86	-20.7	-22.2	0.422	1.17	77.4	-3.31	-2.15
hourly	kospi	front70	prev-2.0	same_close	406	32	19.7	0	67.1	55.7	-4.34	-20.7	-23.6	-0.259	-0.93	46.9	-3.31	-3.5
hourly	kospi	front70	prev-2.0|score-11	next_open	406	34	20.9	1	67.1	36.5	-12.45	-20.7	-22.0	0.394	1.21	79.4	-3.31	-2.13
hourly	kospi	front70	prev-2.0|score-11	same_close	406	35	21.6	0	67.1	54.7	-4.74	-20.7	-23.8	-0.275	-1.07	45.7	-3.31	-3.5
hourly	kospi	front70	prev-2.5	next_open	406	18	11.1	0	67.1	57.2	-3.74	-20.7	-21.0	0.128	0.35	72.2	-3.31	-2.56
hourly	kospi	front70	prev-2.5	same_close	406	18	11.1	0	67.1	60.6	-2.45	-20.7	-22.4	-0.625	-1.52	27.8	-3.31	-3.46
hourly	kospi	front70	prev-2.5|score-11	next_open	406	24	14.8	0	67.1	47.9	-7.51	-20.7	-22.5	0.301	0.91	79.2	-3.31	-2.48
hourly	kospi	front70	prev-2.5|score-11	same_close	406	24	14.8	0	67.1	58.5	-3.25	-20.7	-23.1	-0.515	-1.56	37.5	-3.31	-3.47
hourly	kospi	front70	prev-3.0	next_open	406	14	8.6	0	67.1	55.2	-4.56	-20.7	-20.2	0.32	0.73	71.4	-3.31	-2.84
hourly	kospi	front70	prev-3.0	same_close	406	14	8.6	0	67.1	62.0	-1.91	-20.7	-21.9	-0.638	-1.43	28.6	-3.31	-3.45
hourly	kospi	front70	prev-3.0|score-11	next_open	406	21	12.9	0	67.1	47.0	-7.88	-20.7	-22.7	0.403	1.12	76.2	-3.31	-2.65
hourly	kospi	front70	prev-3.0|score-11	same_close	406	21	12.9	0	67.1	59.5	-2.85	-20.7	-22.7	-0.55	-1.65	38.1	-3.31	-3.46
hourly	kospi	front70	prev-4.0	next_open	406	5	3.1	0	67.1	61.0	-2.3	-20.7	-19.1	0.545	0.54	60.0	-3.31	-3.03
hourly	kospi	front70	prev-4.0	same_close	406	5	3.1	0	67.1	65.2	-0.69	-20.7	-21.2	-0.899	-0.82	60.0	-3.31	-3.37
hourly	kospi	front70	prev-4.0|score-11	next_open	406	17	10.5	0	67.1	48.8	-7.13	-20.7	-23.2	0.474	1.25	76.5	-3.31	-2.76
hourly	kospi	front70	prev-4.0|score-11	same_close	406	17	10.5	0	67.1	60.9	-2.31	-20.7	-22.6	-0.496	-1.36	47.1	-3.31	-3.42
hourly	kospi	front70	prev-5.0	next_open	406	3	1.8	0	67.1	56.7	-3.94	-20.7	-22.0	1.942	1.37	66.7	-3.31	-3.24
hourly	kospi	front70	prev-5.0	same_close	406	3	1.8	0	67.1	65.9	-0.42	-20.7	-21.0	-0.765	-0.42	33.3	-3.31	-3.34
hourly	kospi	front70	prev-5.0|score-11	next_open	406	16	9.9	0	67.1	43.5	-9.38	-20.7	-25.9	0.744	2.11	81.2	-3.31	-2.94
hourly	kospi	front70	prev-5.0|score-11	same_close	406	16	9.9	0	67.1	61.3	-2.17	-20.7	-22.4	-0.442	-1.33	43.8	-3.31	-3.41
hourly	kospi	front70	high-1.5	next_open	406	63	38.8	0	67.1	40.2	-10.79	-20.7	-15.7	0.071	0.39	55.6	-3.31	-2.03
hourly	kospi	front70	high-1.5	same_close	406	63	38.8	0	67.1	45.7	-8.44	-20.7	-25.0	-0.173	-1.59	47.6	-3.31	-3.47
hourly	kospi	front70	high-1.5|score-11	next_open	406	70	43.1	0	67.1	34.7	-13.25	-20.7	-20.7	0.1	0.59	60.0	-3.31	-1.89
hourly	kospi	front70	high-1.5|score-11	same_close	406	70	43.1	0	67.1	43.5	-9.38	-20.7	-26.0	-0.173	-1.6	47.1	-3.31	-3.5
hourly	kospi	front70	high-2.0	next_open	406	32	19.7	0	67.1	47.8	-7.53	-20.7	-16.9	0.178	0.58	53.1	-3.31	-2.59
hourly	kospi	front70	high-2.0	same_close	406	32	19.7	0	67.1	55.8	-4.3	-20.7	-22.9	-0.082	-0.47	53.1	-3.31	-3.44
hourly	kospi	front70	high-2.0|score-11	next_open	406	41	25.2	0	67.1	41.1	-10.39	-20.7	-20.4	0.205	0.85	63.4	-3.31	-2.39
hourly	kospi	front70	high-2.0|score-11	same_close	406	41	25.2	0	67.1	52.8	-5.51	-20.7	-23.9	-0.134	-0.85	51.2	-3.31	-3.48
hourly	kospi	front70	high-2.5	next_open	406	15	9.2	0	67.1	54.7	-4.72	-20.7	-18.3	0.309	0.64	53.3	-3.31	-2.83
hourly	kospi	front70	high-2.5	same_close	406	15	9.2	0	67.1	61.7	-2.02	-20.7	-21.4	0.238	0.69	80.0	-3.31	-3.37
hourly	kospi	front70	high-2.5|score-11	next_open	406	26	16.0	0	67.1	42.9	-9.64	-20.7	-22.1	0.397	1.23	69.2	-3.31	-2.59
hourly	kospi	front70	high-2.5|score-11	same_close	406	26	16.0	0	67.1	57.8	-3.5	-20.7	-22.7	-0.012	-0.05	65.4	-3.31	-3.42
hourly	kospi	front70	high-3.0	next_open	406	6	3.7	0	67.1	53.7	-5.14	-20.7	-21.5	1.188	1.76	83.3	-3.31	-3.25
hourly	kospi	front70	high-3.0	same_close	406	6	3.7	0	67.1	64.9	-0.81	-20.7	-21.0	0.268	0.34	83.3	-3.31	-3.33
hourly	kospi	front70	high-3.0|score-11	next_open	406	18	11.1	0	67.1	43.1	-9.56	-20.7	-25.4	0.653	2.08	83.3	-3.31	-2.97
hourly	kospi	front70	high-3.0|score-11	same_close	406	18	11.1	0	67.1	60.6	-2.43	-20.7	-22.4	-0.202	-0.67	55.6	-3.31	-3.4
hourly	kospi	front70	high-4.0	next_open	406	2	1.2	0	67.1	56.6	-4.0	-20.7	-21.7	3.087		100.0	-3.31	-3.35
hourly	kospi	front70	high-4.0	same_close	406	2	1.2	0	67.1	66.3	-0.28	-20.7	-20.9	0.125		50.0	-3.31	-3.33
hourly	kospi	front70	high-4.0|score-11	next_open	406	15	9.2	0	67.1	44.1	-9.09	-20.7	-25.6	0.776	2.13	86.7	-3.31	-3.02
hourly	kospi	front70	high-4.0|score-11	same_close	406	15	9.2	0	67.1	61.6	-2.03	-20.7	-22.2	-0.341	-1.14	46.7	-3.31	-3.4
hourly	kospi	front70	high-5.0	next_open	406	1	0.6	0	67.1	63.2	-1.44	-20.7	-22.5	2.121		100.0	-3.31	-3.25
hourly	kospi	front70	high-5.0	same_close	406	1	0.6	0	67.1	66.7	-0.14	-20.7	-20.9	-1.58		0.0	-3.31	-3.32
hourly	kospi	front70	high-5.0|score-11	next_open	406	15	9.2	0	67.1	42.6	-9.74	-20.7	-26.4	0.847	2.26	86.7	-3.31	-3.07
hourly	kospi	front70	high-5.0|score-11	same_close	406	15	9.2	0	67.1	61.6	-2.04	-20.7	-22.2	-0.272	-1.02	46.7	-3.31	-3.4
hourly	kospi	back30	score-11	next_open	175	15	21.4	0	57.4	57.5	0.15	-38.6	-36.6	-0.163	-0.17	53.3	-6.95	-5.51
hourly	kospi	back30	score-11	same_close	175	15	21.4	0	57.4	52.2	-4.77	-38.6	-38.9	-1.155	-1.23	46.7	-6.95	-7.01
hourly	kospi	back30	prev-1.5	next_open	175	55	78.6	22	57.4	73.4	13.84	-38.6	-23.2	-0.293	-0.48	56.4	-6.95	-1.3
hourly	kospi	back30	prev-1.5	same_close	175	77	110.0	0	57.4	32.8	-24.2	-38.6	-41.3	-0.311	-0.89	53.2	-6.95	-7.16
hourly	kospi	back30	prev-1.5|score-11	next_open	175	55	78.6	22	57.4	72.9	13.47	-38.6	-23.2	-0.288	-0.47	56.4	-6.95	-1.29
hourly	kospi	back30	prev-1.5|score-11	same_close	175	77	110.0	0	57.4	32.8	-24.2	-38.6	-41.3	-0.308	-0.88	53.2	-6.95	-7.16
hourly	kospi	back30	prev-2.0	next_open	175	48	68.6	16	57.4	70.7	11.6	-38.6	-30.3	-0.283	-0.42	50.0	-6.95	-1.83
hourly	kospi	back30	prev-2.0	same_close	175	64	91.4	0	57.4	36.6	-20.2	-38.6	-41.2	-0.441	-1.1	48.4	-6.95	-7.16
hourly	kospi	back30	prev-2.0|score-11	next_open	175	49	70.0	16	57.4	65.5	7.19	-38.6	-30.3	-0.217	-0.33	51.0	-6.95	-1.8
hourly	kospi	back30	prev-2.0|score-11	same_close	175	65	92.9	0	57.4	36.3	-20.51	-38.6	-41.2	-0.413	-1.04	49.2	-6.95	-7.16
hourly	kospi	back30	prev-2.5	next_open	175	44	62.9	12	57.4	64.2	6.05	-38.6	-30.3	-0.21	-0.3	52.3	-6.95	-2.4
hourly	kospi	back30	prev-2.5	same_close	175	56	80.0	0	57.4	39.0	-17.74	-38.6	-40.9	-0.427	-0.95	44.6	-6.95	-7.16
hourly	kospi	back30	prev-2.5|score-11	next_open	175	45	64.3	12	57.4	60.8	3.1	-38.6	-30.3	-0.162	-0.24	53.3	-6.95	-2.34
hourly	kospi	back30	prev-2.5|score-11	same_close	175	57	81.4	0	57.4	38.7	-18.04	-38.6	-40.9	-0.413	-0.93	45.6	-6.95	-7.16
hourly	kospi	back30	prev-3.0	next_open	175	45	64.3	5	57.4	65.1	6.86	-38.6	-30.0	-0.226	-0.33	48.9	-6.95	-2.87
hourly	kospi	back30	prev-3.0	same_close	175	50	71.4	0	57.4	40.8	-15.9	-38.6	-40.8	-0.387	-0.8	40.0	-6.95	-7.16
hourly	kospi	back30	prev-3.0|score-11	next_open	175	46	65.7	5	57.4	64.0	5.92	-38.6	-29.7	-0.21	-0.31	50.0	-6.95	-2.79
hourly	kospi	back30	prev-3.0|score-11	same_close	175	51	72.9	0	57.4	40.5	-16.2	-38.6	-40.8	-0.399	-0.82	41.2	-6.95	-7.16
hourly	kospi	back30	prev-4.0	next_open	175	35	50.0	1	57.4	43.7	-13.03	-38.6	-28.1	0.126	0.17	51.4	-6.95	-4.14
hourly	kospi	back30	prev-4.0	same_close	175	36	51.4	0	57.4	45.1	-11.55	-38.6	-40.3	-0.69	-1.28	33.3	-6.95	-7.16
hourly	kospi	back30	prev-4.0|score-11	next_open	175	38	54.3	1	57.4	46.9	-9.79	-38.6	-27.0	0.042	0.06	52.6	-6.95	-3.95
hourly	kospi	back30	prev-4.0|score-11	same_close	175	39	55.7	0	57.4	44.2	-12.47	-38.6	-40.3	-0.78	-1.53	38.5	-6.95	-7.16
hourly	kospi	back30	prev-5.0	next_open	175	27	38.6	0	57.4	53.5	-3.59	-38.6	-34.6	-0.065	-0.09	44.4	-6.95	-4.95
hourly	kospi	back30	prev-5.0	same_close	175	27	38.6	0	57.4	48.0	-8.74	-38.6	-40.3	-0.876	-1.58	33.3	-6.95	-7.16
hourly	kospi	back30	prev-5.0|score-11	next_open	175	32	45.7	0	57.4	62.9	4.92	-38.6	-33.0	-0.271	-0.43	46.9	-6.95	-4.61
hourly	kospi	back30	prev-5.0|score-11	same_close	175	32	45.7	0	57.4	46.4	-10.28	-38.6	-40.3	-0.845	-1.56	37.5	-6.95	-7.16
hourly	kospi	back30	high-1.5	next_open	175	120	171.4	0	57.4	29.6	-27.75	-38.6	-17.3	-0.034	-0.1	50.4	-6.95	-1.08
hourly	kospi	back30	high-1.5	same_close	175	120	171.4	0	57.4	21.5	-37.01	-38.6	-42.1	-0.289	-1.23	55.8	-6.95	-7.16
hourly	kospi	back30	high-1.5|score-11	next_open	175	121	172.9	0	57.4	38.5	-18.22	-38.6	-16.1	-0.091	-0.28	49.2	-6.95	-0.91
hourly	kospi	back30	high-1.5|score-11	same_close	175	121	172.9	0	57.4	21.2	-37.31	-38.6	-42.1	-0.321	-1.36	56.2	-6.95	-7.16
hourly	kospi	back30	high-2.0	next_open	175	86	122.9	0	57.4	45.1	-11.58	-38.6	-22.5	-0.12	-0.3	45.9	-6.95	-1.8
hourly	kospi	back30	high-2.0	same_close	175	86	122.9	0	57.4	30.6	-26.63	-38.6	-41.9	-0.454	-1.57	50.0	-6.95	-7.16
hourly	kospi	back30	high-2.0|score-11	next_open	175	91	130.0	0	57.4	49.4	-7.39	-38.6	-22.9	-0.158	-0.42	46.7	-6.95	-1.53
hourly	kospi	back30	high-2.0|score-11	same_close	175	91	130.0	0	57.4	29.2	-28.19	-38.6	-41.9	-0.42	-1.48	51.6	-6.95	-7.16
hourly	kospi	back30	high-2.5	next_open	175	64	91.4	0	57.4	50.3	-6.58	-38.6	-27.0	-0.072	-0.15	48.4	-6.95	-2.64
hourly	kospi	back30	high-2.5	same_close	175	64	91.4	0	57.4	36.9	-19.93	-38.6	-41.5	-0.44	-1.22	51.6	-6.95	-7.15
hourly	kospi	back30	high-2.5|score-11	next_open	175	70	100.0	0	57.4	47.6	-9.12	-38.6	-25.2	-0.056	-0.12	50.0	-6.95	-2.27
hourly	kospi	back30	high-2.5|score-11	same_close	175	70	100.0	0	57.4	35.1	-21.8	-38.6	-41.5	-0.383	-1.09	54.3	-6.95	-7.15
hourly	kospi	back30	high-3.0	next_open	175	57	81.4	0	57.4	19.9	-38.82	-38.6	-34.4	0.34	0.63	50.9	-6.95	-3.02
hourly	kospi	back30	high-3.0	same_close	175	57	81.4	0	57.4	38.9	-17.84	-38.6	-41.4	-0.127	-0.31	52.6	-6.95	-7.14
hourly	kospi	back30	high-3.0|score-11	next_open	175	63	90.0	0	57.4	21.5	-36.95	-38.6	-31.5	0.27	0.54	52.4	-6.95	-2.55
hourly	kospi	back30	high-3.0|score-11	same_close	175	63	90.0	0	57.4	37.1	-19.7	-38.6	-41.4	-0.141	-0.36	55.6	-6.95	-7.14
hourly	kospi	back30	high-4.0	next_open	175	38	54.3	0	57.4	28.3	-29.22	-38.6	-39.3	0.401	0.59	50.0	-6.95	-4.17
hourly	kospi	back30	high-4.0	same_close	175	38	54.3	0	57.4	44.6	-12.04	-38.6	-41.0	-0.134	-0.26	52.6	-6.95	-7.11
hourly	kospi	back30	high-4.0|score-11	next_open	175	45	64.3	0	57.4	31.1	-26.12	-38.6	-38.4	0.262	0.44	51.1	-6.95	-3.56
hourly	kospi	back30	high-4.0|score-11	same_close	175	45	64.3	0	57.4	42.5	-14.22	-38.6	-41.0	-0.268	-0.55	55.6	-6.95	-7.12
hourly	kospi	back30	high-5.0	next_open	175	24	34.3	0	57.4	66.9	8.43	-38.6	-42.0	-0.414	-0.6	41.7	-6.95	-4.99
hourly	kospi	back30	high-5.0	same_close	175	24	34.3	0	57.4	49.1	-7.69	-38.6	-40.7	-0.541	-1.0	50.0	-6.95	-7.08
hourly	kospi	back30	high-5.0|score-11	next_open	175	33	47.1	0	57.4	58.6	1.12	-38.6	-40.5	-0.184	-0.29	45.5	-6.95	-4.35
hourly	kospi	back30	high-5.0|score-11	same_close	175	33	47.1	0	57.4	46.2	-10.51	-38.6	-40.7	-0.504	-0.94	54.5	-6.95	-7.1
hourly	kosdaq	all	score-11	next_open	581	29	12.5	0	2.7	-6.6	-4.06	-47.4	-47.2	0.139	0.28	62.1	-6.44	-4.98
hourly	kosdaq	all	score-11	same_close	581	29	12.5	0	2.7	-3.7	-2.76	-47.4	-47.9	-0.815	-1.56	44.8	-6.44	-6.53
hourly	kosdaq	all	prev-1.5	next_open	581	143	61.5	14	2.7	-21.2	-11.4	-47.4	-33.0	-0.028	-0.12	54.5	-6.44	-1.4
hourly	kosdaq	all	prev-1.5	same_close	581	157	67.6	0	2.7	-27.2	-14.79	-47.4	-52.3	-0.412	-2.32	45.9	-6.44	-6.65
hourly	kosdaq	all	prev-1.5|score-11	next_open	581	145	62.4	14	2.7	-22.8	-12.24	-47.4	-33.6	-0.017	-0.08	55.2	-6.44	-1.4
hourly	kosdaq	all	prev-1.5|score-11	same_close	581	159	68.4	0	2.7	-27.5	-14.98	-47.4	-52.3	-0.403	-2.29	46.5	-6.44	-6.65
hourly	kosdaq	all	prev-2.0	next_open	581	109	46.9	9	2.7	-19.1	-10.26	-47.4	-36.0	0.041	0.15	56.9	-6.44	-1.64
hourly	kosdaq	all	prev-2.0	same_close	581	118	50.8	0	2.7	-20.8	-11.17	-47.4	-51.5	-0.374	-1.64	44.9	-6.44	-6.65
hourly	kosdaq	all	prev-2.0|score-11	next_open	581	112	48.2	9	2.7	-21.8	-11.74	-47.4	-35.9	0.066	0.24	57.1	-6.44	-1.64
hourly	kosdaq	all	prev-2.0|score-11	same_close	581	121	52.1	0	2.7	-21.3	-11.45	-47.4	-51.5	-0.353	-1.57	45.5	-6.44	-6.65
hourly	kosdaq	all	prev-2.5	next_open	581	79	34.0	4	2.7	-7.2	-4.36	-47.4	-39.9	-0.051	-0.16	48.1	-6.44	-2.3
hourly	kosdaq	all	prev-2.5	same_close	581	83	35.7	0	2.7	-14.5	-7.89	-47.4	-51.2	-0.6	-2.12	44.6	-6.44	-6.65
hourly	kosdaq	all	prev-2.5|score-11	next_open	581	84	36.1	4	2.7	-10.0	-5.68	-47.4	-41.6	-0.023	-0.07	48.8	-6.44	-2.27
hourly	kosdaq	all	prev-2.5|score-11	same_close	581	88	37.9	0	2.7	-15.5	-8.36	-47.4	-51.2	-0.571	-2.09	45.5	-6.44	-6.65
hourly	kosdaq	all	prev-3.0	next_open	581	61	26.2	2	2.7	-4.7	-3.22	-47.4	-44.1	-0.05	-0.12	49.2	-6.44	-2.68
hourly	kosdaq	all	prev-3.0	same_close	581	63	27.1	0	2.7	-10.7	-6.02	-47.4	-50.7	-0.568	-1.6	46.0	-6.44	-6.65
hourly	kosdaq	all	prev-3.0|score-11	next_open	581	68	29.3	2	2.7	-5.4	-3.54	-47.4	-45.0	-0.054	-0.14	51.5	-6.44	-2.6
hourly	kosdaq	all	prev-3.0|score-11	same_close	581	70	30.1	0	2.7	-12.1	-6.67	-47.4	-50.7	-0.563	-1.7	44.3	-6.44	-6.65
hourly	kosdaq	all	prev-4.0	next_open	581	39	16.8	1	2.7	-11.6	-6.42	-47.4	-51.8	0.199	0.43	61.5	-6.44	-3.81
hourly	kosdaq	all	prev-4.0	same_close	581	40	17.2	0	2.7	-6.1	-3.86	-47.4	-50.2	-0.587	-1.34	42.5	-6.44	-6.64
hourly	kosdaq	all	prev-4.0|score-11	next_open	581	55	23.7	1	2.7	-8.3	-4.88	-47.4	-50.9	0.02	0.06	60.0	-6.44	-3.32
hourly	kosdaq	all	prev-4.0|score-11	same_close	581	56	24.1	0	2.7	-9.4	-5.36	-47.4	-50.2	-0.609	-1.76	41.1	-6.44	-6.65
hourly	kosdaq	all	prev-5.0	next_open	581	26	11.2	0	2.7	-16.7	-8.97	-47.4	-53.4	0.62	1.06	57.7	-6.44	-4.87
hourly	kosdaq	all	prev-5.0	same_close	581	26	11.2	0	2.7	-3.2	-2.53	-47.4	-49.4	-0.391	-0.66	46.2	-6.44	-6.61
hourly	kosdaq	all	prev-5.0|score-11	next_open	581	45	19.4	0	2.7	-11.6	-6.42	-47.4	-50.9	0.143	0.37	60.0	-6.44	-4.15
hourly	kosdaq	all	prev-5.0|score-11	same_close	581	45	19.4	0	2.7	-7.1	-4.32	-47.4	-49.4	-0.556	-1.39	46.7	-6.44	-6.62
hourly	kosdaq	all	high-1.5	next_open	581	215	92.5	0	2.7	4.7	0.83	-47.4	-24.5	-0.223	-1.5	50.7	-6.44	-1.25
hourly	kosdaq	all	high-1.5	same_close	581	215	92.5	0	2.7	-35.6	-20.06	-47.4	-54.3	-0.419	-3.27	42.3	-6.44	-6.65
hourly	kosdaq	all	high-1.5|score-11	next_open	581	223	96.0	0	2.7	3.9	0.51	-47.4	-25.8	-0.219	-1.5	51.1	-6.44	-0.99
hourly	kosdaq	all	high-1.5|score-11	same_close	581	223	96.0	0	2.7	-36.7	-20.81	-47.4	-54.6	-0.42	-3.26	42.6	-6.44	-6.65
hourly	kosdaq	all	high-2.0	next_open	581	144	62.0	0	2.7	-16.2	-8.74	-47.4	-32.0	-0.079	-0.39	53.5	-6.44	-1.85
hourly	kosdaq	all	high-2.0	same_close	581	144	62.0	0	2.7	-25.0	-13.49	-47.4	-53.3	-0.402	-2.4	42.4	-6.44	-6.65
hourly	kosdaq	all	high-2.0|score-11	next_open	581	155	66.7	0	2.7	-13.2	-7.23	-47.4	-30.6	-0.11	-0.58	54.2	-6.44	-1.46
hourly	kosdaq	all	high-2.0|score-11	same_close	581	155	66.7	0	2.7	-26.7	-14.52	-47.4	-53.7	-0.412	-2.46	43.2	-6.44	-6.65
hourly	kosdaq	all	high-2.5	next_open	581	104	44.8	0	2.7	-26.8	-14.54	-47.4	-44.6	0.096	0.38	56.7	-6.44	-2.33
hourly	kosdaq	all	high-2.5	same_close	581	104	44.8	0	2.7	-18.2	-9.79	-47.4	-52.8	-0.294	-1.4	45.2	-6.44	-6.64
hourly	kosdaq	all	high-2.5|score-11	next_open	581	117	50.3	0	2.7	-20.5	-11.0	-47.4	-42.0	-0.008	-0.04	55.6	-6.44	-1.82
hourly	kosdaq	all	high-2.5|score-11	same_close	581	117	50.3	0	2.7	-20.5	-11.0	-47.4	-53.2	-0.362	-1.78	43.6	-6.44	-6.64
hourly	kosdaq	all	high-3.0	next_open	581	71	30.6	0	2.7	-14.7	-7.95	-47.4	-41.7	0.076	0.24	50.7	-6.44	-3.08
hourly	kosdaq	all	high-3.0	same_close	581	71	30.6	0	2.7	-12.2	-6.74	-47.4	-51.4	-0.248	-0.9	47.9	-6.44	-6.63
hourly	kosdaq	all	high-3.0|score-11	next_open	581	87	37.4	0	2.7	-13.7	-7.49	-47.4	-39.6	0.013	0.05	51.7	-6.44	-2.46
hourly	kosdaq	all	high-3.0|score-11	same_close	581	87	37.4	0	2.7	-15.2	-8.23	-47.4	-51.7	-0.348	-1.35	46.0	-6.44	-6.64
hourly	kosdaq	all	high-4.0	next_open	581	37	15.9	0	2.7	-10.3	-5.83	-47.4	-47.8	0.187	0.38	56.8	-6.44	-4.32
hourly	kosdaq	all	high-4.0	same_close	581	37	15.9	0	2.7	-5.4	-3.55	-47.4	-50.1	-0.12	-0.27	51.4	-6.44	-6.58
hourly	kosdaq	all	high-4.0|score-11	next_open	581	58	25.0	0	2.7	-13.3	-7.26	-47.4	-44.8	0.103	0.3	60.3	-6.44	-3.46
hourly	kosdaq	all	high-4.0|score-11	same_close	581	58	25.0	0	2.7	-9.7	-5.52	-47.4	-50.3	-0.369	-1.08	50.0	-6.44	-6.6
hourly	kosdaq	all	high-5.0	next_open	581	26	11.2	0	2.7	-19.4	-10.44	-47.4	-56.4	0.749	1.35	65.4	-6.44	-4.96
hourly	kosdaq	all	high-5.0	same_close	581	26	11.2	0	2.7	-3.2	-2.51	-47.4	-49.6	0.427	0.72	69.2	-6.44	-6.55
hourly	kosdaq	all	high-5.0|score-11	next_open	581	50	21.5	0	2.7	-27.2	-14.8	-47.4	-54.7	0.502	1.34	66.0	-6.44	-4.13
hourly	kosdaq	all	high-5.0|score-11	same_close	581	50	21.5	0	2.7	-8.1	-4.78	-47.4	-49.9	-0.074	-0.18	60.0	-6.44	-6.59
hourly	kosdaq	front70	score-11	next_open	406	14	8.6	0	8.7	-4.6	-7.99	-28.0	-31.0	0.722	1.71	71.4	-3.63	-3.47
hourly	kosdaq	front70	score-11	same_close	406	14	8.6	0	8.7	5.4	-1.89	-28.0	-28.4	-0.058	-0.18	42.9	-3.63	-3.72
hourly	kosdaq	front70	prev-1.5	next_open	406	73	45.0	2	8.7	-12.1	-13.06	-28.0	-23.9	0.09	0.41	57.5	-3.63	-1.68
hourly	kosdaq	front70	prev-1.5	same_close	406	75	46.2	0	8.7	-7.8	-10.1	-28.0	-32.9	-0.301	-1.68	46.7	-3.63	-3.84
hourly	kosdaq	front70	prev-1.5|score-11	next_open	406	75	46.2	2	8.7	-13.0	-13.67	-28.0	-24.8	0.095	0.44	57.3	-3.63	-1.67
hourly	kosdaq	front70	prev-1.5|score-11	same_close	406	77	47.4	0	8.7	-8.2	-10.37	-28.0	-33.2	-0.297	-1.71	46.8	-3.63	-3.84
hourly	kosdaq	front70	prev-2.0	next_open	406	49	30.2	0	8.7	-10.0	-11.63	-28.0	-24.9	0.182	0.7	65.3	-3.63	-2.08
hourly	kosdaq	front70	prev-2.0	same_close	406	49	30.2	0	8.7	-2.4	-6.63	-28.0	-31.0	-0.324	-1.32	40.8	-3.63	-3.85
hourly	kosdaq	front70	prev-2.0|score-11	next_open	406	52	32.0	0	8.7	-13.2	-13.85	-28.0	-28.0	0.23	0.91	65.4	-3.63	-2.02
hourly	kosdaq	front70	prev-2.0|score-11	same_close	406	52	32.0	0	8.7	-3.1	-7.03	-28.0	-31.2	-0.274	-1.13	42.3	-3.63	-3.85
hourly	kosdaq	front70	prev-2.5	next_open	406	28	17.2	0	8.7	-0.3	-5.28	-28.0	-22.7	0.106	0.28	57.1	-3.63	-2.57
hourly	kosdaq	front70	prev-2.5	same_close	406	28	17.2	0	8.7	2.1	-3.81	-28.0	-29.8	-0.507	-1.35	39.3	-3.63	-3.84
hourly	kosdaq	front70	prev-2.5|score-11	next_open	406	31	19.1	0	8.7	-0.8	-5.59	-28.0	-24.6	0.092	0.26	54.8	-3.63	-2.42
hourly	kosdaq	front70	prev-2.5|score-11	same_close	406	31	19.1	0	8.7	1.5	-4.2	-28.0	-30.0	-0.505	-1.41	38.7	-3.63	-3.84
hourly	kosdaq	front70	prev-3.0	next_open	406	16	9.9	0	8.7	5.6	-1.75	-28.0	-21.1	-0.017	-0.03	50.0	-3.63	-2.86
hourly	kosdaq	front70	prev-3.0	same_close	406	16	9.9	0	8.7	4.9	-2.19	-28.0	-28.8	-0.822	-1.42	37.5	-3.63	-3.78
hourly	kosdaq	front70	prev-3.0|score-11	next_open	406	21	12.9	0	8.7	4.4	-2.49	-28.0	-24.8	-0.006	-0.01	52.4	-3.63	-2.6
hourly	kosdaq	front70	prev-3.0|score-11	same_close	406	21	12.9	0	8.7	3.7	-2.85	-28.0	-29.1	-0.707	-1.46	33.3	-3.63	-3.78
hourly	kosdaq	front70	prev-4.0	next_open	406	7	4.3	0	8.7	9.5	0.48	-28.0	-23.0	-0.304	-0.31	71.4	-3.63	-3.2
hourly	kosdaq	front70	prev-4.0	same_close	406	7	4.3	0	8.7	7.0	-0.97	-28.0	-28.7	-1.25	-1.12	28.6	-3.63	-3.71
hourly	kosdaq	front70	prev-4.0|score-11	next_open	406	19	11.7	0	8.7	0.4	-4.88	-28.0	-26.9	0.216	0.47	68.4	-3.63	-2.94
hourly	kosdaq	front70	prev-4.0|score-11	same_close	406	19	11.7	0	8.7	4.2	-2.59	-28.0	-28.9	-0.59	-1.26	31.6	-3.63	-3.77
hourly	kosdaq	front70	prev-5.0	next_open	406	3	1.8	0	8.7	7.0	-0.92	-28.0	-25.1	0.33	0.14	66.7	-3.63	-3.46
hourly	kosdaq	front70	prev-5.0	same_close	406	3	1.8	0	8.7	7.9	-0.42	-28.0	-28.4	-1.457	-0.54	33.3	-3.63	-3.67
hourly	kosdaq	front70	prev-5.0|score-11	next_open	406	16	9.9	0	8.7	-2.0	-6.36	-28.0	-28.9	0.443	0.92	68.8	-3.63	-3.17
hourly	kosdaq	front70	prev-5.0|score-11	same_close	406	16	9.9	0	8.7	4.9	-2.17	-28.0	-28.8	-0.478	-0.95	37.5	-3.63	-3.74
hourly	kosdaq	front70	high-1.5	next_open	406	104	64.0	0	8.7	-4.7	-8.11	-28.0	-23.5	-0.083	-0.65	53.8	-3.63	-1.95
hourly	kosdaq	front70	high-1.5	same_close	406	104	64.0	0	8.7	-13.4	-13.95	-28.0	-36.0	-0.239	-2.3	44.2	-3.63	-3.84
hourly	kosdaq	front70	high-1.5|score-11	next_open	406	109	67.1	0	8.7	-8.7	-10.72	-28.0	-25.8	-0.049	-0.38	54.1	-3.63	-1.77
hourly	kosdaq	front70	high-1.5|score-11	same_close	406	109	67.1	0	8.7	-14.3	-14.62	-28.0	-36.5	-0.22	-2.06	44.0	-3.63	-3.85
hourly	kosdaq	front70	high-2.0	next_open	406	54	33.3	0	8.7	-9.4	-11.17	-28.0	-25.4	0.128	0.63	57.4	-3.63	-2.52
hourly	kosdaq	front70	high-2.0	same_close	406	54	33.3	0	8.7	-3.5	-7.29	-28.0	-31.3	-0.175	-1.05	40.7	-3.63	-3.83
hourly	kosdaq	front70	high-2.0|score-11	next_open	406	61	37.6	0	8.7	-13.1	-13.76	-28.0	-29.2	0.159	0.82	59.0	-3.63	-2.29
hourly	kosdaq	front70	high-2.0|score-11	same_close	406	61	37.6	0	8.7	-4.9	-8.23	-28.0	-32.1	-0.17	-1.03	41.0	-3.63	-3.85
hourly	kosdaq	front70	high-2.5	next_open	406	25	15.4	0	8.7	-2.0	-6.33	-28.0	-24.6	0.208	0.56	60.0	-3.63	-2.91
hourly	kosdaq	front70	high-2.5	same_close	406	25	15.4	0	8.7	2.8	-3.38	-28.0	-29.9	-0.08	-0.24	56.0	-3.63	-3.77
hourly	kosdaq	front70	high-2.5|score-11	next_open	406	34	20.9	0	8.7	-5.4	-8.53	-28.0	-28.0	0.202	0.69	58.8	-3.63	-2.63
hourly	kosdaq	front70	high-2.5|score-11	same_close	406	34	20.9	0	8.7	0.8	-4.6	-28.0	-30.3	-0.14	-0.51	44.1	-3.63	-3.82
hourly	kosdaq	front70	high-3.0	next_open	406	15	9.2	0	8.7	-5.7	-8.73	-28.0	-27.4	0.751	1.3	66.7	-3.63	-3.16
hourly	kosdaq	front70	high-3.0	same_close	406	15	9.2	0	8.7	5.1	-2.04	-28.0	-29.0	0.324	0.58	73.3	-3.63	-3.71
hourly	kosdaq	front70	high-3.0|score-11	next_open	406	24	14.8	0	8.7	-7.1	-9.67	-28.0	-30.4	0.451	1.21	62.5	-3.63	-2.8
hourly	kosdaq	front70	high-3.0|score-11	same_close	406	24	14.8	0	8.7	3.1	-3.25	-28.0	-29.4	0.001	0.0	50.0	-3.63	-3.75
hourly	kosdaq	front70	high-4.0	next_open	406	3	1.8	0	8.7	7.0	-0.93	-28.0	-26.3	0.32	0.15	66.7	-3.63	-3.39
hourly	kosdaq	front70	high-4.0	same_close	406	3	1.8	0	8.7	7.9	-0.42	-28.0	-28.4	-0.377	-0.14	66.7	-3.63	-3.66
hourly	kosdaq	front70	high-4.0|score-11	next_open	406	16	9.9	0	8.7	-2.3	-6.53	-28.0	-29.3	0.458	1.01	68.8	-3.63	-3.11
hourly	kosdaq	front70	high-4.0|score-11	same_close	406	16	9.9	0	8.7	4.9	-2.17	-28.0	-28.8	-0.259	-0.51	43.8	-3.63	-3.73
hourly	kosdaq	front70	high-5.0	next_open	406	2	1.2	0	8.7	5.8	-1.62	-28.0	-26.4	1.156		50.0	-3.63	-3.58
hourly	kosdaq	front70	high-5.0	same_close	406	2	1.2	0	8.7	8.2	-0.28	-28.0	-28.2	-0.84		50.0	-3.63	-3.66
hourly	kosdaq	front70	high-5.0|score-11	next_open	406	15	9.2	0	8.7	-2.3	-6.57	-28.0	-29.3	0.506	1.13	66.7	-3.63	-3.25
hourly	kosdaq	front70	high-5.0|score-11	same_close	406	15	9.2	0	8.7	5.1	-2.04	-28.0	-28.6	-0.385	-0.86	40.0	-3.63	-3.73
hourly	kosdaq	back30	score-11	next_open	175	15	21.4	0	-5.5	-2.1	5.06	-47.4	-47.2	-0.404	-0.48	53.3	-6.01	-4.55
hourly	kosdaq	back30	score-11	same_close	175	15	21.4	0	-5.5	-8.6	-4.76	-47.4	-47.9	-1.521	-1.62	46.7	-6.01	-6.1
hourly	kosdaq	back30	prev-1.5	next_open	175	70	100.0	12	-5.5	-10.4	-7.55	-47.4	-33.0	-0.151	-0.38	51.4	-6.01	-1.5
hourly	kosdaq	back30	prev-1.5	same_close	175	82	117.1	0	-5.5	-21.0	-25.67	-47.4	-52.3	-0.514	-1.72	45.1	-6.01	-6.22
hourly	kosdaq	back30	prev-1.5|score-11	next_open	175	70	100.0	12	-5.5	-11.2	-8.93	-47.4	-33.6	-0.137	-0.34	52.9	-6.01	-1.5
hourly	kosdaq	back30	prev-1.5|score-11	same_close	175	82	117.1	0	-5.5	-21.1	-25.67	-47.4	-52.3	-0.502	-1.68	46.3	-6.01	-6.22
hourly	kosdaq	back30	prev-2.0	next_open	175	60	85.7	9	-5.5	-10.1	-7.09	-47.4	-36.0	-0.074	-0.16	50.0	-6.01	-1.75
hourly	kosdaq	back30	prev-2.0	same_close	175	69	98.6	0	-5.5	-18.8	-21.69	-47.4	-51.5	-0.409	-1.16	47.8	-6.01	-6.22
hourly	kosdaq	back30	prev-2.0|score-11	next_open	175	60	85.7	9	-5.5	-9.9	-6.84	-47.4	-35.9	-0.077	-0.17	50.0	-6.01	-1.75
hourly	kosdaq	back30	prev-2.0|score-11	same_close	175	69	98.6	0	-5.5	-18.8	-21.69	-47.4	-51.5	-0.412	-1.17	47.8	-6.01	-6.22
hourly	kosdaq	back30	prev-2.5	next_open	175	51	72.9	4	-5.5	-7.0	-2.21	-47.4	-39.9	-0.137	-0.3	43.1	-6.01	-2.43
hourly	kosdaq	back30	prev-2.5	same_close	175	55	78.6	0	-5.5	-16.3	-17.37	-47.4	-51.2	-0.648	-1.68	47.3	-6.01	-6.22
hourly	kosdaq	back30	prev-2.5|score-11	next_open	175	53	75.7	4	-5.5	-9.3	-5.91	-47.4	-41.6	-0.09	-0.2	45.3	-6.01	-2.41
hourly	kosdaq	back30	prev-2.5|score-11	same_close	175	57	81.4	0	-5.5	-16.7	-17.99	-47.4	-51.2	-0.607	-1.61	49.1	-6.01	-6.22
hourly	kosdaq	back30	prev-3.0	next_open	175	45	64.3	2	-5.5	-9.8	-6.62	-47.4	-44.1	-0.061	-0.12	48.9	-6.01	-2.86
hourly	kosdaq	back30	prev-3.0	same_close	175	47	67.1	0	-5.5	-14.9	-14.91	-47.4	-50.7	-0.482	-1.1	48.9	-6.01	-6.22
hourly	kosdaq	back30	prev-3.0|score-11	next_open	175	47	67.1	2	-5.5	-9.4	-5.98	-47.4	-45.0	-0.075	-0.15	51.1	-6.01	-2.77
hourly	kosdaq	back30	prev-3.0|score-11	same_close	175	49	70.0	0	-5.5	-15.2	-15.52	-47.4	-50.7	-0.502	-1.17	49.0	-6.01	-6.22
hourly	kosdaq	back30	prev-4.0	next_open	175	32	45.7	1	-5.5	-19.2	-22.43	-47.4	-51.8	0.309	0.6	59.4	-6.01	-3.89
hourly	kosdaq	back30	prev-4.0	same_close	175	33	47.1	0	-5.5	-12.2	-10.57	-47.4	-50.2	-0.446	-0.93	45.5	-6.01	-6.21
hourly	kosdaq	back30	prev-4.0|score-11	next_open	175	36	51.4	1	-5.5	-8.7	-4.88	-47.4	-50.9	-0.083	-0.17	55.6	-6.01	-3.4
hourly	kosdaq	back30	prev-4.0|score-11	same_close	175	37	52.9	0	-5.5	-13.0	-11.79	-47.4	-50.2	-0.619	-1.31	45.9	-6.01	-6.22
hourly	kosdaq	back30	prev-5.0	next_open	175	23	32.9	0	-5.5	-22.1	-27.66	-47.4	-53.4	0.658	1.08	56.5	-6.01	-4.87
hourly	kosdaq	back30	prev-5.0	same_close	175	23	32.9	0	-5.5	-10.3	-7.44	-47.4	-49.4	-0.252	-0.42	47.8	-6.01	-6.19
hourly	kosdaq	back30	prev-5.0|score-11	next_open	175	29	41.4	0	-5.5	-9.7	-6.55	-47.4	-50.9	-0.023	-0.04	55.2	-6.01	-4.15
hourly	kosdaq	back30	prev-5.0|score-11	same_close	175	29	41.4	0	-5.5	-11.5	-9.29	-47.4	-49.4	-0.598	-1.07	51.7	-6.01	-6.2
hourly	kosdaq	back30	high-1.5	next_open	175	111	158.6	0	-5.5	9.9	21.56	-47.4	-24.5	-0.355	-1.36	47.7	-6.01	-1.21
hourly	kosdaq	back30	high-1.5	same_close	175	111	158.6	0	-5.5	-25.7	-34.26	-47.4	-54.3	-0.589	-2.58	40.5	-6.01	-6.22
hourly	kosdaq	back30	high-1.5|score-11	next_open	175	114	162.9	0	-5.5	13.8	26.58	-47.4	-24.5	-0.381	-1.48	48.2	-6.01	-0.95
hourly	kosdaq	back30	high-1.5|score-11	same_close	175	114	162.9	0	-5.5	-26.1	-35.18	-47.4	-54.6	-0.611	-2.66	41.2	-6.01	-6.22
hourly	kosdaq	back30	high-2.0	next_open	175	90	128.6	0	-5.5	-7.5	-3.08	-47.4	-32.0	-0.204	-0.69	51.1	-6.01	-1.91
hourly	kosdaq	back30	high-2.0	same_close	175	90	128.6	0	-5.5	-22.3	-27.89	-47.4	-53.3	-0.539	-2.16	43.3	-6.01	-6.22
hourly	kosdaq	back30	high-2.0|score-11	next_open	175	94	134.3	0	-5.5	-0.1	7.9	-47.4	-30.6	-0.285	-1.0	51.1	-6.01	-1.52
hourly	kosdaq	back30	high-2.0|score-11	same_close	175	94	134.3	0	-5.5	-22.9	-29.11	-47.4	-53.7	-0.57	-2.24	44.7	-6.01	-6.22
hourly	kosdaq	back30	high-2.5	next_open	175	79	112.9	0	-5.5	-25.3	-33.57	-47.4	-44.6	0.06	0.19	55.7	-6.01	-2.48
hourly	kosdaq	back30	high-2.5	same_close	175	79	112.9	0	-5.5	-20.5	-24.65	-47.4	-52.8	-0.361	-1.41	41.8	-6.01	-6.22
hourly	kosdaq	back30	high-2.5|score-11	next_open	175	83	118.6	0	-5.5	-16.0	-16.73	-47.4	-42.0	-0.094	-0.32	54.2	-6.01	-1.97
hourly	kosdaq	back30	high-2.5|score-11	same_close	175	83	118.6	0	-5.5	-21.2	-25.87	-47.4	-53.2	-0.453	-1.71	43.4	-6.01	-6.22
hourly	kosdaq	back30	high-3.0	next_open	175	56	80.0	0	-5.5	-9.5	-6.14	-47.4	-41.7	-0.104	-0.28	46.4	-6.01	-3.16
hourly	kosdaq	back30	high-3.0	same_close	175	56	80.0	0	-5.5	-16.5	-17.63	-47.4	-51.4	-0.401	-1.26	41.1	-6.01	-6.21
hourly	kosdaq	back30	high-3.0|score-11	next_open	175	63	90.0	0	-5.5	-7.1	-2.45	-47.4	-39.6	-0.154	-0.44	47.6	-6.01	-2.54
hourly	kosdaq	back30	high-3.0|score-11	same_close	175	63	90.0	0	-5.5	-17.7	-19.81	-47.4	-51.7	-0.48	-1.49	44.4	-6.01	-6.22
hourly	kosdaq	back30	high-4.0	next_open	175	34	48.6	0	-5.5	-16.2	-17.21	-47.4	-47.8	0.175	0.35	55.9	-6.01	-4.29
hourly	kosdaq	back30	high-4.0	same_close	175	34	48.6	0	-5.5	-12.4	-10.8	-47.4	-50.1	-0.097	-0.22	50.0	-6.01	-6.16
hourly	kosdaq	back30	high-4.0|score-11	next_open	175	42	60.0	0	-5.5	-11.2	-8.95	-47.4	-44.8	-0.032	-0.07	57.1	-6.01	-3.43
hourly	kosdaq	back30	high-4.0|score-11	same_close	175	42	60.0	0	-5.5	-13.9	-13.29	-47.4	-50.3	-0.411	-0.95	52.4	-6.01	-6.18
hourly	kosdaq	back30	high-5.0	next_open	175	24	34.3	0	-5.5	-23.9	-30.89	-47.4	-56.4	0.715	1.28	66.7	-6.01	-4.79
hourly	kosdaq	back30	high-5.0	same_close	175	24	34.3	0	-5.5	-10.5	-7.68	-47.4	-49.6	0.532	0.9	70.8	-6.01	-6.12
hourly	kosdaq	back30	high-5.0|score-11	next_open	175	35	50.0	0	-5.5	-25.5	-33.89	-47.4	-54.7	0.5	0.99	65.7	-6.01	-3.96
hourly	kosdaq	back30	high-5.0|score-11	same_close	175	35	50.0	0	-5.5	-12.6	-11.14	-47.4	-49.9	0.059	0.11	68.6	-6.01	-6.16
daily_high_first	kospi	all	prev-1.5	next_open	2882	357	31.0	39	257.0	37.3	-8.29	-43.9	-52.8	0.072	0.64	60.8	-7.36	-1.2
daily_high_first	kospi	all	prev-1.5	same_close	2882	396	34.4	0	257.0	49.9	-7.53	-43.9	-51.3	-0.117	-1.41	50.0	-7.36	-7.56
daily_high_first	kospi	all	prev-2.0	next_open	2882	190	16.5	22	257.0	131.4	-3.76	-43.9	-42.7	0.044	0.23	60.5	-7.36	-1.94
daily_high_first	kospi	all	prev-2.0	same_close	2882	212	18.4	0	257.0	123.8	-4.05	-43.9	-47.5	-0.237	-1.68	46.2	-7.36	-7.56
daily_high_first	kospi	all	prev-2.5	next_open	2882	126	10.9	16	257.0	182.8	-2.02	-43.9	-40.2	0.009	0.03	60.3	-7.36	-2.24
daily_high_first	kospi	all	prev-2.5	same_close	2882	142	12.3	0	257.0	160.7	-2.73	-43.9	-46.6	-0.281	-1.41	45.1	-7.36	-7.56
daily_high_first	kospi	all	prev-3.0	next_open	2882	97	8.4	7	257.0	175.0	-2.26	-43.9	-41.9	0.102	0.3	57.7	-7.36	-2.97
daily_high_first	kospi	all	prev-3.0	same_close	2882	104	9.0	0	257.0	183.2	-2.01	-43.9	-46.0	-0.243	-0.94	42.3	-7.36	-7.56
daily_high_first	kospi	all	prev-4.0	next_open	2882	52	4.5	2	257.0	176.5	-2.21	-43.9	-43.8	0.333	0.65	53.8	-7.36	-4.14
daily_high_first	kospi	all	prev-4.0	same_close	2882	54	4.7	0	257.0	216.2	-1.05	-43.9	-44.8	-0.509	-1.3	40.7	-7.36	-7.56
daily_high_first	kospi	all	prev-5.0	next_open	2882	34	2.9	1	257.0	207.8	-1.29	-43.9	-42.9	0.27	0.44	47.1	-7.36	-4.95
daily_high_first	kospi	all	prev-5.0	same_close	2882	35	3.0	0	257.0	229.7	-0.69	-43.9	-44.3	-0.721	-1.54	37.1	-7.36	-7.57
daily_high_first	kospi	all	high-1.5	next_open	2882	637	55.3	0	257.0	-92.4	-33.36	-43.9	-94.6	0.409	5.25	67.6	-7.36	-0.91
daily_high_first	kospi	all	high-1.5	same_close	2882	637	55.3	0	257.0	-9.9	-11.94	-43.9	-59.4	0.205	3.57	65.3	-7.36	-7.56
daily_high_first	kospi	all	high-2.0	next_open	2882	334	29.0	0	257.0	-61.2	-19.25	-43.9	-72.5	0.48	3.55	64.3	-7.36	-1.41
daily_high_first	kospi	all	high-2.0	same_close	2882	334	29.0	0	257.0	73.2	-6.27	-43.9	-47.6	0.255	2.6	66.8	-7.36	-7.55
daily_high_first	kospi	all	high-2.5	next_open	2882	185	16.0	0	257.0	-2.1	-11.22	-43.9	-43.3	0.528	2.41	60.5	-7.36	-2.19
daily_high_first	kospi	all	high-2.5	same_close	2882	185	16.0	0	257.0	138.9	-3.48	-43.9	-45.7	0.198	1.25	64.3	-7.36	-7.55
daily_high_first	kospi	all	high-3.0	next_open	2882	134	11.6	0	257.0	4.4	-10.67	-43.9	-41.2	0.755	2.68	63.4	-7.36	-2.88
daily_high_first	kospi	all	high-3.0	same_close	2882	134	11.6	0	257.0	166.7	-2.53	-43.9	-44.9	0.392	1.9	64.2	-7.36	-7.55
daily_high_first	kospi	all	high-4.0	next_open	2882	77	6.7	0	257.0	36.7	-8.32	-43.9	-53.1	1.103	2.55	62.3	-7.36	-4.09
daily_high_first	kospi	all	high-4.0	same_close	2882	77	6.7	0	257.0	201.5	-1.47	-43.9	-44.6	0.734	2.29	66.2	-7.36	-7.52
daily_high_first	kospi	all	high-5.0	next_open	2882	47	4.1	0	257.0	94.3	-5.28	-43.9	-58.1	1.151	2.03	61.7	-7.36	-5.14
daily_high_first	kospi	all	high-5.0	same_close	2882	47	4.1	0	257.0	221.7	-0.9	-43.9	-44.4	0.839	1.86	61.7	-7.36	-7.5
daily_high_first	kospi	front70	prev-1.5	next_open	2017	221	27.4	11	25.8	-40.3	-9.24	-43.9	-50.6	0.127	1.49	62.0	-3.99	-1.87
daily_high_first	kospi	front70	prev-1.5	same_close	2017	232	28.8	0	25.8	-24.3	-6.29	-43.9	-51.3	-0.031	-0.45	50.0	-3.99	-4.2
daily_high_first	kospi	front70	prev-2.0	next_open	2017	94	11.7	5	25.8	-3.9	-3.34	-43.9	-41.7	0.077	0.53	60.6	-3.99	-2.4
daily_high_first	kospi	front70	prev-2.0	same_close	2017	99	12.3	0	25.8	1.2	-2.7	-43.9	-47.5	-0.103	-0.82	44.4	-3.99	-4.2
daily_high_first	kospi	front70	prev-2.5	next_open	2017	56	6.9	3	25.8	5.8	-2.15	-43.9	-39.0	0.102	0.48	58.9	-3.99	-2.75
daily_high_first	kospi	front70	prev-2.5	same_close	2017	59	7.3	0	25.8	10.4	-1.62	-43.9	-46.6	-0.066	-0.37	49.2	-3.99	-4.2
daily_high_first	kospi	front70	prev-3.0	next_open	2017	35	4.3	2	25.8	4.9	-2.26	-43.9	-41.9	0.312	1.13	60.0	-3.99	-3.34
daily_high_first	kospi	front70	prev-3.0	same_close	2017	37	4.6	0	25.8	15.9	-1.02	-43.9	-46.0	0.088	0.35	48.6	-3.99	-4.2
daily_high_first	kospi	front70	prev-4.0	next_open	2017	11	1.4	1	25.8	13.3	-1.3	-43.9	-43.8	0.745	1.38	54.5	-3.99	-3.84
daily_high_first	kospi	front70	prev-4.0	same_close	2017	12	1.5	0	25.8	22.5	-0.33	-43.9	-44.8	0.264	0.47	58.3	-3.99	-4.08
daily_high_first	kospi	front70	prev-5.0	next_open	2017	3	0.4	1	25.8	22.5	-0.33	-43.9	-42.9	0.687	0.52	33.3	-3.99	-3.85
daily_high_first	kospi	front70	prev-5.0	same_close	2017	4	0.5	0	25.8	24.7	-0.11	-43.9	-44.3	0.246	0.18	75.0	-3.99	-4.03
daily_high_first	kospi	front70	high-1.5	next_open	2017	329	40.8	0	25.8	-86.5	-27.64	-43.9	-87.7	0.47	5.84	71.0	-3.99	-1.54
daily_high_first	kospi	front70	high-1.5	same_close	2017	329	40.8	0	25.8	-38.3	-8.84	-43.9	-53.3	0.334	5.32	65.0	-3.99	-4.2
daily_high_first	kospi	front70	high-2.0	next_open	2017	146	18.1	0	25.8	-60.6	-14.39	-43.9	-67.1	0.597	3.84	70.5	-3.99	-2.1
daily_high_first	kospi	front70	high-2.0	same_close	2017	146	18.1	0	25.8	-8.3	-3.93	-43.9	-47.6	0.436	3.62	67.1	-3.99	-4.15
daily_high_first	kospi	front70	high-2.5	next_open	2017	61	7.6	0	25.8	-22.2	-5.96	-43.9	-43.3	0.602	1.92	70.5	-3.99	-2.51
daily_high_first	kospi	front70	high-2.5	same_close	2017	61	7.6	0	25.8	10.2	-1.65	-43.9	-45.7	0.293	1.22	60.7	-3.99	-4.13
daily_high_first	kospi	front70	high-3.0	next_open	2017	40	5.0	0	25.8	-10.5	-4.22	-43.9	-41.2	0.673	1.53	65.0	-3.99	-2.81
daily_high_first	kospi	front70	high-3.0	same_close	2017	40	5.0	0	25.8	15.3	-1.08	-43.9	-44.9	0.351	1.08	57.5	-3.99	-4.11
daily_high_first	kospi	front70	high-4.0	next_open	2017	17	2.1	0	25.8	14.7	-1.15	-43.9	-37.5	0.384	0.45	58.8	-3.99	-3.32
daily_high_first	kospi	front70	high-4.0	same_close	2017	17	2.1	0	25.8	21.2	-0.46	-43.9	-44.6	0.51	0.83	64.7	-3.99	-4.08
daily_high_first	kospi	front70	high-5.0	next_open	2017	9	1.1	0	25.8	14.4	-1.18	-43.9	-42.5	0.916	0.68	55.6	-3.99	-3.81
daily_high_first	kospi	front70	high-5.0	same_close	2017	9	1.1	0	25.8	23.4	-0.25	-43.9	-44.4	1.363	1.2	66.7	-3.99	-4.04
daily_high_first	kospi	back30	prev-1.5	next_open	865	136	39.3	28	183.7	129.9	-6.07	-38.6	-23.2	-0.016	-0.06	58.8	-7.2	-1.12
daily_high_first	kospi	back30	prev-1.5	same_close	865	164	47.4	0	183.7	97.9	-10.4	-38.6	-41.3	-0.24	-1.36	50.0	-7.2	-7.41
daily_high_first	kospi	back30	prev-2.0	next_open	865	96	27.7	17	183.7	140.8	-4.73	-38.6	-30.3	0.011	0.03	60.4	-7.2	-1.84
daily_high_first	kospi	back30	prev-2.0	same_close	865	113	32.7	0	183.7	121.1	-7.2	-38.6	-41.2	-0.355	-1.47	47.8	-7.2	-7.41
daily_high_first	kospi	back30	prev-2.5	next_open	865	70	20.2	13	183.7	167.3	-1.72	-38.6	-30.3	-0.066	-0.15	61.4	-7.2	-2.14
daily_high_first	kospi	back30	prev-2.5	same_close	865	83	24.0	0	183.7	136.0	-5.31	-38.6	-40.9	-0.434	-1.37	42.2	-7.2	-7.41
daily_high_first	kospi	back30	prev-3.0	next_open	865	62	17.9	5	183.7	162.2	-2.27	-38.6	-30.0	-0.017	-0.03	56.5	-7.2	-2.87
daily_high_first	kospi	back30	prev-3.0	same_close	865	67	19.4	0	183.7	144.4	-4.31	-38.6	-40.8	-0.426	-1.13	38.8	-7.2	-7.41
daily_high_first	kospi	back30	prev-4.0	next_open	865	41	11.8	1	183.7	144.1	-4.35	-38.6	-28.1	0.223	0.35	53.7	-7.2	-4.04
daily_high_first	kospi	back30	prev-4.0	same_close	865	42	12.1	0	183.7	158.1	-2.73	-38.6	-40.3	-0.729	-1.53	35.7	-7.2	-7.41
daily_high_first	kospi	back30	prev-5.0	next_open	865	31	9.0	0	183.7	151.2	-3.51	-38.6	-34.6	0.23	0.35	48.4	-7.2	-4.95
daily_high_first	kospi	back30	prev-5.0	same_close	865	31	9.0	0	183.7	164.4	-2.03	-38.6	-40.3	-0.846	-1.68	32.3	-7.2	-7.41
daily_high_first	kospi	back30	high-1.5	next_open	865	308	89.0	0	183.7	-44.1	-46.93	-38.6	-58.7	0.343	2.51	63.8	-7.2	-0.84
daily_high_first	kospi	back30	high-1.5	same_close	865	308	89.0	0	183.7	46.1	-19.17	-38.6	-42.1	0.067	0.69	65.6	-7.2	-7.41
daily_high_first	kospi	back30	high-2.0	next_open	865	188	54.3	0	183.7	-1.5	-30.58	-38.6	-26.4	0.389	1.87	59.4	-7.2	-1.34
daily_high_first	kospi	back30	high-2.0	same_close	865	188	54.3	0	183.7	89.0	-11.73	-38.6	-42.1	0.114	0.78	66.5	-7.2	-7.4
daily_high_first	kospi	back30	high-2.5	next_open	865	124	35.8	0	183.7	25.8	-23.5	-38.6	-29.8	0.491	1.7	55.6	-7.2	-2.21
daily_high_first	kospi	back30	high-2.5	same_close	865	124	35.8	0	183.7	116.9	-7.76	-38.6	-42.1	0.151	0.73	66.1	-7.2	-7.4
daily_high_first	kospi	back30	high-3.0	next_open	865	94	27.2	0	183.7	16.6	-25.7	-38.6	-39.2	0.79	2.22	62.8	-7.2	-2.9
daily_high_first	kospi	back30	high-3.0	same_close	865	94	27.2	0	183.7	131.3	-5.9	-38.6	-42.1	0.41	1.57	67.0	-7.2	-7.4
daily_high_first	kospi	back30	high-4.0	next_open	865	60	17.3	0	183.7	19.2	-25.06	-38.6	-53.1	1.306	2.61	63.3	-7.2	-4.12
daily_high_first	kospi	back30	high-4.0	same_close	865	60	17.3	0	183.7	148.7	-3.8	-38.6	-41.5	0.797	2.13	66.7	-7.2	-7.37
daily_high_first	kospi	back30	high-5.0	next_open	865	38	11.0	0	183.7	69.9	-14.82	-38.6	-58.1	1.207	1.9	63.2	-7.2	-5.17
daily_high_first	kospi	back30	high-5.0	same_close	865	38	11.0	0	183.7	160.7	-2.44	-38.6	-41.3	0.715	1.45	60.5	-7.2	-7.35
daily_high_first	kosdaq	all	prev-1.5	next_open	2882	567	49.2	44	57.6	-47.1	-9.47	-53.8	-61.1	-0.005	-0.06	53.1	-7.29	-1.41
daily_high_first	kosdaq	all	prev-1.5	same_close	2882	611	53.0	0	57.6	-58.6	-11.6	-53.8	-76.6	-0.216	-3.08	44.2	-7.29	-7.5
daily_high_first	kosdaq	all	prev-2.0	next_open	2882	365	31.7	20	57.6	-17.8	-5.65	-53.8	-47.1	-0.016	-0.14	52.3	-7.29	-1.7
daily_high_first	kosdaq	all	prev-2.0	same_close	2882	385	33.4	0	57.6	-32.4	-7.34	-53.8	-65.4	-0.257	-2.6	40.8	-7.29	-7.5
daily_high_first	kosdaq	all	prev-2.5	next_open	2882	234	20.3	11	57.6	4.1	-3.6	-53.8	-48.3	-0.018	-0.12	53.4	-7.29	-2.1
daily_high_first	kosdaq	all	prev-2.5	same_close	2882	245	21.3	0	57.6	-8.3	-4.7	-53.8	-58.1	-0.39	-2.98	41.2	-7.29	-7.5
daily_high_first	kosdaq	all	prev-3.0	next_open	2882	170	14.7	5	57.6	6.8	-3.38	-53.8	-46.8	0.037	0.2	55.9	-7.29	-2.67
daily_high_first	kosdaq	all	prev-3.0	same_close	2882	175	15.2	0	57.6	6.9	-3.37	-53.8	-57.3	-0.349	-2.1	42.9	-7.29	-7.5
daily_high_first	kosdaq	all	prev-4.0	next_open	2882	89	7.7	3	57.6	8.9	-3.21	-53.8	-51.8	0.226	0.8	59.6	-7.29	-3.54
daily_high_first	kosdaq	all	prev-4.0	same_close	2882	92	8.0	0	57.6	28.2	-1.79	-53.8	-55.8	-0.26	-1.03	41.3	-7.29	-7.5
daily_high_first	kosdaq	all	prev-5.0	next_open	2882	50	4.3	0	57.6	-3.7	-4.28	-53.8	-57.5	0.807	1.9	66.0	-7.29	-4.86
daily_high_first	kosdaq	all	prev-5.0	same_close	2882	50	4.3	0	57.6	40.8	-0.98	-53.8	-54.7	-0.105	-0.27	50.0	-7.29	-7.5
daily_high_first	kosdaq	all	high-1.5	next_open	2882	1101	95.5	0	57.6	-99.2	-45.95	-53.8	-99.4	0.28	5.38	63.9	-7.29	-1.24
daily_high_first	kosdaq	all	high-1.5	same_close	2882	1101	95.5	0	57.6	-85.4	-20.66	-53.8	-91.2	0.104	2.38	59.4	-7.29	-7.5
daily_high_first	kosdaq	all	high-2.0	next_open	2882	658	57.1	0	57.6	-96.9	-34.19	-53.8	-97.7	0.403	5.18	62.6	-7.29	-1.88
daily_high_first	kosdaq	all	high-2.0	same_close	2882	658	57.1	0	57.6	-62.2	-12.4	-53.8	-78.3	0.199	3.05	58.1	-7.29	-7.5
daily_high_first	kosdaq	all	high-2.5	next_open	2882	401	34.8	0	57.6	-92.6	-26.57	-53.8	-94.6	0.574	4.95	65.1	-7.29	-2.39
daily_high_first	kosdaq	all	high-2.5	same_close	2882	401	34.8	0	57.6	-34.2	-7.58	-53.8	-65.8	0.336	3.44	56.6	-7.29	-7.5
daily_high_first	kosdaq	all	high-3.0	next_open	2882	250	21.7	0	57.6	-84.3	-20.0	-53.8	-89.0	0.741	4.45	64.0	-7.29	-2.98
daily_high_first	kosdaq	all	high-3.0	same_close	2882	250	21.7	0	57.6	-8.8	-4.74	-53.8	-58.4	0.436	3.09	55.2	-7.29	-7.5
daily_high_first	kosdaq	all	high-4.0	next_open	2882	122	10.6	0	57.6	-68.1	-13.87	-53.8	-79.8	1.144	4.06	67.2	-7.29	-4.42
daily_high_first	kosdaq	all	high-4.0	same_close	2882	122	10.6	0	57.6	20.5	-2.33	-53.8	-55.7	0.764	3.09	57.4	-7.29	-7.47
daily_high_first	kosdaq	all	high-5.0	next_open	2882	72	6.2	0	57.6	-52.1	-10.34	-53.8	-70.1	1.5	3.74	73.6	-7.29	-5.43
daily_high_first	kosdaq	all	high-5.0	same_close	2882	72	6.2	0	57.6	34.4	-1.39	-53.8	-55.0	1.197	3.27	70.8	-7.29	-7.45
daily_high_first	kosdaq	front70	prev-1.5	next_open	2017	362	44.9	27	45.3	-32.0	-9.4	-53.8	-55.0	0.003	0.03	53.7	-5.63	-1.54
daily_high_first	kosdaq	front70	prev-1.5	same_close	2017	389	48.2	0	45.3	-38.0	-10.55	-53.8	-64.2	-0.151	-1.9	44.0	-5.63	-5.83
daily_high_first	kosdaq	front70	prev-2.0	next_open	2017	224	27.8	11	45.3	-5.7	-5.36	-53.8	-44.2	-0.017	-0.13	51.6	-5.63	-2.05
daily_high_first	kosdaq	front70	prev-2.0	same_close	2017	235	29.1	0	45.3	-13.3	-6.41	-53.8	-60.5	-0.17	-1.52	39.6	-5.63	-5.83
daily_high_first	kosdaq	front70	prev-2.5	next_open	2017	132	16.4	7	45.3	16.3	-2.76	-53.8	-45.4	-0.033	-0.2	55.3	-5.63	-2.73
daily_high_first	kosdaq	front70	prev-2.5	same_close	2017	139	17.2	0	45.3	6.9	-3.81	-53.8	-58.1	-0.293	-1.91	38.8	-5.63	-5.83
daily_high_first	kosdaq	front70	prev-3.0	next_open	2017	97	12.0	3	45.3	16.0	-2.79	-53.8	-44.0	0.03	0.15	57.7	-5.63	-3.32
daily_high_first	kosdaq	front70	prev-3.0	same_close	2017	100	12.4	0	45.3	16.3	-2.75	-53.8	-57.3	-0.249	-1.37	41.0	-5.63	-5.84
daily_high_first	kosdaq	front70	prev-4.0	next_open	2017	44	5.5	2	45.3	18.5	-2.53	-53.8	-50.2	0.272	0.7	59.1	-5.63	-4.21
daily_high_first	kosdaq	front70	prev-4.0	same_close	2017	46	5.7	0	45.3	31.0	-1.28	-53.8	-55.8	-0.042	-0.13	39.1	-5.63	-5.84
daily_high_first	kosdaq	front70	prev-5.0	next_open	2017	20	2.5	0	45.3	21.9	-2.18	-53.8	-52.2	0.703	0.98	70.0	-5.63	-4.93
daily_high_first	kosdaq	front70	prev-5.0	same_close	2017	20	2.5	0	45.3	38.9	-0.56	-53.8	-54.7	0.184	0.3	50.0	-5.63	-5.76
daily_high_first	kosdaq	front70	high-1.5	next_open	2017	675	83.7	0	45.3	-95.8	-44.07	-53.8	-96.9	0.323	4.94	65.3	-5.63	-1.22
daily_high_first	kosdaq	front70	high-1.5	same_close	2017	675	83.7	0	45.3	-66.3	-18.12	-53.8	-77.9	0.15	2.78	59.4	-5.63	-5.83
daily_high_first	kosdaq	front70	high-2.0	next_open	2017	386	47.8	0	45.3	-85.6	-28.62	-53.8	-89.5	0.397	3.93	62.1	-5.63	-1.75
daily_high_first	kosdaq	front70	high-2.0	same_close	2017	386	47.8	0	45.3	-37.3	-10.41	-53.8	-64.3	0.239	2.83	57.5	-5.63	-5.83
daily_high_first	kosdaq	front70	high-2.5	next_open	2017	228	28.3	0	45.3	-73.6	-21.16	-53.8	-82.4	0.559	3.6	64.5	-5.63	-2.26
daily_high_first	kosdaq	front70	high-2.5	same_close	2017	228	28.3	0	45.3	-11.7	-6.18	-53.8	-60.3	0.367	2.85	55.3	-5.63	-5.84
daily_high_first	kosdaq	front70	high-3.0	next_open	2017	132	16.4	0	45.3	-53.5	-14.13	-53.8	-71.5	0.683	2.91	62.1	-5.63	-3.05
daily_high_first	kosdaq	front70	high-3.0	same_close	2017	132	16.4	0	45.3	8.8	-3.59	-53.8	-58.4	0.391	2.0	49.2	-5.63	-5.79
daily_high_first	kosdaq	front70	high-4.0	next_open	2017	60	7.4	0	45.3	-24.6	-8.13	-53.8	-57.9	0.928	2.22	63.3	-5.63	-4.08
daily_high_first	kosdaq	front70	high-4.0	same_close	2017	60	7.4	0	45.3	27.3	-1.64	-53.8	-55.7	0.586	1.66	50.0	-5.63	-5.76
daily_high_first	kosdaq	front70	high-5.0	next_open	2017	31	3.8	0	45.3	-5.4	-5.32	-53.8	-51.4	1.24	1.79	77.4	-5.63	-4.54
daily_high_first	kosdaq	front70	high-5.0	same_close	2017	31	3.8	0	45.3	35.6	-0.86	-53.8	-55.0	0.897	1.56	64.5	-5.63	-5.73
daily_high_first	kosdaq	back30	prev-1.5	next_open	865	205	59.2	17	8.5	-22.3	-9.64	-47.4	-35.6	-0.027	-0.16	51.7	-6.44	-1.4
daily_high_first	kosdaq	back30	prev-1.5	same_close	865	222	64.2	0	8.5	-33.3	-14.04	-47.4	-54.8	-0.33	-2.48	44.6	-6.44	-6.65
daily_high_first	kosdaq	back30	prev-2.0	next_open	865	141	40.8	9	8.5	-12.9	-6.36	-47.4	-35.2	-0.03	-0.14	53.2	-6.44	-1.64
daily_high_first	kosdaq	back30	prev-2.0	same_close	865	150	43.4	0	8.5	-22.0	-9.53	-47.4	-51.6	-0.393	-2.15	42.7	-6.44	-6.65
daily_high_first	kosdaq	back30	prev-2.5	next_open	865	102	29.5	4	8.5	-10.5	-5.56	-47.4	-39.9	0.001	0.0	51.0	-6.44	-2.3
daily_high_first	kosdaq	back30	prev-2.5	same_close	865	106	30.6	0	8.5	-14.2	-6.77	-47.4	-51.2	-0.517	-2.29	44.3	-6.44	-6.65
daily_high_first	kosdaq	back30	prev-3.0	next_open	865	73	21.1	2	8.5	-8.0	-4.76	-47.4	-44.1	0.046	0.14	53.4	-6.44	-2.68
daily_high_first	kosdaq	back30	prev-3.0	same_close	865	75	21.7	0	8.5	-8.1	-4.81	-47.4	-50.7	-0.481	-1.59	45.3	-6.44	-6.65
daily_high_first	kosdaq	back30	prev-4.0	next_open	865	45	13.0	1	8.5	-8.0	-4.78	-47.4	-51.8	0.182	0.44	60.0	-6.44	-3.67
daily_high_first	kosdaq	back30	prev-4.0	same_close	865	46	13.3	0	8.5	-2.1	-2.98	-47.4	-50.2	-0.478	-1.24	43.5	-6.44	-6.65
daily_high_first	kosdaq	back30	prev-5.0	next_open	865	30	8.7	0	8.5	-21.0	-9.19	-47.4	-57.5	0.877	1.66	63.3	-6.44	-4.88
daily_high_first	kosdaq	back30	prev-5.0	same_close	865	30	8.7	0	8.5	1.4	-1.96	-47.4	-49.4	-0.298	-0.58	50.0	-6.44	-6.63
daily_high_first	kosdaq	back30	high-1.5	next_open	865	426	123.1	0	8.5	-81.0	-50.35	-47.4	-83.8	0.209	2.43	61.7	-6.44	-1.06
daily_high_first	kosdaq	back30	high-1.5	same_close	865	426	123.1	0	8.5	-56.8	-26.58	-47.4	-69.0	0.029	0.41	59.4	-6.44	-6.65
daily_high_first	kosdaq	back30	high-2.0	next_open	865	272	78.6	0	8.5	-78.8	-47.19	-47.4	-81.2	0.405	3.32	63.2	-6.44	-1.83
daily_high_first	kosdaq	back30	high-2.0	same_close	865	272	78.6	0	8.5	-39.8	-17.04	-47.4	-58.1	0.142	1.38	58.8	-6.44	-6.65
daily_high_first	kosdaq	back30	high-2.5	next_open	865	173	50.0	0	8.5	-72.0	-39.17	-47.4	-76.9	0.594	3.39	65.9	-6.44	-2.41
daily_high_first	kosdaq	back30	high-2.5	same_close	865	173	50.0	0	8.5	-25.5	-10.86	-47.4	-54.1	0.294	1.96	58.4	-6.44	-6.64
daily_high_first	kosdaq	back30	high-3.0	next_open	865	118	34.1	0	8.5	-66.2	-33.68	-47.4	-72.0	0.805	3.4	66.1	-6.44	-2.88
daily_high_first	kosdaq	back30	high-3.0	same_close	865	118	34.1	0	8.5	-16.1	-7.44	-47.4	-52.6	0.486	2.38	61.9	-6.44	-6.64
daily_high_first	kosdaq	back30	high-4.0	next_open	865	62	17.9	0	8.5	-57.7	-27.24	-47.4	-66.7	1.353	3.55	71.0	-6.44	-4.17
daily_high_first	kosdaq	back30	high-4.0	same_close	865	62	17.9	0	8.5	-5.3	-3.93	-47.4	-50.9	0.935	2.7	64.5	-6.44	-6.6
daily_high_first	kosdaq	back30	high-5.0	next_open	865	41	11.8	0	8.5	-49.4	-22.03	-47.4	-64.8	1.697	3.56	70.7	-6.44	-4.85
daily_high_first	kosdaq	back30	high-5.0	same_close	865	41	11.8	0	8.5	-0.9	-2.62	-47.4	-50.2	1.423	3.0	75.6	-6.44	-6.56
daily_low_first	kospi	all	prev-1.5	next_open	2882	357	31.0	39	257.0	37.3	-8.29	-43.9	-52.8	0.072	0.64	60.8	-7.36	-1.2
daily_low_first	kospi	all	prev-1.5	same_close	2882	396	34.4	0	257.0	49.9	-7.53	-43.9	-51.3	-0.117	-1.41	50.0	-7.36	-7.56
daily_low_first	kospi	all	prev-2.0	next_open	2882	190	16.5	22	257.0	131.4	-3.76	-43.9	-42.7	0.044	0.23	60.5	-7.36	-1.94
daily_low_first	kospi	all	prev-2.0	same_close	2882	212	18.4	0	257.0	123.8	-4.05	-43.9	-47.5	-0.237	-1.68	46.2	-7.36	-7.56
daily_low_first	kospi	all	prev-2.5	next_open	2882	126	10.9	16	257.0	182.8	-2.02	-43.9	-40.2	0.009	0.03	60.3	-7.36	-2.24
daily_low_first	kospi	all	prev-2.5	same_close	2882	142	12.3	0	257.0	160.7	-2.73	-43.9	-46.6	-0.281	-1.41	45.1	-7.36	-7.56
daily_low_first	kospi	all	prev-3.0	next_open	2882	97	8.4	7	257.0	175.0	-2.26	-43.9	-41.9	0.102	0.3	57.7	-7.36	-2.97
daily_low_first	kospi	all	prev-3.0	same_close	2882	104	9.0	0	257.0	183.2	-2.01	-43.9	-46.0	-0.243	-0.94	42.3	-7.36	-7.56
daily_low_first	kospi	all	prev-4.0	next_open	2882	52	4.5	2	257.0	176.5	-2.21	-43.9	-43.8	0.333	0.65	53.8	-7.36	-4.14
daily_low_first	kospi	all	prev-4.0	same_close	2882	54	4.7	0	257.0	216.2	-1.05	-43.9	-44.8	-0.509	-1.3	40.7	-7.36	-7.56
daily_low_first	kospi	all	prev-5.0	next_open	2882	34	2.9	1	257.0	207.8	-1.29	-43.9	-42.9	0.27	0.44	47.1	-7.36	-4.95
daily_low_first	kospi	all	prev-5.0	same_close	2882	35	3.0	0	257.0	229.7	-0.69	-43.9	-44.3	-0.721	-1.54	37.1	-7.36	-7.57
daily_low_first	kospi	all	high-1.5	next_open	2882	321	27.8	0	257.0	64.8	-6.7	-43.9	-46.7	0.051	0.38	57.2	-7.36	-2.21
daily_low_first	kospi	all	high-1.5	same_close	2882	321	27.8	0	257.0	77.2	-6.08	-43.9	-48.5	-0.162	-1.73	39.3	-7.36	-7.56
daily_low_first	kospi	all	high-2.0	next_open	2882	161	14.0	0	257.0	123.8	-4.05	-43.9	-39.3	0.11	0.5	56.5	-7.36	-3.51
daily_low_first	kospi	all	high-2.0	same_close	2882	161	14.0	0	257.0	150.8	-3.06	-43.9	-46.2	-0.242	-1.5	42.9	-7.36	-7.55
daily_low_first	kospi	all	high-2.5	next_open	2882	98	8.5	0	257.0	203.1	-1.42	-43.9	-36.1	-0.003	-0.01	50.0	-7.36	-3.95
daily_low_first	kospi	all	high-2.5	same_close	2882	98	8.5	0	257.0	187.6	-1.87	-43.9	-45.1	-0.4	-1.73	40.8	-7.36	-7.54
daily_low_first	kospi	all	high-3.0	next_open	2882	74	6.4	0	257.0	149.3	-3.12	-43.9	-40.7	0.326	0.79	51.4	-7.36	-4.44
daily_low_first	kospi	all	high-3.0	same_close	2882	74	6.4	0	257.0	203.0	-1.42	-43.9	-44.6	-0.162	-0.54	45.9	-7.36	-7.55
daily_low_first	kospi	all	high-4.0	next_open	2882	42	3.6	0	257.0	225.7	-0.8	-43.9	-44.2	0.063	0.11	50.0	-7.36	-4.85
daily_low_first	kospi	all	high-4.0	same_close	2882	42	3.6	0	257.0	225.0	-0.81	-43.9	-44.4	-0.202	-0.42	42.9	-7.36	-7.5
daily_low_first	kospi	all	high-5.0	next_open	2882	25	2.2	0	257.0	274.9	0.42	-43.9	-39.8	-0.391	-0.79	48.0	-7.36	-5.79
daily_low_first	kospi	all	high-5.0	same_close	2882	25	2.2	0	257.0	237.4	-0.49	-43.9	-44.3	-0.817	-1.86	32.0	-7.36	-7.5
daily_low_first	kospi	front70	prev-1.5	next_open	2017	221	27.4	11	25.8	-40.3	-9.24	-43.9	-50.6	0.127	1.49	62.0	-3.99	-1.87
daily_low_first	kospi	front70	prev-1.5	same_close	2017	232	28.8	0	25.8	-24.3	-6.29	-43.9	-51.3	-0.031	-0.45	50.0	-3.99	-4.2
daily_low_first	kospi	front70	prev-2.0	next_open	2017	94	11.7	5	25.8	-3.9	-3.34	-43.9	-41.7	0.077	0.53	60.6	-3.99	-2.4
daily_low_first	kospi	front70	prev-2.0	same_close	2017	99	12.3	0	25.8	1.2	-2.7	-43.9	-47.5	-0.103	-0.82	44.4	-3.99	-4.2
daily_low_first	kospi	front70	prev-2.5	next_open	2017	56	6.9	3	25.8	5.8	-2.15	-43.9	-39.0	0.102	0.48	58.9	-3.99	-2.75
daily_low_first	kospi	front70	prev-2.5	same_close	2017	59	7.3	0	25.8	10.4	-1.62	-43.9	-46.6	-0.066	-0.37	49.2	-3.99	-4.2
daily_low_first	kospi	front70	prev-3.0	next_open	2017	35	4.3	2	25.8	4.9	-2.26	-43.9	-41.9	0.312	1.13	60.0	-3.99	-3.34
daily_low_first	kospi	front70	prev-3.0	same_close	2017	37	4.6	0	25.8	15.9	-1.02	-43.9	-46.0	0.088	0.35	48.6	-3.99	-4.2
daily_low_first	kospi	front70	prev-4.0	next_open	2017	11	1.4	1	25.8	13.3	-1.3	-43.9	-43.8	0.745	1.38	54.5	-3.99	-3.84
daily_low_first	kospi	front70	prev-4.0	same_close	2017	12	1.5	0	25.8	22.5	-0.33	-43.9	-44.8	0.264	0.47	58.3	-3.99	-4.08
daily_low_first	kospi	front70	prev-5.0	next_open	2017	3	0.4	1	25.8	22.5	-0.33	-43.9	-42.9	0.687	0.52	33.3	-3.99	-3.85
daily_low_first	kospi	front70	prev-5.0	same_close	2017	4	0.5	0	25.8	24.7	-0.11	-43.9	-44.3	0.246	0.18	75.0	-3.99	-4.03
daily_low_first	kospi	front70	high-1.5	next_open	2017	167	20.7	0	25.8	-3.5	-3.29	-43.9	-44.2	-0.048	-0.41	58.7	-3.99	-2.37
daily_low_first	kospi	front70	high-1.5	same_close	2017	167	20.7	0	25.8	-12.6	-4.52	-43.9	-48.5	-0.14	-1.42	38.3	-3.99	-4.18
daily_low_first	kospi	front70	high-2.0	next_open	2017	68	8.4	0	25.8	16.2	-0.99	-43.9	-39.3	-0.082	-0.34	61.8	-3.99	-2.7
daily_low_first	kospi	front70	high-2.0	same_close	2017	68	8.4	0	25.8	8.4	-1.85	-43.9	-46.2	-0.147	-0.69	42.6	-3.99	-4.14
daily_low_first	kospi	front70	high-2.5	next_open	2017	34	4.2	0	25.8	33.3	0.72	-43.9	-36.1	-0.364	-0.95	55.9	-3.99	-2.91
daily_low_first	kospi	front70	high-2.5	same_close	2017	34	4.2	0	25.8	16.8	-0.93	-43.9	-45.1	-0.563	-1.99	38.2	-3.99	-4.11
daily_low_first	kospi	front70	high-3.0	next_open	2017	23	2.9	0	25.8	37.0	1.06	-43.9	-36.3	-0.561	-1.12	43.5	-3.99	-3.01
daily_low_first	kospi	front70	high-3.0	same_close	2017	23	2.9	0	25.8	19.6	-0.63	-43.9	-44.6	-0.53	-1.35	34.8	-3.99	-4.09
daily_low_first	kospi	front70	high-4.0	next_open	2017	9	1.1	0	25.8	41.6	1.46	-43.9	-34.8	-1.487	-1.68	44.4	-3.99	-3.42
daily_low_first	kospi	front70	high-4.0	same_close	2017	9	1.1	0	25.8	23.4	-0.25	-43.9	-44.4	-0.793	-0.97	33.3	-3.99	-4.07
daily_low_first	kospi	front70	high-5.0	next_open	2017	5	0.6	0	25.8	31.9	0.58	-43.9	-39.8	-1.134	-1.04	60.0	-3.99	-3.89
daily_low_first	kospi	front70	high-5.0	same_close	2017	5	0.6	0	25.8	24.5	-0.14	-43.9	-44.3	-0.421	-0.29	40.0	-3.99	-4.03
daily_low_first	kospi	back30	prev-1.5	next_open	865	136	39.3	28	183.7	129.9	-6.07	-38.6	-23.2	-0.016	-0.06	58.8	-7.2	-1.12
daily_low_first	kospi	back30	prev-1.5	same_close	865	164	47.4	0	183.7	97.9	-10.4	-38.6	-41.3	-0.24	-1.36	50.0	-7.2	-7.41
daily_low_first	kospi	back30	prev-2.0	next_open	865	96	27.7	17	183.7	140.8	-4.73	-38.6	-30.3	0.011	0.03	60.4	-7.2	-1.84
daily_low_first	kospi	back30	prev-2.0	same_close	865	113	32.7	0	183.7	121.1	-7.2	-38.6	-41.2	-0.355	-1.47	47.8	-7.2	-7.41
daily_low_first	kospi	back30	prev-2.5	next_open	865	70	20.2	13	183.7	167.3	-1.72	-38.6	-30.3	-0.066	-0.15	61.4	-7.2	-2.14
daily_low_first	kospi	back30	prev-2.5	same_close	865	83	24.0	0	183.7	136.0	-5.31	-38.6	-40.9	-0.434	-1.37	42.2	-7.2	-7.41
daily_low_first	kospi	back30	prev-3.0	next_open	865	62	17.9	5	183.7	162.2	-2.27	-38.6	-30.0	-0.017	-0.03	56.5	-7.2	-2.87
daily_low_first	kospi	back30	prev-3.0	same_close	865	67	19.4	0	183.7	144.4	-4.31	-38.6	-40.8	-0.426	-1.13	38.8	-7.2	-7.41
daily_low_first	kospi	back30	prev-4.0	next_open	865	41	11.8	1	183.7	144.1	-4.35	-38.6	-28.1	0.223	0.35	53.7	-7.2	-4.04
daily_low_first	kospi	back30	prev-4.0	same_close	865	42	12.1	0	183.7	158.1	-2.73	-38.6	-40.3	-0.729	-1.53	35.7	-7.2	-7.41
daily_low_first	kospi	back30	prev-5.0	next_open	865	31	9.0	0	183.7	151.2	-3.51	-38.6	-34.6	0.23	0.35	48.4	-7.2	-4.95
daily_low_first	kospi	back30	prev-5.0	same_close	865	31	9.0	0	183.7	164.4	-2.03	-38.6	-40.3	-0.846	-1.68	32.3	-7.2	-7.41
daily_low_first	kospi	back30	high-1.5	next_open	865	154	44.5	0	183.7	70.8	-14.65	-38.6	-32.7	0.158	0.64	55.6	-7.2	-2.21
daily_low_first	kospi	back30	high-1.5	same_close	865	154	44.5	0	183.7	102.7	-9.71	-38.6	-41.9	-0.186	-1.14	40.3	-7.2	-7.41
daily_low_first	kospi	back30	high-2.0	next_open	865	93	26.9	0	183.7	92.6	-11.19	-38.6	-34.6	0.251	0.73	52.7	-7.2	-3.61
daily_low_first	kospi	back30	high-2.0	same_close	865	93	26.9	0	183.7	131.3	-5.89	-38.6	-41.7	-0.311	-1.34	43.0	-7.2	-7.4
daily_low_first	kospi	back30	high-2.5	next_open	865	64	18.5	0	183.7	127.3	-6.4	-38.6	-34.9	0.188	0.42	46.9	-7.2	-4.05
daily_low_first	kospi	back30	high-2.5	same_close	865	64	18.5	0	183.7	146.3	-4.08	-38.6	-41.4	-0.313	-0.97	42.2	-7.2	-7.39
daily_low_first	kospi	back30	high-3.0	next_open	865	51	14.7	0	183.7	81.9	-12.84	-38.6	-40.7	0.726	1.32	54.9	-7.2	-4.53
daily_low_first	kospi	back30	high-3.0	same_close	865	51	14.7	0	183.7	153.3	-3.27	-38.6	-41.3	0.004	0.01	51.0	-7.2	-7.39
daily_low_first	kospi	back30	high-4.0	next_open	865	33	9.5	0	183.7	130.0	-6.06	-38.6	-44.2	0.485	0.71	51.5	-7.2	-4.87
daily_low_first	kospi	back30	high-4.0	same_close	865	33	9.5	0	183.7	163.5	-2.13	-38.6	-40.9	-0.04	-0.07	45.5	-7.2	-7.35
daily_low_first	kospi	back30	high-5.0	next_open	865	20	5.8	0	183.7	184.2	0.05	-38.6	-39.3	-0.205	-0.37	45.0	-7.2	-5.79
daily_low_first	kospi	back30	high-5.0	same_close	865	20	5.8	0	183.7	171.1	-1.31	-38.6	-40.4	-0.916	-2.1	30.0	-7.2	-7.34
daily_low_first	kosdaq	all	prev-1.5	next_open	2882	567	49.2	44	57.6	-47.1	-9.47	-53.8	-61.1	-0.005	-0.06	53.1	-7.29	-1.41
daily_low_first	kosdaq	all	prev-1.5	same_close	2882	611	53.0	0	57.6	-58.6	-11.6	-53.8	-76.6	-0.216	-3.08	44.2	-7.29	-7.5
daily_low_first	kosdaq	all	prev-2.0	next_open	2882	365	31.7	20	57.6	-17.8	-5.65	-53.8	-47.1	-0.016	-0.14	52.3	-7.29	-1.7
daily_low_first	kosdaq	all	prev-2.0	same_close	2882	385	33.4	0	57.6	-32.4	-7.34	-53.8	-65.4	-0.257	-2.6	40.8	-7.29	-7.5
daily_low_first	kosdaq	all	prev-2.5	next_open	2882	234	20.3	11	57.6	4.1	-3.6	-53.8	-48.3	-0.018	-0.12	53.4	-7.29	-2.1
daily_low_first	kosdaq	all	prev-2.5	same_close	2882	245	21.3	0	57.6	-8.3	-4.7	-53.8	-58.1	-0.39	-2.98	41.2	-7.29	-7.5
daily_low_first	kosdaq	all	prev-3.0	next_open	2882	170	14.7	5	57.6	6.8	-3.38	-53.8	-46.8	0.037	0.2	55.9	-7.29	-2.67
daily_low_first	kosdaq	all	prev-3.0	same_close	2882	175	15.2	0	57.6	6.9	-3.37	-53.8	-57.3	-0.349	-2.1	42.9	-7.29	-7.5
daily_low_first	kosdaq	all	prev-4.0	next_open	2882	89	7.7	3	57.6	8.9	-3.21	-53.8	-51.8	0.226	0.8	59.6	-7.29	-3.54
daily_low_first	kosdaq	all	prev-4.0	same_close	2882	92	8.0	0	57.6	28.2	-1.79	-53.8	-55.8	-0.26	-1.03	41.3	-7.29	-7.5
daily_low_first	kosdaq	all	prev-5.0	next_open	2882	50	4.3	0	57.6	-3.7	-4.28	-53.8	-57.5	0.807	1.9	66.0	-7.29	-4.86
daily_low_first	kosdaq	all	prev-5.0	same_close	2882	50	4.3	0	57.6	40.8	-0.98	-53.8	-54.7	-0.105	-0.27	50.0	-7.29	-7.5
daily_low_first	kosdaq	all	high-1.5	next_open	2882	636	55.2	0	57.6	-21.7	-6.07	-53.8	-51.0	-0.091	-1.23	51.6	-7.29	-1.87
daily_low_first	kosdaq	all	high-1.5	same_close	2882	636	55.2	0	57.6	-60.6	-12.04	-53.8	-77.4	-0.262	-4.18	38.2	-7.29	-7.5
daily_low_first	kosdaq	all	high-2.0	next_open	2882	377	32.7	0	57.6	15.7	-2.68	-53.8	-49.5	-0.116	-1.1	50.9	-7.29	-2.43
daily_low_first	kosdaq	all	high-2.0	same_close	2882	377	32.7	0	57.6	-31.0	-7.17	-53.8	-64.5	-0.343	-3.89	33.7	-7.29	-7.5
daily_low_first	kosdaq	all	high-2.5	next_open	2882	234	20.3	0	57.6	29.9	-1.68	-53.8	-57.8	-0.112	-0.76	51.3	-7.29	-2.93
daily_low_first	kosdaq	all	high-2.5	same_close	2882	234	20.3	0	57.6	-5.9	-4.48	-53.8	-58.1	-0.411	-3.51	34.2	-7.29	-7.5
daily_low_first	kosdaq	all	high-3.0	next_open	2882	151	13.1	0	57.6	36.1	-1.28	-53.8	-52.7	-0.096	-0.5	53.6	-7.29	-3.7
daily_low_first	kosdaq	all	high-3.0	same_close	2882	151	13.1	0	57.6	12.8	-2.9	-53.8	-56.9	-0.477	-2.99	37.1	-7.29	-7.5
daily_low_first	kosdaq	all	high-4.0	next_open	2882	75	6.5	0	57.6	39.7	-1.05	-53.8	-53.3	-0.03	-0.1	60.0	-7.29	-4.8
daily_low_first	kosdaq	all	high-4.0	same_close	2882	75	6.5	0	57.6	33.3	-1.46	-53.8	-55.2	-0.387	-1.46	41.3	-7.29	-7.47
daily_low_first	kosdaq	all	high-5.0	next_open	2882	40	3.5	0	57.6	23.4	-2.13	-53.8	-56.8	0.432	0.9	65.0	-7.29	-5.83
daily_low_first	kosdaq	all	high-5.0	same_close	2882	40	3.5	0	57.6	44.0	-0.79	-53.8	-54.7	0.031	0.07	57.5	-7.29	-7.44
daily_low_first	kosdaq	front70	prev-1.5	next_open	2017	362	44.9	27	45.3	-32.0	-9.4	-53.8	-55.0	0.003	0.03	53.7	-5.63	-1.54
daily_low_first	kosdaq	front70	prev-1.5	same_close	2017	389	48.2	0	45.3	-38.0	-10.55	-53.8	-64.2	-0.151	-1.9	44.0	-5.63	-5.83
daily_low_first	kosdaq	front70	prev-2.0	next_open	2017	224	27.8	11	45.3	-5.7	-5.36	-53.8	-44.2	-0.017	-0.13	51.6	-5.63	-2.05
daily_low_first	kosdaq	front70	prev-2.0	same_close	2017	235	29.1	0	45.3	-13.3	-6.41	-53.8	-60.5	-0.17	-1.52	39.6	-5.63	-5.83
daily_low_first	kosdaq	front70	prev-2.5	next_open	2017	132	16.4	7	45.3	16.3	-2.76	-53.8	-45.4	-0.033	-0.2	55.3	-5.63	-2.73
daily_low_first	kosdaq	front70	prev-2.5	same_close	2017	139	17.2	0	45.3	6.9	-3.81	-53.8	-58.1	-0.293	-1.91	38.8	-5.63	-5.83
daily_low_first	kosdaq	front70	prev-3.0	next_open	2017	97	12.0	3	45.3	16.0	-2.79	-53.8	-44.0	0.03	0.15	57.7	-5.63	-3.32
daily_low_first	kosdaq	front70	prev-3.0	same_close	2017	100	12.4	0	45.3	16.3	-2.75	-53.8	-57.3	-0.249	-1.37	41.0	-5.63	-5.84
daily_low_first	kosdaq	front70	prev-4.0	next_open	2017	44	5.5	2	45.3	18.5	-2.53	-53.8	-50.2	0.272	0.7	59.1	-5.63	-4.21
daily_low_first	kosdaq	front70	prev-4.0	same_close	2017	46	5.7	0	45.3	31.0	-1.28	-53.8	-55.8	-0.042	-0.13	39.1	-5.63	-5.84
daily_low_first	kosdaq	front70	prev-5.0	next_open	2017	20	2.5	0	45.3	21.9	-2.18	-53.8	-52.2	0.703	0.98	70.0	-5.63	-4.93
daily_low_first	kosdaq	front70	prev-5.0	same_close	2017	20	2.5	0	45.3	38.9	-0.56	-53.8	-54.7	0.184	0.3	50.0	-5.63	-5.76
daily_low_first	kosdaq	front70	high-1.5	next_open	2017	395	49.0	0	45.3	6.8	-3.82	-53.8	-38.7	-0.13	-1.44	51.8	-5.63	-1.96
daily_low_first	kosdaq	front70	high-1.5	same_close	2017	395	49.0	0	45.3	-38.6	-10.68	-53.8	-65.7	-0.251	-3.28	38.0	-5.63	-5.83
daily_low_first	kosdaq	front70	high-2.0	next_open	2017	225	27.9	0	45.3	58.4	1.07	-53.8	-32.6	-0.237	-1.78	51.1	-5.63	-2.31
daily_low_first	kosdaq	front70	high-2.0	same_close	2017	225	27.9	0	45.3	-11.3	-6.11	-53.8	-60.3	-0.368	-3.36	32.0	-5.63	-5.82
daily_low_first	kosdaq	front70	high-2.5	next_open	2017	133	16.5	0	45.3	86.3	3.08	-53.8	-39.7	-0.384	-2.09	48.1	-5.63	-2.86
daily_low_first	kosdaq	front70	high-2.5	same_close	2017	133	16.5	0	45.3	8.4	-3.64	-53.8	-58.1	-0.552	-3.92	29.3	-5.63	-5.83
daily_low_first	kosdaq	front70	high-3.0	next_open	2017	83	10.3	0	45.3	71.1	2.03	-53.8	-41.7	-0.392	-1.6	49.4	-5.63	-3.42
daily_low_first	kosdaq	front70	high-3.0	same_close	2017	83	10.3	0	45.3	20.9	-2.28	-53.8	-56.9	-0.623	-3.2	30.1	-5.63	-5.77
daily_low_first	kosdaq	front70	high-4.0	next_open	2017	41	5.1	0	45.3	44.9	-0.03	-53.8	-43.4	-0.185	-0.47	63.4	-5.63	-4.47
daily_low_first	kosdaq	front70	high-4.0	same_close	2017	41	5.1	0	45.3	32.6	-1.13	-53.8	-55.2	-0.404	-1.15	36.6	-5.63	-5.75
daily_low_first	kosdaq	front70	high-5.0	next_open	2017	22	2.7	0	45.3	34.2	-0.98	-53.8	-45.9	0.184	0.27	72.7	-5.63	-4.98
daily_low_first	kosdaq	front70	high-5.0	same_close	2017	22	2.7	0	45.3	38.3	-0.61	-53.8	-54.7	0.111	0.18	59.1	-5.63	-5.73
daily_low_first	kosdaq	back30	prev-1.5	next_open	865	205	59.2	17	8.5	-22.3	-9.64	-47.4	-35.6	-0.027	-0.16	51.7	-6.44	-1.4
daily_low_first	kosdaq	back30	prev-1.5	same_close	865	222	64.2	0	8.5	-33.3	-14.04	-47.4	-54.8	-0.33	-2.48	44.6	-6.44	-6.65
daily_low_first	kosdaq	back30	prev-2.0	next_open	865	141	40.8	9	8.5	-12.9	-6.36	-47.4	-35.2	-0.03	-0.14	53.2	-6.44	-1.64
daily_low_first	kosdaq	back30	prev-2.0	same_close	865	150	43.4	0	8.5	-22.0	-9.53	-47.4	-51.6	-0.393	-2.15	42.7	-6.44	-6.65
daily_low_first	kosdaq	back30	prev-2.5	next_open	865	102	29.5	4	8.5	-10.5	-5.56	-47.4	-39.9	0.001	0.0	51.0	-6.44	-2.3
daily_low_first	kosdaq	back30	prev-2.5	same_close	865	106	30.6	0	8.5	-14.2	-6.77	-47.4	-51.2	-0.517	-2.29	44.3	-6.44	-6.65
daily_low_first	kosdaq	back30	prev-3.0	next_open	865	73	21.1	2	8.5	-8.0	-4.76	-47.4	-44.1	0.046	0.14	53.4	-6.44	-2.68
daily_low_first	kosdaq	back30	prev-3.0	same_close	865	75	21.7	0	8.5	-8.1	-4.81	-47.4	-50.7	-0.481	-1.59	45.3	-6.44	-6.65
daily_low_first	kosdaq	back30	prev-4.0	next_open	865	45	13.0	1	8.5	-8.0	-4.78	-47.4	-51.8	0.182	0.44	60.0	-6.44	-3.67
daily_low_first	kosdaq	back30	prev-4.0	same_close	865	46	13.3	0	8.5	-2.1	-2.98	-47.4	-50.2	-0.478	-1.24	43.5	-6.44	-6.65
daily_low_first	kosdaq	back30	prev-5.0	next_open	865	30	8.7	0	8.5	-21.0	-9.19	-47.4	-57.5	0.877	1.66	63.3	-6.44	-4.88
daily_low_first	kosdaq	back30	prev-5.0	same_close	865	30	8.7	0	8.5	1.4	-1.96	-47.4	-49.4	-0.298	-0.58	50.0	-6.44	-6.63
daily_low_first	kosdaq	back30	high-1.5	next_open	865	241	69.7	0	8.5	-26.7	-11.33	-47.4	-44.7	-0.036	-0.28	51.0	-6.44	-2.28
daily_low_first	kosdaq	back30	high-1.5	same_close	865	241	69.7	0	8.5	-35.9	-15.2	-47.4	-56.3	-0.28	-2.59	38.6	-6.44	-6.65
daily_low_first	kosdaq	back30	high-2.0	next_open	865	152	43.9	0	8.5	-27.0	-11.44	-47.4	-47.6	0.063	0.37	50.7	-6.44	-2.92
daily_low_first	kosdaq	back30	high-2.0	same_close	865	152	43.9	0	8.5	-22.3	-9.63	-47.4	-52.5	-0.305	-2.07	36.2	-6.44	-6.65
daily_low_first	kosdaq	back30	high-2.5	next_open	865	101	29.2	0	8.5	-30.3	-12.79	-47.4	-51.2	0.246	1.04	55.4	-6.44	-3.62
daily_low_first	kosdaq	back30	high-2.5	same_close	865	101	29.2	0	8.5	-13.2	-6.44	-47.4	-51.7	-0.225	-1.14	40.6	-6.44	-6.64
daily_low_first	kosdaq	back30	high-3.0	next_open	865	68	19.7	0	8.5	-20.5	-8.99	-47.4	-51.0	0.265	0.9	58.8	-6.44	-3.94
daily_low_first	kosdaq	back30	high-3.0	same_close	865	68	19.7	0	8.5	-6.7	-4.36	-47.4	-51.1	-0.299	-1.14	45.6	-6.44	-6.63
daily_low_first	kosdaq	back30	high-4.0	next_open	865	34	9.8	0	8.5	-3.6	-3.42	-47.4	-53.3	0.156	0.36	55.9	-6.44	-4.77
daily_low_first	kosdaq	back30	high-4.0	same_close	865	34	9.8	0	8.5	0.5	-2.21	-47.4	-50.2	-0.368	-0.9	47.1	-6.44	-6.59
daily_low_first	kosdaq	back30	high-5.0	next_open	865	18	5.2	0	8.5	-8.1	-4.79	-47.4	-56.8	0.736	1.07	55.6	-6.44	-5.55
daily_low_first	kosdaq	back30	high-5.0	same_close	865	18	5.2	0	8.5	4.1	-1.18	-47.4	-48.8	-0.068	-0.1	55.6	-6.44	-6.55
