date	NQ_F	ES_F	TNX10	VIX	WTI	USDKRW_worst	score_pre	score_open	score_min	score_close	kospi_prev_close	kospi_open	kospi_low	kospi_close	kosdaq_prev_close	kosdaq_open	kosdaq_low	kosdaq_close
2015-01-02	-0.689	-0.909	-0.913	20.603	0.92		-5	-5	-5	-3	1915.59	1914.24	1909.67	1926.44	542.97	546.01	546.01	553.73
2015-01-05	-0.154	-0.058	-2.166	-7.344	-0.152		2	2	1	3	1926.44	1921.96	1903.37	1915.75	553.73	556.45	554.07	561.25
2015-01-06	-1.456	-1.679	-3.957	11.973	-0.08		-4	-5	-7	-6	1915.75	1895.48	1877.38	1882.45	561.25	557.31	556.39	558.9
2015-01-07	-1.207	-0.789	-3.727	6.024	0.146		-2	-2	-2	-2	1882.45	1878.9	1876.27	1883.83	558.9	559.91	557.56	561.32
2015-01-08	1.275	1.213	-0.458	-8.57	0.267		5	5	5	7	1883.83	1895.85	1891.77	1904.65	561.32	565.19	563.63	566.43
2015-01-09	1.843	1.728	3.173	-11.911	0.266		4	5	4	6	1904.65	1919.8	1915.85	1924.7	566.43	570.79	569.62	572.99
2015-01-12	-0.666	-0.877	-2.232	3.175	-0.352		-1	-1	-1	-1	1924.7	1918.18	1917.88	1920.95	572.99	574.43	572.27	574.76
2015-01-13	-0.765	-0.748	-2.993	11.681	-0.825		-3	-3	-3	-3	1920.95	1915.03	1910.27	1917.14	574.76	576.05	570.3	571.0
2015-01-14	-0.081	-0.196	-1.151	4.898	0.588		-1	-1	-1	-1	1917.14	1919.31	1913.51	1913.66	571.0	573.3	571.66	574.17
2015-01-15	-0.428	-0.469	-2.804	4.475	0.248		-2	-2	-2	-1	1913.66	1914.06	1908.6	1914.14	574.17	575.25	575.06	581.39
2015-01-16	-1.88	-1.34	-3.375	4.236	0.216		-3	-3	-5	-4	1914.14	1907.07	1885.62	1888.13	581.39	582.31	575.7	577.41
2015-01-19	1.391	1.342	2.254	-6.431	0.0		4	6	4	5	1888.13	1902.81	1900.26	1902.62	577.41	583.59	577.94	577.94
2015-01-20	1.505	1.367	2.254	-6.431	0.0		4	4	4	5	1902.62	1908.62	1907.97	1918.31	577.94	580.14	576.2	582.27
2015-01-21	0.418	0.105	-0.441	-5.06	0.647		2	2	2	2	1918.31	1917.33	1909.86	1921.23	582.27	584.34	583.64	584.34
2015-01-22	0.294	0.485	2.546	-5.229	-0.9		1	1	-1	0	1921.23	1926.01	1916.56	1920.82	584.34	587.17	572.68	578.42
2015-01-23	1.795	1.527	2.321	-12.997	0.691		5	6	5	8	1920.82	1945.36	1930.65	1936.09	578.42	582.77	580.78	589.31
2015-01-26	-0.253	-0.989	-4.167	1.585	-0.855		0	0	0	0	1936.09	1928.26	1924.14	1935.68	589.31	591.2	589.0	590.34
2015-01-27	0.233	0.281	0.605	-6.843	-0.044		1	1	1	2	1935.68	1941.9	1940.72	1952.4	590.34	593.19	587.7	587.84
2015-01-28	-1.209	-1.019	-0.164	10.954	-0.865		-6	-6	-6	-5	1952.4	1946.71	1943.59	1961.58	587.84	587.77	587.0	594.39
2015-01-29	-0.911	-1.249	-5.534	18.699	-0.045		-4	-4	-5	-4	1961.58	1950.83	1946.2	1951.02	594.39	594.74	592.66	593.12
2015-01-30	1.403	0.991	1.566	-8.219	0.225		4	4	4	4	1951.02	1964.13	1948.6	1949.26	593.12	596.94	588.97	591.58
2015-02-02	-0.974	-1.199	-4.34	11.78	-1.347		-4	-4	-4	-4	1949.26	1947.91	1944.58	1952.68	591.58	591.75	586.87	590.27
2015-02-03	0.781	1.197	-0.119	-7.344	0.444		4	4	4	4	1952.68	1960.11	1940.74	1951.96	590.27	592.35	587.34	593.31
2015-02-04	0.89	1.37	6.396	-10.808	-2.601		4	4	4	5	1951.96	1963.37	1961.57	1962.79	593.31	596.53	595.9	598.23
2015-02-05	-0.543	-0.662	0.955	5.77	0.454		-3	-3	-4	-3	1962.79	1961.15	1945.42	1952.84	598.23	600.87	598.14	600.81
2015-02-06	1.109	1.09	1.002	-8.074	0.753		5	6	5	5	1952.84	1955.13	1945.82	1955.52	600.81	605.86	603.93	604.13
2015-02-09	-0.458	-0.488	6.777	2.611	0.619		-4	-4	-6	-5	1955.52	1949.5	1944.79	1947.0	604.13	605.88	592.69	593.75
2015-02-10	-0.275	-0.364	0.516	7.287	-0.813		-1	-1	-2	-1	1947.0	1949.3	1935.86	1935.86	593.75	593.91	585.35	592.95
2015-02-11	1.357	1.092	2.207	-7.116	1.919		4	4	4	5	1935.86	1942.34	1937.95	1945.7	592.95	595.97	595.97	601.41
2015-02-12	0.562	0.275	-0.151	-1.567	1.188		1	1	1	1	1945.7	1947.21	1932.75	1941.63	601.41	604.69	600.02	602.24
2015-02-13	1.129	0.916	-0.101	-9.552	0.273		6	6	6	8	1941.63	1949.32	1946.94	1957.5	602.24	604.76	603.94	608.07
2015-02-16	0.746	0.407	1.762	-4.237	0.0		2	2	2	2	1957.5	1960.03	1955.39	1958.23	608.07	610.59	609.29	610.16
2015-02-17	0.666	0.3	1.762	-4.237	-0.057		1	1	1	1	1958.23	1955.77	1952.33	1961.45	610.16	611.92	606.46	609.1
2015-02-23	0.674	0.625	0.947	-6.475	0.814		3	3	3	4	1961.45	1974.44	1966.77	1968.39	609.1	613.37	611.98	615.52
2015-02-24	0.118	-0.054	-3.469	1.818	-0.061		2	2	2	3	1968.39	1975.65	1972.61	1976.12	615.52	616.66	616.27	621.31
2015-02-25	0.122	0.276	-3.448	-5.975	-0.244		3	3	3	4	1976.12	1988.47	1984.53	1990.47	621.31	625.12	616.57	616.57
2015-02-26	0.02	-0.065	-0.956	1.096	0.02		0	0	0	0	1990.47	1993.27	1983.94	1993.08	616.57	618.06	615.02	617.08
2015-02-27	0.39	-0.171	2.387	0.506	1.661		-1	-1	-1	0	1993.08	1992.76	1982.5	1985.8	617.08	620.65	620.06	624.56
2015-03-02	-0.387	-0.236	-0.694	-4.098	-0.623		1	1	1	1	1985.8	1996.72	1988.33	1996.81	624.56	627.61	621.75	621.81
2015-03-03	0.943	0.612	4.096	-2.249	0.423		1	1	1	1	1996.81	2002.5	1995.93	2001.38	621.81	625.53	624.29	625.64
2015-03-04	-0.524	-0.454	1.823	6.288	0.178		-4	-4	-4	-4	2001.38	2001.76	1996.5	1998.29	625.64	627.27	627.09	630.35
2015-03-05	-0.256	-0.439	0.047	2.67	0.175		-1	-1	-1	-1	1998.29	1996.81	1993.92	1998.38	630.35	633.07	629.41	631.43
2015-03-06	0.36	0.108	-0.518	-1.335	0.256		0	0	0	1	1998.38	2003.97	2003.18	2012.94	631.43	634.52	632.5	635.84
2015-03-09	-0.959	-1.285	6.061	8.262	-0.02		-7	-7	-9	-9	2012.94	2004.94	1990.87	1992.82	635.84	636.83	628.83	629.26
2015-03-10	0.345	0.382	-2.009	-0.921	0.16		1	1	-1	0	1992.82	2000.66	1982.22	1984.77	629.26	632.54	617.89	621.99
2015-03-11	-1.603	-1.586	-3.144	10.823	0.994		-4	-4	-6	-4	1984.77	1971.04	1969.13	1980.83	621.99	617.52	616.43	619.61
2015-03-12	-0.087	-0.069	-0.8	1.078	0.561		0	0	0	1	1980.83	1979.22	1970.59	1970.59	619.61	622.55	621.47	628.15
2015-03-13	0.917	1.272	-0.616	-8.595	-0.255		5	6	5	7	1970.59	1987.17	1982.96	1985.79	628.15	631.74	631.5	634.25
2015-03-16	-0.33	-0.559	0.763	3.761	-0.067		-1	-1	-1	-1	1985.79	1985.59	1982.26	1987.33	634.25	636.47	633.86	635.4
2015-03-17	1.094	1.257	-0.663	-2.438	-0.091		4	4	4	6	1987.33	1998.26	1997.27	2029.91	635.4	638.92	634.55	636.05
2015-03-18	0.149	-0.344	-1.907	0.32	-2.186		2	2	1	1	2029.91	2032.19	2026.72	2028.45	636.05	638.41	628.94	628.99
2015-03-19	0.925	1.24	-5.199	-10.792	-0.134		8	9	7	8	2028.45	2047.13	2031.07	2037.89	628.99	633.56	620.52	631.81
2015-03-20	0.118	-0.583	1.333	0.716	0.068		-1	-1	-1	0	2037.89	2037.13	2027.81	2037.24	631.81	633.69	632.57	640.08
2015-03-23	0.396	0.735	-2.377	-7.463	1.509		3	3	3	3	2037.24	2043.22	2032.35	2036.59	640.08	643.55	640.29	640.29
2015-03-24	-0.313	-0.21	-0.777	2.995	0.021		0	0	0	0	2036.59	2035.08	2028.54	2041.37	640.29	640.5	638.46	641.87
2015-03-25	-0.318	-0.602	-1.932	1.566	0.442		0	0	0	1	2041.37	2043.16	2038.14	2042.81	641.87	644.69	644.69	651.05
2015-03-26	-2.286	-1.346	2.236	13.363	-0.386		-7	-8	-9	-9	2042.81	2027.2	2019.51	2022.56	651.05	647.17	640.56	642.53
2015-03-27	-0.218	-0.165	4.531	2.332	-0.817		-2	-2	-2	-2	2022.56	2026.75	2016.88	2019.8	642.53	645.93	637.71	640.12
2015-03-30	0.613	0.249	-2.94	-4.62	-0.614		3	3	3	4	2019.8	2026.6	2018.12	2030.04	640.12	643.4	641.47	646.74
2015-03-31	1.092	1.188	0.77	-3.716	0.103		4	4	4	4	2030.04	2042.31	2032.24	2041.03	646.74	650.75	647.38	650.49
2015-04-01	-1.12	-1.013	-1.477	5.376	-0.105	0.151	-5	-5	-6	-5	2041.03	2035.4	2024.64	2028.45	650.49	650.27	645.63	650.23
2015-04-02	-0.334	-0.287	-3.413	-1.177	-0.998		2	2	2	2	2028.45	2036.9	2028.22	2029.07	650.23	653.41	649.23	650.57
2015-04-03	0.137	0.353	1.927	-2.912	0.0		-1	-1	-1	1	2029.07	2035.83	2031.27	2045.42	650.57	653.46	652.59	658.04
2015-04-06	-0.843	-0.618	1.927	-2.912	0.672		-3	-3	-3	-3	2045.42	2049.87	2043.26	2046.43	658.04	660.85	658.99	662.15
2015-04-07	0.564	0.576	0.0	0.477	-0.364		2	3	2	2	2046.43	2059.05	2043.79	2047.03	662.15	667.62	664.64	666.83
2015-04-08	-0.115	-0.17	-0.578	0.271	-1.482		0	0	0	0	2047.03	2048.75	2046.09	2059.26	666.83	669.37	662.57	668.03
2015-04-09	0.901	0.353	0.106	-5.413	1.15		3	3	3	4	2059.26	2060.3	2054.17	2058.87	668.03	671.6	670.83	676.96
2015-04-10	0.474	0.458	3.325	-6.366	-0.118		1	2	1	2	2058.87	2066.32	2065.39	2087.76	676.96	684.24	682.02	682.02
2015-04-13	0.436	0.508	-0.358	-3.896	0.329		2	3	2	3	2087.76	2094.1	2088.82	2098.92	682.02	688.17	682.72	689.39
2015-04-14	-0.104	-0.434	-0.615	10.811	0.27		-3	-3	-4	-3	2098.92	2101.76	2095.97	2111.72	689.39	691.82	680.53	684.97
2015-04-15	-0.163	0.199	-1.805	-1.937	0.488		1	1	1	2	2111.72	2114.56	2110.25	2119.96	684.97	689.66	688.69	694.44
2015-04-16	0.779	0.598	-0.21	-6.072	-0.833		3	3	3	4	2119.96	2134.14	2125.54	2139.9	694.44	699.32	692.27	698.31
2015-04-17	-0.042	-0.054	-1.158	-1.869	-0.264		0	0	0	1	2139.9	2142.72	2134.1	2143.5	698.31	703.45	700.18	706.9
2015-04-20	-1.339	-0.866	-1.491	10.238	0.753		-5	-7	-7	-5	2143.5	2126.55	2126.55	2146.71	706.9	700.8	700.48	706.96
2015-04-21	1.165	0.852	2.432	-4.248	0.053		3	4	3	4	2146.71	2153.42	2140.12	2144.79	706.96	712.89	709.88	714.52
2015-04-22	0.492	-0.1	1.108	-0.376	1.954		1	1	-2	0	2144.79	2146.59	2125.88	2143.89	714.52	718.89	675.95	703.34
2015-04-23	0.268	0.461	2.923	-4.075	0.214		1	1	-1	1	2143.89	2156.94	2139.33	2173.41	703.34	707.82	685.99	692.48
2015-04-24	0.66	0.26	-1.268	-1.81	-0.364		1	1	-1	1	2173.41	2181.24	2154.27	2159.8	692.48	695.12	681.04	690.74
2015-04-27	0.795	0.296	-1.541	-1.522	0.262		2	2	2	3	2159.8	2169.14	2152.09	2157.54	690.74	693.79	692.84	699.39
2015-04-28	-0.636	-0.462	0.365	6.753	-0.597		-3	-3	-3	-3	2157.54	2162.5	2144.85	2147.67	699.39	701.36	694.3	696.79
2015-04-29	-0.178	0.218	2.547	-5.412	-0.228		0	0	-2	0	2147.67	2155.01	2126.36	2142.63	696.79	699.51	689.09	695.69
2015-04-30	-0.757	-0.41	3.142	7.897	-0.051		-5	-5	-7	-7	2142.63	2134.94	2121.29	2127.17	695.69	696.31	685.15	689.01
2015-05-04	1.384	1.104	3.47	-12.715	0.254		4	4	2	3	2127.17	2134.51	2128.72	2132.23	689.01	690.77	676.42	677.9
2015-05-06	-1.513	-1.112	1.92	11.362	0.53		-7	-7	-11	-9	2132.23	2122.03	2095.6	2104.58	677.9	672.95	661.82	665.94
2015-05-07	-0.433	-0.421	2.941	5.87	-0.394		-4	-4	-7	-3	2104.58	2098.48	2067.99	2091.0	665.94	667.01	654.01	673.08
2015-05-08	0.561	0.425	-2.5	-0.132	0.136		3	3	3	4	2091.0	2090.19	2082.72	2085.52	673.08	675.83	674.64	681.69
2015-05-11	1.257	1.417	-1.557	-15.003	0.067		7	9	7	8	2085.52	2106.12	2097.38	2097.38	681.69	687.81	685.61	692.29
2015-05-12	-0.194	-0.509	5.767	7.698	0.034		-4	-4	-5	-5	2097.38	2100.63	2088.64	2096.77	692.29	694.8	685.89	686.74
2015-05-13	-0.297	-0.235	-0.616	0.072	0.79		0	0	0	1	2096.77	2100.1	2100.08	2114.16	686.74	687.75	681.3	692.23
2015-05-14	0.156	0.041	0.973	-0.721	-0.661		0	0	0	1	2114.16	2115.59	2111.72	2120.33	692.23	695.11	693.43	699.27
2015-05-15	1.359	1.066	-1.884	-7.413	-0.351		6	7	5	7	2120.33	2132.53	2104.77	2106.5	699.27	705.15	702.79	705.4
2015-05-18	0.006	0.089	-4.377	-2.826	0.268		2	2	2	2	2106.5	2108.15	2099.48	2113.72	705.4	707.73	700.18	703.25
2015-05-19	0.653	0.34	4.064	2.827	0.185		-1	-1	-1	-1	2113.72	2114.29	2107.62	2120.85	703.25	707.26	704.62	706.79
2015-05-20	-0.154	-0.076	1.526	0.943	1.851		-1	-1	-1	1	2120.85	2128.01	2125.49	2139.54	706.79	709.71	709.68	713.95
2015-05-21	-0.088	-0.176	-0.486	0.233	-0.288		0	0	-1	-1	2139.54	2139.68	2121.49	2122.81	713.95	718.98	708.55	715.64
2015-05-22	0.414	0.293	-2.932	-5.978	-0.099		3	3	3	4	2122.81	2131.11	2126.88	2146.1	715.64	718.99	711.58	713.54
2015-05-26	-0.056	-0.223	1.373	0.165	0.553		0	0	-2	0	2146.1	2146.47	2130.3	2143.5	713.54	715.91	705.0	708.66
2015-05-27	-1.073	-0.993	-3.521	15.911	0.5		-4	-4	-7	-7	2143.5	2133.49	2103.64	2107.5	708.66	705.7	696.08	699.19
2015-05-28	1.429	0.869	-0.094	-5.619	0.209		4	5	4	5	2107.5	2117.77	2110.89	2110.89	699.19	706.47	704.62	709.01
2015-05-29	-0.185	-0.127	-0.234	0.301	0.503		0	0	0	0	2110.89	2109.38	2106.7	2114.8	709.01	710.62	710.5	711.39
2015-06-01	-0.482	-0.584	-1.643	3.982	-0.017	1.325	-1	-1	-5	-1	2114.8	2110.12	2086.0	2102.37	711.39	714.09	700.9	715.73
2015-06-02	0.348	0.289	4.63	0.939	-0.033		-2	-2	-4	-4	2102.37	2102.62	2076.16	2078.64	715.73	718.0	704.77	704.77
2015-06-03	-0.121	-0.089	3.376	1.933	-0.392		-2	-2	-4	-4	2078.64	2078.51	2059.34	2063.16	704.77	703.5	693.27	696.97
2015-06-04	0.431	0.224	4.413	-4.073	-0.117		0	0	0	1	2063.16	2070.49	2062.75	2072.86	696.97	702.13	700.61	704.56
2015-06-05	-0.826	-0.874	-2.494	7.687	-0.017		-2	-2	-2	-2	2072.86	2062.22	2060.91	2068.1	704.56	701.28	700.91	707.27
2015-06-08	0.14	-0.156	4.118	-3.399	-0.288		-2	-2	-2	-1	2068.1	2068.51	2056.5	2065.19	707.27	711.36	708.36	716.43
2015-06-09	-0.845	-0.563	-0.874	7.6	0.292		-3	-3	-3	-2	2065.19	2063.4	2057.21	2064.03	716.43	718.32	718.1	722.51
2015-06-10	-0.155	0.078	1.512	-5.363	0.732		0	1	-2	0	2064.03	2079.13	2049.13	2051.32	722.51	726.63	713.07	718.23
2015-06-11	1.197	1.157	2.524	-8.639	-0.472		4	5	4	4	2051.32	2065.07	2051.1	2056.61	718.23	724.38	716.45	717.0
2015-06-12	0.087	0.162	-3.834	-2.799	-0.362		2	2	1	2	2056.61	2068.45	2044.87	2052.17	717.0	720.09	708.23	712.4
2015-06-15	-0.871	-0.986	0.084	7.237	-0.1		-4	-4	-6	-5	2052.17	2041.07	2033.72	2042.32	712.4	709.71	704.95	705.85
2015-06-16	-0.486	-0.486	-1.132	11.684	0.134		-4	-4	-8	-4	2042.32	2045.01	2008.46	2028.72	705.85	706.84	690.8	706.28
2015-06-17	0.514	0.581	-1.696	-3.769	0.1		3	3	3	4	2028.72	2035.48	2021.5	2034.86	706.28	710.54	705.62	718.61
2015-06-18	0.151	0.186	-0.518	-2.093	-0.234		0	1	0	1	2034.86	2046.19	2036.78	2041.88	718.61	724.43	722.6	725.2
2015-06-19	1.311	1.002	1.951	-9.034	0.083		5	6	5	5	2041.88	2056.54	2044.71	2046.96	725.2	730.92	723.07	729.92
2015-06-22	-0.719	-1.132	-3.573	5.838	-0.285		-2	-2	-2	-2	2046.96	2059.6	2050.3	2055.16	729.92	735.12	731.46	734.61
2015-06-23	0.855	0.704	4.102	-8.739	0.888		1	3	1	2	2055.16	2071.3	2066.21	2081.2	734.61	740.57	735.95	739.82
2015-06-24	0.168	0.111	2.076	-4.945	0.213		0	0	0	1	2081.2	2086.69	2076.78	2085.53	739.82	743.17	740.65	746.62
2015-06-25	-0.631	-0.652	-1.577	9.496	-0.083		-3	-3	-3	-2	2085.53	2077.84	2073.95	2085.06	746.62	747.71	746.23	753.66
2015-06-26	-0.261	-0.262	0.928	5.656	-0.067		-1	-1	-1	-1	2085.06	2083.4	2080.79	2090.26	753.66	756.46	750.48	750.5
2015-06-29	-1.752	-1.554	3.468	0.071	-1.325		-6	-10	-10	-9	2090.26	2056.44	2054.33	2060.49	750.5	733.07	731.84	733.04
2015-06-30	-2.214	-1.892	-5.856	34.451	-0.103		-4	-4	-6	-3	2060.49	2054.83	2049.44	2074.2	733.04	730.29	714.51	742.27
2015-07-01	0.63	0.266	0.172	-3.289	-0.824	5.029	1	1	-1	4	2074.2	2077.27	2072.54	2097.89	742.27	747.48	747.48	760.67
2015-07-02	0.566	0.718	3.555	-11.739	-0.158		2	2	2	3	2097.89	2107.11	2098.76	2107.33	760.67	766.58	764.97	768.67
2015-07-03	-0.078	-0.031	-1.034	4.351	0.0		-1	-1	-2	-1	2107.33	2107.51	2094.02	2104.41	768.67	772.67	762.23	769.26
2015-07-06	-0.101	-0.043	-1.034	4.351	-3.566		0	-2	-4	-4	2104.41	2076.06	2052.23	2053.93	769.26	758.0	752.01	752.01
2015-07-07	-0.192	-0.229	-4.806	1.31	0.419		2	3	-1	0	2053.93	2067.04	2028.98	2040.29	752.01	765.12	722.21	729.64
2015-07-08	0.116	0.572	-2.063	-5.409	1.108		3	3	0	2	2040.29	2045.88	2010.83	2016.21	729.64	735.46	714.86	726.22
2015-07-09	-1.726	-1.641	-1.121	22.188	0.349		-6	-8	-10	-6	2016.21	2000.19	1983.78	2027.81	726.22	715.76	695.94	726.01
2015-07-10	0.401	0.398	4.306	1.577	-0.568		-1	0	-1	-1	2027.81	2036.89	2024.76	2031.17	726.01	734.16	725.4	730.72
2015-07-13	0.98	0.545	5.041	-15.724	-1.119		3	3	3	6	2031.17	2033.25	2030.21	2061.52	730.72	732.78	731.91	749.46
2015-07-14	1.46	1.083	0.538	-17.409	-0.383		6	7	6	7	2061.52	2070.44	2052.21	2059.23	749.46	757.72	750.91	757.12
2015-07-15	0.697	0.469	-1.276	-3.813	0.679		2	2	2	2	2059.23	2068.38	2060.66	2072.91	757.12	761.73	757.71	761.59
2015-07-16	-0.161	-0.085	-2.043	-1.047	0.408		1	1	1	3	2072.91	2073.29	2071.02	2087.89	761.59	764.16	760.22	774.4
2015-07-17	1.521	0.801	0.085	-8.466	0.0		4	4	3	4	2087.89	2101.22	2068.36	2076.79	774.4	780.27	768.73	773.23
2015-07-20	0.888	0.075	-0.128	-1.321	-0.255		1	1	1	2	2076.79	2077.09	2068.19	2073.31	773.23	778.19	776.41	782.64
2015-07-21	0.167	0.042	0.979	2.51	-0.399		0	0	-1	0	2073.31	2082.18	2069.21	2083.62	782.64	787.52	774.68	781.99
2015-07-22	-1.245	-0.745	-1.349	-0.245	0.695		-3	-3	-4	-4	2083.62	2071.06	2059.45	2064.73	781.99	780.39	776.28	776.57
2015-07-23	-0.595	-0.179	-0.769	-0.818	0.081		-1	-1	-1	-1	2064.73	2068.93	2053.52	2065.07	776.57	781.21	773.6	776.99
2015-07-24	-0.198	-0.448	-1.938	4.29	0.702		-1	-1	-2	-2	2065.07	2060.66	2040.3	2045.96	776.99	778.54	773.64	776.26
2015-07-27	-1.112	-1.034	-0.264	8.703	-0.291		-5	-5	-7	-7	2045.96	2034.82	2032.44	2038.81	776.26	773.37	751.04	751.04
2015-07-28	-0.988	-0.529	-1.893	13.537	-0.781		-4	-5	-7	-4	2038.81	2026.33	2015.91	2039.1	751.04	738.87	722.83	745.24
2015-07-29	1.025	1.275	0.987	-13.846	-0.354		6	8	4	4	2039.1	2053.62	2037.62	2037.62	745.24	751.92	730.47	730.47
2015-07-30	0.393	0.637	1.289	-6.994	0.082		2	3	-1	-1	2037.62	2040.24	2019.03	2019.03	730.47	736.97	711.11	712.86
2015-07-31	0.203	-0.092	-0.483	-2.96	-0.103		0	0	-2	1	2019.03	2026.98	2004.7	2030.16	712.86	713.87	703.56	725.06
2015-08-03	-0.048	-0.215	-2.778	-0.082	-0.552		1	1	-1	-1	2030.16	2026.25	2005.21	2008.49	725.06	728.03	714.34	714.34
2015-08-04	-0.306	-0.3	-2.494	3.63	0.398		1	1	1	4	2008.49	2007.75	2007.66	2027.99	714.34	712.78	711.59	730.03
2015-08-05	-0.198	-0.249	2.837	3.503	0.481		-1	-1	-1	0	2027.99	2027.22	2022.98	2029.76	730.03	733.0	732.3	741.26
2015-08-06	0.635	0.323	2.578	-3.769	0.022		0	0	-1	0	2029.76	2037.26	2011.6	2013.29	741.26	747.19	745.16	747.74
2015-08-07	-1.569	-0.751	-1.499	10.072	0.358		-5	-5	-6	-5	2013.29	2009.39	2001.13	2010.23	747.74	743.82	741.72	751.49
2015-08-10	-0.366	-0.36	-2.641	-2.76	-0.661		1	1	-1	1	2010.23	2008.44	1993.96	2003.17	751.49	754.6	742.76	746.34
2015-08-11	1.517	1.328	2.897	-8.663	-0.334		4	6	1	1	2003.17	2020.15	1986.46	1986.65	746.34	752.72	732.26	732.26
2015-08-12	-1.23	-0.908	-4.513	12.101	0.441		-4	-4	-8	-6	1986.65	1980.04	1948.91	1975.47	732.26	730.24	692.54	717.2
2015-08-13	0.068	0.023	-0.328	-0.729	0.092		0	0	0	2	1975.47	1975.47	1966.02	1983.46	717.2	716.61	711.54	731.36
2015-08-17	0.308	0.391	0.32	-4.893	-0.753		1	1	-1	-1	1983.46	1991.05	1968.44	1968.52	731.36	733.97	722.01	722.01
2015-08-18	0.812	0.474	-2.095	1.481	0.024		3	3	0	1	1968.52	1977.61	1954.35	1956.26	722.01	725.68	698.24	699.8
2015-08-19	-0.657	-0.298	2.14	5.914	-0.493		-3	-4	-7	-6	1956.26	1954.56	1915.91	1939.38	699.8	692.31	652.12	670.55
2015-08-20	-0.83	-0.789	-3.051	10.587	-0.539		-2	-3	-5	-5	1939.38	1929.43	1912.55	1914.55	670.55	664.84	656.71	656.71
2015-08-21	-2.786	-2.073	-2.114	25.508	-0.267		-5	-9	-9	-9	1914.55	1862.79	1856.91	1876.07	656.71	625.56	615.1	627.05
2015-08-24	-3.92	-3.54	-1.44	46.447	-0.371		-6	-7	-10	-10	1876.07	1860.03	1800.75	1829.81	627.05	624.09	610.12	613.33
2015-08-25	-3.952	-3.861	-2.775	45.344	-0.157		-5	-3	-6	-2	1829.81	1840.94	1806.79	1846.63	613.33	625.61	612.35	645.43
2015-08-26	-0.232	-1.179	6.81	-11.586	0.967		-2	-2	-2	2	1846.63	1843.7	1835.58	1894.09	645.43	646.47	645.5	667.44
2015-08-27	4.435	4.071	1.828	-15.825	0.933		5	7	5	7	1894.09	1912.42	1898.98	1908.0	667.44	677.89	670.24	673.71
2015-08-28	2.429	2.38	-0.184	-13.918	0.282		6	8	8	10	1908.0	1932.39	1927.39	1937.67	673.71	685.44	685.4	687.96
2015-08-31	0.117	-0.115	0.83	-0.192	-0.487		0	0	-1	0	1937.67	1934.12	1925.52	1941.49	687.96	689.9	682.14	687.11
2015-09-01	-1.208	-1.03	0.64	9.136	-2.236	2.204	-5	-5	-10	-8	1941.49	1934.44	1914.22	1914.23	687.11	686.47	672.94	672.94
2015-09-02	-3.12	-3.088	-1.273	10.447	-2.532		-5	-8	-9	-5	1914.23	1886.14	1883.5	1915.22	672.94	659.6	657.67	678.02
2015-09-03	2.462	1.855	0.967	-16.911	-0.303		6	8	6	6	1915.22	1929.78	1911.17	1915.53	678.02	687.6	677.34	678.25
2015-09-04	-0.294	0.181	-1.14	-1.84	-0.15		0	0	-4	-4	1915.53	1921.81	1879.94	1886.04	678.25	682.3	647.78	650.45
2015-09-07	-1.047	-1.533	-1.845	8.551	0.0		-4	-4	-6	-4	1886.04	1883.36	1870.59	1883.22	650.45	650.87	641.21	648.8
2015-09-08	-1.34	-1.793	-1.845	8.551	-0.499		-4	-4	-7	-5	1883.22	1889.14	1868.48	1878.68	648.8	652.08	632.2	638.22
2015-09-09	2.78	2.546	3.102	-10.432	-0.327		4	7	7	8	1878.68	1903.28	1902.93	1934.2	638.22	651.52	651.39	660.67
2015-09-10	-1.057	-1.338	-0.593	5.341	0.023		-5	-7	-7	-3	1934.2	1918.42	1915.44	1962.11	660.67	655.13	653.26	668.29
2015-09-11	0.829	0.528	1.88	-7.091	-0.457		2	1	1	1	1962.11	1942.88	1939.73	1941.37	668.29	669.98	665.17	669.87
2015-09-14	0.544	0.627	-1.755	-4.801	0.336		4	4	2	3	1941.37	1947.65	1921.45	1931.46	669.87	674.45	659.19	662.88
2015-09-15	-0.309	-0.447	-0.137	4.526	0.25		-2	-2	-2	-2	1931.46	1930.44	1927.62	1937.56	662.88	664.56	661.88	666.75
2015-09-16	1.174	1.283	4.633	-7.052	1.278		3	4	3	6	1937.56	1949.49	1949.15	1975.45	666.75	673.32	671.79	676.48
2015-09-17	0.46	0.808	0.964	-5.28	-0.042		3	3	2	2	1975.45	1989.07	1972.93	1976.49	676.48	681.66	670.62	671.05
2015-09-18	0.125	-0.244	-3.734	-0.984	-0.021		2	3	3	5	1976.49	1978.39	1964.12	1995.95	671.05	678.25	677.93	690.18
2015-09-21	-1.375	-2.165	-3.924	5.393	0.649		-3	-4	-6	-5	1995.95	1973.24	1960.11	1964.68	690.18	685.35	683.42	688.9
2015-09-22	0.053	0.52	3.944	-9.605	-0.493		1	1	1	2	1964.68	1973.54	1966.05	1982.06	688.9	691.46	689.05	693.67
2015-09-23	-1.566	-1.309	-4.02	11.42	1.549		-4	-5	-8	-8	1982.06	1960.33	1944.51	1944.64	693.67	688.52	680.28	680.28
2015-09-24	0.051	-0.036	0.894	-1.381	0.315		0	1	0	0	1944.64	1956.94	1944.31	1947.1	680.28	686.1	682.62	683.88
2015-09-25	-0.714	-0.623	-1.119	6.055	0.312		-3	-3	-5	-3	1947.1	1948.3	1932.49	1942.85	683.88	685.47	676.84	682.7
2015-09-30	-0.488	0.15	-1.957	-2.895	-0.685		0	-2	-3	1	1942.85	1915.46	1915.04	1962.81	682.7	673.43	668.58	678.48
2015-10-01	2.06	1.58	0.292	-8.684	0.643	0.08	5	6	6	7	1962.81	1963.55	1958.63	1979.32	678.48	685.89	684.12	684.79
2015-10-02	0.168	0.21	-0.874	-7.959	0.738		1	1	1	1	1979.32	1979.41	1969.68	1969.68	684.79	688.04	685.11	686.42
2015-10-05	1.662	1.329	-2.595	-7.14	0.242		6	7	6	6	1969.68	1981.6	1975.55	1978.25	686.42	693.54	691.19	691.19
2015-10-06	1.48	1.74	3.369	-6.686	-0.13		3	5	3	3	1978.25	1996.29	1985.17	1990.65	691.19	697.17	688.53	689.06
2015-10-07	-1.044	-0.74	-1.021	-0.716	0.968		-3	-3	-4	-3	1990.65	1995.87	1994.55	2005.84	689.06	690.29	678.88	679.83
2015-10-08	0.907	0.829	1.327	-5.155	0.627		4	4	3	4	2005.84	2016.36	1998.66	2019.53	679.83	684.47	670.3	674.97
2015-10-12	0.306	-0.04	-0.427	-1.952	-0.242		0	0	0	0	2019.53	2022.33	2015.43	2021.63	674.97	677.45	672.57	672.96
2015-10-13	0.215	0.177	-0.429	-5.328	0.764		1	1	1	1	2021.63	2021.2	2010.16	2019.05	672.96	674.39	669.52	672.82
2015-10-14	-1.03	-0.808	-1.675	9.276	0.064		-4	-4	-5	-4	2019.05	2014.47	2002.63	2009.55	672.82	673.16	668.03	668.92
2015-10-15	-0.085	-0.383	-3.601	2.037	-0.772		2	2	2	4	2009.55	2008.29	2007.46	2033.27	668.92	669.54	669.35	676.05
2015-10-16	1.779	1.448	2.12	-10.982	1.056		5	5	5	6	2033.27	2037.98	2025.19	2030.26	676.05	681.01	680.73	681.73
2015-10-19	0.335	0.408	0.0	-6.231	0.021		2	2	2	2	2030.26	2032.36	2022.25	2030.27	681.73	685.2	682.48	684.29
2015-10-20	0.317	-0.022	0.247	-0.465	0.784		0	0	0	1	2030.27	2031.5	2026.67	2039.36	684.29	685.75	684.61	691.21
2015-10-21	-0.545	-0.179	2.12	5.14	0.724		-3	-3	-3	-3	2039.36	2039.25	2035.59	2042.98	691.21	692.77	686.5	686.5
2015-10-22	-0.666	-0.483	-1.98	6.032	0.155		-2	-2	-4	-4	2042.98	2040.43	2019.53	2023.0	686.5	686.01	675.69	676.3
2015-10-23	1.86	1.724	-0.246	-13.473	0.132		6	8	6	8	2023.0	2043.67	2036.92	2040.4	676.3	682.75	680.61	681.97
2015-10-26	2.327	1.103	2.864	0.069	0.314		3	3	3	4	2040.4	2049.41	2039.97	2048.08	681.97	687.01	685.88	690.73
2015-10-27	0.132	-0.119	-1.2	5.74	-0.455		-1	-1	-1	-1	2048.08	2043.52	2036.22	2044.65	690.73	691.8	687.68	688.32
2015-10-28	-0.026	-0.183	-1.458	0.916	0.556		0	0	0	0	2044.65	2045.67	2032.39	2042.51	688.32	689.9	686.96	693.53
2015-10-29	1.1	1.016	3.156	-7.129	0.261		3	3	3	3	2042.51	2050.97	2032.56	2034.16	693.53	696.27	689.72	690.63
2015-10-30	-0.329	0.039	3.872	1.954	-0.695		-2	-2	-3	-3	2034.16	2034.78	2027.8	2029.47	690.63	691.26	681.72	683.63
2015-11-02	-0.377	-0.517	-1.012	3.149	-0.343		-1	-1	-1	-1	2029.47	2033.15	2028.2	2035.24	683.63	683.54	679.85	680.01
2015-11-03	1.33	1.08	1.674	-6.105	-0.065		4	4	4	4	2035.24	2042.6	2040.75	2048.4	680.01	684.28	678.45	682.13
2015-11-04	0.345	0.249	1.509	2.756	-0.334		-1	-1	-1	-1	2048.4	2053.51	2042.38	2052.77	682.13	683.98	680.54	686.18
2015-11-05	-0.078	-0.319	0.45	6.671	0.54		-1	-1	-1	0	2052.77	2049.3	2039.93	2049.41	686.18	688.27	687.9	694.43
2015-11-06	-0.169	-0.077	0.673	-2.966	0.465		0	0	0	0	2049.41	2048.17	2038.46	2041.07	694.43	697.56	692.23	694.21
2015-11-09	0.341	-0.118	3.92	-4.784	0.519		-1	-1	-4	-4	2041.07	2038.59	2022.52	2025.7	694.21	694.06	670.66	671.84
2015-11-10	-1.066	-1.018	0.386	15.283	0.524		-6	-6	-10	-9	2025.7	2015.45	1988.54	1996.59	671.84	667.14	650.56	656.7
2015-11-11	-0.296	0.079	-0.854	-7.446	-1.312		1	1	1	2	1996.59	1993.81	1983.14	1997.27	656.7	657.66	657.66	667.21
2015-11-12	-0.33	-0.347	0.689	5.036	0.28		-1	-1	-1	0	1997.27	1997.32	1991.28	1993.36	667.21	670.6	670.6	672.99
2015-11-13	-1.255	-1.399	-0.813	14.384	-0.335		-6	-8	-8	-7	1993.36	1975.97	1969.71	1973.29	672.99	667.58	664.67	670.52
2015-11-16	-2.07	-1.715	-1.682	9.309	0.442		-5	-7	-9	-8	1973.29	1945.68	1942.85	1943.02	670.52	659.4	656.97	659.2
2015-11-17	1.173	1.478	-0.307	-9.562	0.527		6	8	8	9	1943.02	1967.36	1959.22	1963.58	659.2	666.9	666.81	672.17
2015-11-18	0.044	-0.097	-0.528	3.744	1.082		0	0	0	0	1963.58	1967.25	1961.43	1962.88	672.17	673.87	670.67	670.67
2015-11-19	1.729	1.544	0.354	-10.563	-0.074		6	8	6	8	1962.88	1976.94	1972.85	1988.91	670.67	678.97	675.51	680.57
2015-11-20	-0.1	-0.16	-0.926	0.831	0.0		0	0	0	0	1988.91	1988.96	1985.93	1989.86	680.57	681.98	680.87	685.16
2015-11-23	0.617	0.429	0.623	-8.946	2.723		2	2	2	2	1989.86	1995.92	1992.86	2003.7	685.16	688.24	686.24	688.29
2015-11-24	-0.091	-0.183	-0.531	0.97	0.695		0	0	0	0	2003.7	2004.29	2003.06	2016.29	688.29	688.94	686.69	687.86
2015-11-25	-0.015	0.086	-0.311	1.985	-0.42		0	0	0	0	2016.29	2018.24	2007.91	2009.42	687.86	689.41	687.5	688.78
2015-11-26	0.261	-0.013	-0.49	-4.645	0.0		1	1	1	2	2009.42	2014.88	2014.88	2030.68	688.78	691.67	691.57	693.42
2015-11-27	0.315	0.059	-0.49	-4.645	0.488		1	1	1	1	2030.68	2038.71	2026.4	2028.99	693.42	696.89	692.73	694.21
2015-11-30	0.286	0.035	-0.314	-0.461	0.144		0	0	-3	-3	2028.99	2022.38	1987.12	1991.97	694.21	695.69	683.52	688.38
2015-12-01	-0.153	-0.188	-0.315	6.68	0.192	2.669	-1	-1	-3	1	1991.97	2001.51	2001.51	2023.93	688.38	690.49	687.97	691.95
2015-12-02	0.906	1.044	-2.84	-9.051	-0.382		7	7	6	6	2023.93	2026.08	2009.29	2009.29	691.95	694.78	690.32	690.32
2015-12-03	-0.551	-1.015	1.067	8.453	0.526		-4	-4	-6	-5	2009.29	2000.2	1981.59	1994.07	690.32	688.52	683.79	690.77
2015-12-04	-1.564	-1.34	6.979	13.828	0.56		-8	-10	-10	-9	1994.07	1972.16	1970.48	1974.4	690.77	683.47	683.14	685.77
2015-12-07	2.249	2.232	-2.361	-18.222	0.325		7	8	7	7	1974.4	1987.62	1963.66	1963.67	685.77	691.35	683.34	683.34
2015-12-08	-0.813	-0.747	-2.198	6.955	0.08		-2	-2	-5	-5	1963.67	1964.22	1948.43	1949.04	683.34	682.73	666.31	668.42
2015-12-09	-0.001	-0.613	0.584	11.111	0.933		-3	-3	-3	-3	1949.04	1951.39	1944.78	1948.24	668.42	668.17	664.08	664.08
2015-12-10	-1.305	-0.59	-1.34	11.42	0.296		-5	-5	-7	-6	1948.24	1947.21	1940.4	1952.07	664.08	663.69	652.06	658.08
2015-12-11	0.492	0.298	1.404	-1.377	-0.354		1	1	0	1	1952.07	1952.82	1943.67	1948.62	658.08	660.87	651.35	653.48
2015-12-14	-2.319	-2.029	-4.466	26.112	-0.618		-4	-6	-8	-7	1948.62	1926.36	1919.22	1927.82	653.48	642.98	630.37	630.37
2015-12-15	0.49	0.637	4.021	-6.806	0.028		1	1	1	2	1927.82	1935.82	1925.75	1932.97	630.37	634.4	633.32	639.78
2015-12-16	0.903	1.086	1.933	-7.831	-1.499		4	6	6	7	1932.97	1950.15	1950.05	1969.4	639.78	646.75	646.45	647.27
2015-12-17	1.383	1.343	0.838	-14.749	0.788		6	8	6	7	1969.4	1984.06	1967.64	1977.96	647.27	653.92	649.44	658.11
2015-12-18	-1.369	-1.553	-2.143	6.047	-0.229		-4	-5	-5	-3	1977.96	1960.32	1958.12	1975.32	658.11	654.36	652.98	667.45
2015-12-21	-2.949	-3.514	-1.743	9.293	-0.432		-5	-5	-5	-5	1975.32	1974.26	1968.14	1981.19	667.45	665.62	665.53	668.65
2015-12-22	1.063	0.877	-0.091	-9.662	3.051		4	4	3	4	1981.19	1984.37	1971.32	1992.56	668.65	671.39	661.52	663.42
2015-12-23	0.637	0.783	1.912	-11.23	0.913		3	3	3	3	1992.56	1994.2	1989.3	1999.22	663.42	665.89	659.58	659.6
2015-12-24	0.918	1.23	1.117	-6.205	0.96		5	5	5	5	1999.22	2009.34	1990.65	1990.65	659.6	662.83	656.53	656.53
2015-12-28	0.051	-0.16	-0.928	1.092	-0.262		0	0	-1	-1	1990.65	1990.59	1964.06	1964.06	656.53	657.57	651.63	652.05
2015-12-29	-0.062	-0.169	-0.803	7.433	-0.299		-1	-1	-2	1	1964.06	1956.49	1946.21	1966.31	652.05	656.82	656.82	673.22
2015-12-30	1.259	1.027	3.685	-4.908	-1.347		3	3	3	4	1966.31	1973.03	1958.78	1961.31	673.22	677.08	674.87	682.35
2016-01-04	-1.05	-0.831	-1.476	5.321	1.512		-4	-4	-6	-6	1961.31	1954.47	1918.76	1918.76	682.35	686.41	677.79	677.79
2016-01-05	-2.061	-1.53	-1.058	13.674	0.381		-6	-7	-7	-5	1918.76	1911.93	1911.93	1930.53	677.79	670.45	670.44	684.07
2016-01-06	-0.277	0.152	0.134	-6.57	0.584		1	1	-1	1	1930.53	1934.25	1911.61	1925.43	684.07	687.0	675.48	687.27
2016-01-07	-1.059	-1.223	-3.158	6.463	0.353		-3	-3	-5	-5	1925.43	1915.71	1901.24	1904.33	687.27	687.5	675.01	679.66
2016-01-08	-2.822	-2.189	-1.102	21.37	0.09		-6	-8	-9	-6	1904.33	1889.42	1883.82	1917.62	679.66	668.03	662.28	682.56
2016-01-11	-0.912	-1.202	-1.068	8.083	-0.663		-5	-6	-7	-7	1917.62	1897.18	1892.69	1894.84	682.56	681.62	674.1	674.96
2016-01-12	-0.139	0.046	1.315	-10.033	-0.955		2	2	2	2	1894.84	1907.61	1888.94	1890.86	674.96	679.1	671.23	671.3
2016-01-13	0.941	0.65	-2.595	-7.531	0.329		5	7	6	8	1890.86	1904.33	1902.49	1916.28	671.3	677.35	677.35	686.03
2016-01-14	-3.274	-2.377	-1.713	12.239	0.394		-5	-7	-8	-6	1916.28	1893.18	1882.02	1900.01	686.03	675.86	674.29	683.19
2016-01-15	1.906	1.617	1.549	-5.036	-0.064		4	6	2	3	1900.01	1915.83	1873.35	1878.87	683.19	693.07	676.53	678.43
2016-01-18	-2.743	-2.16	-3.098	12.818	0.0		-4	-6	-6	-4	1878.87	1856.03	1854.55	1878.45	678.43	671.96	671.96	683.63
2016-01-19	-3.081	-2.44	-3.098	12.818	-0.748		-4	-4	-5	-4	1878.45	1879.8	1866.76	1889.64	683.63	683.22	674.93	681.25
2016-01-20	-0.34	-0.014	0.098	-3.59	-0.457		0	0	-4	-3	1889.64	1885.36	1830.06	1845.45	681.25	684.69	659.72	669.68
2016-01-21	-0.172	-1.183	-2.506	5.912	6.78		-4	-4	-5	-4	1845.45	1848.1	1838.04	1840.53	669.68	671.37	661.23	665.84
2016-01-22	-0.089	0.385	1.764	-3.262	1.05		-1	1	0	1	1840.53	1860.3	1859.54	1879.43	665.84	672.13	662.81	670.95
2016-01-25	2.664	2.042	1.436	-16.298	-0.435		6	7	6	8	1879.43	1890.15	1882.74	1893.43	670.95	677.14	675.24	681.43
2016-01-26	-1.506	-1.484	-1.27	8.102	-1.747		-5	-5	-7	-6	1893.43	1881.87	1862.98	1871.69	681.43	679.1	677.29	678.85
2016-01-27	0.343	0.847	-1.385	-6.832	-2.862		3	4	2	4	1871.69	1888.07	1883.39	1897.87	678.85	683.75	673.21	675.25
2016-01-28	-1.615	-0.82	0.351	2.711	-0.341		-3	-3	-4	-2	1897.87	1885.38	1877.78	1906.94	675.25	675.56	672.66	681.29
2016-01-29	0.41	0.447	-0.8	-2.986	1.445		2	2	1	2	1906.94	1905.01	1888.48	1912.06	681.29	683.76	677.07	682.8
2016-02-01	2.386	2.463	-2.72	-9.902	0.625	3.092	7	7	5	7	1912.06	1919.62	1912.85	1924.82	682.8	687.65	681.9	685.55
2016-02-02	0.023	-0.187	1.813	-1.089	-0.791		-1	-1	-2	-2	1924.82	1914.96	1906.06	1906.6	685.55	685.68	683.14	684.86
2016-02-03	-2.381	-2.006	-5.188	10.01	-0.435		-4	-4	-6	-5	1906.6	1893.83	1882.75	1890.67	684.86	681.95	676.74	680.94
2016-02-04	-0.323	0.46	0.912	-1.501	1.332		1	1	1	2	1890.67	1900.48	1897.18	1916.26	680.94	683.57	678.47	683.62
2016-02-05	-0.104	0.022	-0.904	0.878	-0.252		0	0	0	0	1916.26	1914.55	1910.31	1917.79	683.62	683.43	680.2	681.31
2016-02-11	0.24	-0.263	-1.388	-0.942	-0.401		0	-4	-4	-4	1917.79	1872.68	1858.9	1861.54	681.31	665.7	647.68	647.69
2016-02-12	-0.341	-1.079	-3.578	7.037	4.159		-3	-4	-7	-6	1861.54	1850.67	1817.97	1835.28	647.69	639.33	594.75	608.45
2016-02-15	1.656	1.952	6.326	-9.737	0.0		4	6	4	7	1835.28	1857.33	1847.6	1862.2	608.45	617.06	609.31	621.37
2016-02-16	2.037	2.329	6.326	-9.737	-1.223		4	5	5	7	1862.2	1870.1	1868.11	1888.3	621.37	626.85	626.85	634.95
2016-02-17	2.196	1.625	1.716	-5.079	0.344		4	4	2	2	1888.3	1889.41	1881.03	1883.94	634.95	637.25	623.13	623.49
2016-02-18	2.485	1.856	2.306	-7.466	2.25		3	5	5	6	1883.94	1909.4	1898.49	1908.84	623.49	633.44	633.29	638.43
2016-02-19	-0.996	-0.414	-3.299	-3.003	-0.552		-1	-1	-1	0	1908.84	1904.5	1902.24	1916.24	638.43	638.8	637.12	644.56
2016-02-22	0.238	-0.185	-0.625	-5.129	0.27		1	1	1	2	1916.24	1911.56	1905.85	1916.36	644.56	646.35	644.15	650.14
2016-02-23	1.291	1.329	1.03	-5.602	5.909		3	3	2	2	1916.36	1928.85	1909.79	1914.22	650.14	655.08	641.56	642.31
2016-02-24	-1.533	-1.35	-1.189	8.256	-1.851		-5	-5	-5	-5	1914.22	1908.71	1906.19	1912.53	642.31	640.75	639.54	643.98
2016-02-25	1.009	0.586	-0.172	-1.239	0.124		3	3	3	3	1912.53	1919.08	1906.99	1918.57	643.98	648.58	644.06	646.27
2016-02-26	0.842	1.058	-2.583	-7.77	-0.091		5	5	5	5	1918.57	1927.1	1917.07	1920.16	646.27	649.33	647.03	649.3
2016-02-29	0.068	-0.174	3.83	3.663	-0.183		-2	-2	-2	-2	1920.16	1921.76	1916.66	1916.66	649.3	652.26	648.07	651.62
2016-03-02	2.813	2.298	5.402	-13.869	-1.483		4	6	6	7	1916.66	1944.27	1942.24	1947.42	651.62	658.95	658.64	662.25
2016-03-03	0.237	0.321	0.763	-3.446	0.202		0	0	0	1	1947.42	1957.83	1946.57	1958.17	662.25	664.94	660.79	669.01
2016-03-04	0.149	0.375	-0.974	-2.282	0.26		0	0	0	0	1958.17	1956.01	1949.47	1955.63	669.01	670.44	668.99	673.84
2016-03-07	0.169	0.306	2.896	0.958	0.78		-1	-1	-1	-1	1955.63	1961.26	1955.97	1957.87	673.84	677.31	671.34	672.21
2016-03-08	-0.163	0.089	1.009	2.906	0.106		0	0	-2	0	1957.87	1958.94	1935.55	1946.12	672.21	675.07	666.3	674.32
2016-03-09	-1.251	-1.086	-3.68	7.608	-0.384		-3	-3	-3	-3	1946.12	1940.55	1938.32	1952.95	674.32	673.93	673.62	679.64
2016-03-10	0.567	0.556	3.275	-1.768	-0.313		0	0	0	2	1952.95	1958.87	1955.67	1969.33	679.64	682.3	682.3	687.6
2016-03-11	-0.209	0.003	1.956	-1.581	0.396		-1	-1	-1	-1	1969.33	1968.3	1966.65	1971.41	687.6	686.33	686.09	689.17
2016-03-14	1.851	1.602	2.488	-8.587	-0.857		4	5	4	4	1971.41	1985.74	1970.56	1972.27	689.17	693.06	691.05	691.05
2016-03-15	0.009	-0.114	-0.708	2.545	0.511		0	0	0	0	1972.27	1975.61	1966.44	1969.97	691.05	692.78	692.61	693.34
2016-03-16	-0.415	-0.159	-0.204	-0.473	1.101		-1	-1	-1	-1	1969.97	1971.58	1969.66	1974.9	693.34	694.45	691.99	693.44
2016-03-17	0.729	0.548	-1.072	-10.986	0.338		4	4	4	4	1974.9	1984.69	1984.33	1987.99	693.44	698.77	691.32	691.49
2016-03-18	0.288	0.745	-1.806	-3.669	0.124		2	2	2	2	1987.99	1996.31	1986.04	1992.12	691.49	694.86	692.42	695.02
2016-03-21	-0.009	-0.121	-1.682	-2.909	-0.963		1	1	1	1	1992.12	1999.25	1982.7	1989.76	695.02	698.59	691.55	692.42
2016-03-22	0.27	0.123	2.779	-1.641	4.209		-3	-3	-3	-3	1989.76	1993.37	1986.87	1996.81	692.42	694.27	689.8	691.51
2016-03-23	0.272	-0.063	0.624	2.756	-0.627		0	0	0	0	1996.81	1996.47	1989.84	1995.12	691.51	692.56	689.39	689.39
2016-03-24	-1.106	-0.676	-3.101	5.434	-0.151		-2	-2	-2	-2	1995.12	1988.46	1981.17	1985.97	689.39	689.87	686.11	686.26
2016-03-25	0.097	-0.038	1.333	-1.339	0.0		0	0	0	0	1985.97	1991.06	1981.53	1983.81	686.26	688.3	682.78	683.2
2016-03-28	0.194	0.048	1.333	-1.339	0.228		0	0	-1	-1	1983.81	1984.93	1981.37	1982.54	683.2	685.06	676.28	676.51
2016-03-29	-0.135	0.042	-1.579	3.392	-0.178		1	1	1	2	1982.54	1986.93	1984.07	1994.91	676.51	678.75	678.72	686.5
2016-03-30	1.731	0.931	-2.995	-9.318	0.627		7	7	7	7	1994.91	2005.24	1998.51	2002.14	686.5	690.85	690.04	691.13
2016-03-31	0.429	0.447	0.882	-1.881	-0.052		2	2	1	2	2002.14	2005.72	1986.74	1995.85	691.13	693.02	687.09	688.38
2016-04-01	0.045	-0.143	-2.404	2.876	-0.522	1.748	1	1	-2	0	1995.85	1994.77	1970.17	1973.57	688.38	690.18	689.05	690.69
2016-04-04	0.879	0.585	0.336	-6.093	-0.489		3	3	3	4	1973.57	1974.73	1969.35	1978.97	690.69	693.8	692.73	696.98
2016-04-05	-0.474	-0.418	-0.725	7.786	-0.56		-3	-3	-4	-4	1978.97	1972.38	1959.26	1962.74	696.98	698.3	693.05	695.7
2016-04-06	-0.833	-0.855	-2.923	9.207	1.755		-3	-3	-3	-3	1962.74	1963.17	1961.51	1971.32	695.7	697.11	692.82	694.03
2016-04-07	1.552	1.026	1.621	-8.625	0.026		4	4	4	4	1971.32	1978.75	1964.99	1973.89	694.03	696.91	695.48	697.13
2016-04-08	-1.532	-1.222	-3.647	14.691	0.698		-4	-4	-5	-4	1973.89	1961.29	1954.11	1972.05	697.13	696.47	695.05	697.1
2016-04-11	0.109	0.291	1.715	-4.95	0.0		0	0	0	0	1972.05	1972.25	1963.21	1970.37	697.1	700.04	693.01	693.01
2016-04-12	-0.458	-0.372	0.233	5.859	-0.025		-2	-2	-2	-2	1970.37	1970.5	1968.5	1981.32	693.01	693.8	691.52	693.45
2016-04-14	1.519	1.016	-1.067	-6.801	-0.527		5	6	6	7	1981.32	2004.15	2000.83	2015.93	693.45	698.03	691.65	693.42
2016-04-15	0.024	0.077	1.078	-0.867	-0.169		0	0	0	0	2015.93	2013.38	2008.68	2014.71	693.42	696.37	693.8	695.62
2016-04-18	-0.59	-0.617	-1.628	-0.729	-3.989		0	0	-1	0	2014.71	2001.35	1998.49	2009.1	695.62	695.78	693.0	695.34
2016-04-19	0.419	0.582	1.199	-1.982	0.654		2	2	2	3	2009.1	2015.1	2007.68	2011.36	695.34	697.31	696.22	701.68
2016-04-20	-0.364	0.332	0.564	-0.824	-0.682		0	0	0	0	2011.36	2017.05	2005.82	2005.83	701.68	703.55	699.85	699.86
2016-04-21	0.103	0.064	3.982	0.302	3.143		-3	-3	-3	-2	2005.83	2014.6	2009.45	2022.1	699.86	702.21	698.39	701.62
2016-04-22	-0.256	-0.663	0.863	5.045	0.556		-2	-2	-2	-2	2022.1	2014.93	2010.94	2015.49	701.62	702.9	700.98	703.05
2016-04-25	-0.55	0.268	0.963	-5.233	0.046		0	0	0	0	2015.49	2016.05	2007.18	2014.55	703.05	705.37	702.42	703.7
2016-04-26	-0.213	-0.133	0.742	6.505	0.75		-1	-1	-1	-1	2014.55	2013.26	2011.85	2019.63	703.7	705.51	700.76	702.06
2016-04-27	-1.22	-0.112	1.525	-0.852	1.362		-3	-3	-3	-3	2019.63	2019.31	2012.75	2015.4	702.06	704.42	699.41	699.52
2016-04-28	-0.328	0.249	-3.677	-1.361	-0.066		2	2	1	1	2015.4	2020.83	1998.6	2000.93	699.52	702.04	699.68	699.7
2016-04-29	-1.155	-0.863	-1.183	10.53	-0.282		-5	-5	-6	-5	2000.93	1998.68	1983.3	1994.15	699.7	699.89	695.82	699.77
2016-05-02	-0.496	-0.421	-1.034	3.154	-0.044		-2	-2	-4	-4	1994.15	1991.84	1977.03	1978.15	699.77	700.43	690.27	690.27
2016-05-03	0.953	0.841	2.529	-6.497	0.313		3	3	3	4	1978.15	1988.34	1979.66	1986.41	690.27	693.67	693.67	698.66
2016-05-04	-1.105	-0.843	-3.485	6.267	0.458		-2	-2	-3	-2	1986.41	1978.24	1969.22	1976.71	698.66	698.02	693.25	694.17
2016-05-09	0.439	0.33	1.832	-7.48	0.761		1	1	1	1	1976.71	1974.52	1962.92	1967.81	694.17	696.66	690.85	691.82
2016-05-10	0.274	0.063	-1.068	-1.019	-0.437		0	0	0	2	1967.81	1965.86	1964.9	1982.5	691.82	693.47	693.44	700.23
2016-05-11	1.307	1.236	0.0	-6.452	-0.134		5	5	5	5	1982.5	1989.17	1970.48	1980.1	700.23	704.32	701.29	703.94
2016-05-12	-1.0	-0.908	-1.307	7.777	-0.498		-5	-5	-5	-5	1980.1	1973.28	1970.54	1977.49	703.94	702.46	699.87	705.04
2016-05-13	-0.433	0.007	1.151	-1.906	-0.621		-1	-1	-2	-1	1977.49	1979.97	1962.77	1966.99	705.04	705.85	703.65	704.37
2016-05-16	-0.6	-0.958	-2.96	4.372	0.151		-3	-3	-3	-3	1966.99	1961.91	1961.32	1967.91	704.37	705.03	701.25	701.46
2016-05-17	1.168	0.943	2.815	-2.394	0.377		3	3	2	3	1967.91	1973.86	1962.57	1968.06	701.46	703.08	693.07	695.95
2016-05-18	-1.216	-0.929	0.342	6.063	0.455		-5	-5	-7	-6	1968.06	1962.78	1945.56	1956.73	695.95	694.9	683.81	683.87
2016-05-19	0.623	0.118	6.879	2.441	-0.664		-1	-1	-2	-1	1956.73	1953.91	1942.48	1946.78	683.87	685.36	678.48	679.39
2016-05-20	-0.567	-0.371	-1.862	2.382	0.083		0	0	0	1	1946.78	1943.84	1940.36	1947.67	679.39	679.65	679.65	684.92
2016-05-23	1.336	0.76	0.217	-6.92	1.487		4	4	4	5	1947.67	1954.26	1940.44	1955.25	684.92	688.87	688.53	691.0
2016-05-24	-0.102	-0.221	-0.595	4.079	0.0		-1	-1	-2	-2	1955.25	1951.18	1937.67	1937.68	691.0	691.92	686.87	687.71
2016-05-25	2.005	1.368	1.143	-8.85	0.967		5	7	5	6	1937.68	1953.63	1951.17	1960.51	687.71	693.65	688.0	689.33
2016-05-26	0.668	0.769	0.592	-3.606	0.282		2	2	2	2	1960.51	1965.81	1955.97	1957.06	689.33	691.9	686.62	687.94
2016-05-27	0.18	0.015	-2.513	-3.381	-0.344		1	1	1	1	1957.06	1962.33	1959.75	1969.17	687.94	689.96	688.81	691.54
2016-05-30	0.647	0.429	1.536	-2.308	0.0		1	1	1	1	1969.17	1969.72	1955.49	1967.13	691.54	694.0	689.93	692.06
2016-05-31	0.83	0.56	1.536	-2.308	0.426		1	1	1	3	1967.13	1962.47	1958.16	1983.4	692.06	692.82	691.93	698.45
2016-06-01	0.245	-0.148	-0.918	8.155	-0.57	0.339	-1	-1	-1	-1	1983.4	1976.87	1975.82	1982.72	698.45	699.49	698.76	700.03
2016-06-02	0.063	0.054	0.654	0.07	-0.224		0	0	0	0	1982.72	1983.86	1978.82	1985.11	700.03	702.26	699.06	701.15
2016-06-03	0.342	0.271	-1.896	-4.014	-0.264		2	2	2	2	1985.11	1991.58	1979.66	1985.84	701.15	703.44	698.79	701.43
2016-06-07	0.508	0.49	1.115	1.336	0.04		2	2	2	3	1985.84	1993.08	1992.77	2011.63	701.43	703.82	703.55	704.77
2016-06-08	-0.179	0.129	-0.58	2.93	0.099		0	0	0	1	2011.63	2013.72	2008.59	2027.08	704.77	705.69	702.39	703.99
2016-06-09	0.243	0.319	-0.409	0.214	0.429		0	0	-2	0	2027.08	2028.02	2012.14	2024.17	703.99	706.32	696.53	705.08
2016-06-10	-0.3	-0.195	-1.524	3.977	-0.178		1	1	1	1	2024.17	2022.77	2014.15	2017.63	705.08	705.31	703.55	706.81
2016-06-13	-1.449	-1.251	-2.44	16.325	-0.448		-5	-6	-8	-8	2017.63	2001.03	1976.69	1979.06	706.81	702.58	695.61	695.61
2016-06-14	-1.1	-0.896	-1.403	23.136	-0.736		-5	-5	-6	-5	1979.06	1976.8	1965.34	1972.03	695.61	693.6	687.56	692.94
2016-06-15	-0.129	-0.264	-0.309	-2.241	-1.217		0	0	0	0	1972.03	1972.0	1960.97	1968.83	692.94	693.24	687.68	694.66
2016-06-16	-0.246	-0.244	-0.931	-1.756	-1.166		0	0	-3	-3	1968.83	1971.53	1944.8	1951.99	694.66	697.27	677.82	680.25
2016-06-17	0.173	0.241	-2.005	-3.823	-0.476		1	2	1	1	1951.99	1966.23	1949.6	1953.4	680.25	685.15	674.82	678.86
2016-06-20	-1.696	-0.687	3.453	0.206	0.646		-5	-4	-4	-3	1953.4	1974.43	1969.56	1981.12	678.86	682.91	682.91	688.95
2016-06-21	0.962	0.81	3.214	-5.358	-0.466		2	2	2	2	1981.12	1977.8	1971.99	1982.7	688.95	691.54	685.35	688.55
2016-06-22	0.067	0.211	1.617	0.599	2.805		-2	-2	-2	-2	1982.7	1981.78	1979.37	1992.58	688.55	689.27	688.18	688.18
2016-06-23	0.131	0.136	-0.707	14.556	-0.102		-2	-2	-4	-3	1992.58	1989.42	1980.14	1986.71	688.18	686.36	674.04	679.52
2016-06-24	2.041	1.811	3.205	-18.517	0.379		4	6	0	0	1986.71	2001.55	1892.75	1925.24	679.52	687.4	631.18	647.16
2016-06-27	-4.403	-3.827	-9.201	49.333	0.357		-4	-7	-7	-4	1925.24	1901.85	1900.83	1926.85	647.16	629.21	626.99	648.12
2016-06-28	-2.454	-1.936	-7.536	-7.415	0.561		-1	-2	-3	0	1926.85	1907.71	1907.49	1936.22	648.12	643.06	641.17	659.3
2016-06-29	2.126	1.765	0.068	-21.384	0.439		6	7	7	8	1936.22	1946.31	1941.9	1956.36	659.3	666.73	664.69	669.88
2016-06-30	2.143	1.969	1.095	-11.253	-0.662		6	8	6	7	1956.36	1971.54	1959.28	1970.35	669.88	675.4	673.11	675.09
2016-07-01	1.1	1.177	0.745	-6.07	0.103	1.366	5	5	3	7	1970.35	1977.36	1975.89	1987.32	675.09	679.21	679.21	684.26
2016-07-04	0.411	0.195	-2.151	-5.502	0.0		3	3	3	3	1987.32	1989.44	1985.11	1995.3	684.26	688.0	685.27	688.15
2016-07-05	0.535	0.362	-2.151	-5.502	0.245		3	3	3	3	1995.3	1995.69	1985.94	1989.85	688.15	690.11	687.0	692.73
2016-07-06	-0.77	-0.625	-6.113	5.484	0.494		-1	-1	-4	-4	1989.85	1980.11	1944.33	1953.12	692.73	691.42	680.32	685.51
2016-07-07	0.645	0.44	1.317	-3.979	0.949		2	2	2	4	1953.12	1963.3	1959.83	1974.08	685.51	689.91	689.91	695.95
2016-07-08	0.352	-0.087	0.144	-1.337	0.111		0	0	-2	0	1974.08	1972.28	1956.91	1963.1	695.95	698.61	688.81	692.6
2016-07-11	1.689	1.514	-1.514	-10.569	-0.749		7	8	8	8	1963.1	1979.36	1977.81	1988.54	692.6	695.46	692.75	697.25
2016-07-12	0.715	0.364	4.978	2.576	-0.402		-1	-1	-1	-1	1988.54	1991.13	1986.45	1991.23	697.25	700.09	696.38	699.4
2016-07-13	0.729	0.701	5.509	0.074	-0.47		0	1	0	1	1991.23	2007.65	1995.84	2005.55	699.4	703.53	702.04	702.65
2016-07-14	-0.346	-0.021	-2.974	-3.764	0.872		1	1	1	1	2005.55	2004.12	1997.94	2008.77	702.65	704.13	699.03	703.34
2016-07-15	0.457	0.491	4.292	-1.687	-0.35		0	0	0	0	2008.77	2015.37	2011.1	2017.26	703.34	706.21	699.24	700.28
2016-07-18	-0.072	-0.012	4.115	-1.17	0.37		-2	-2	-2	-2	2017.26	2018.22	2012.3	2021.11	700.28	701.95	698.69	700.9
2016-07-19	0.548	0.238	-0.439	-1.815	-0.022		1	1	1	1	2021.11	2022.8	2010.27	2016.89	700.9	703.41	700.83	702.44
2016-07-20	-0.33	-0.132	-1.827	-3.778	-0.134		1	1	1	1	2016.89	2013.4	2003.87	2015.46	702.44	704.02	703.2	705.03
2016-07-21	1.139	0.462	1.412	-1.671	1.58		3	3	3	3	2015.46	2019.36	2007.59	2012.22	705.03	708.7	707.82	708.12
2016-07-22	-0.31	-0.315	-0.949	8.241	-0.335		-1	-1	-1	-1	2012.22	2005.37	2002.66	2010.34	708.12	708.89	706.16	707.54
2016-07-25	0.56	0.467	0.319	-5.651	0.023		3	3	3	3	2010.34	2014.74	2006.63	2012.32	707.54	710.21	704.83	704.96
2016-07-26	0.052	-0.278	0.064	7.072	-0.139		-1	-1	-1	0	2012.32	2009.4	2008.25	2027.34	704.96	705.8	702.98	705.4
2016-07-27	0.833	0.159	-0.509	1.399	-0.606		1	1	1	1	2027.34	2027.07	2021.15	2025.05	705.4	707.27	700.94	701.09
2016-07-28	0.635	-0.016	-3.071	-1.686	0.024		3	3	3	3	2025.05	2029.07	2014.36	2021.1	701.09	702.94	701.16	703.78
2016-07-29	0.549	0.195	-0.264	-0.857	-0.049		1	1	1	1	2021.1	2023.24	2016.19	2016.19	703.78	705.39	705.13	706.24
2016-08-01	0.366	0.428	-3.508	-6.682	-0.601	1.644	4	4	2	4	2016.19	2024.71	2024.57	2029.61	706.24	708.84	703.72	703.72
2016-08-02	0.528	-0.058	2.606	4.802	0.05		-1	-1	-1	-1	2029.61	2023.55	2017.59	2019.03	703.72	704.25	700.32	700.9
2016-08-03	-0.918	-0.659	2.741	7.476	0.481		-5	-5	-7	-6	2019.03	2008.68	1993.0	1994.79	700.9	700.4	694.88	698.32
2016-08-04	0.391	0.302	0.325	-3.815	0.808		0	0	0	0	1994.79	2006.08	1994.73	2000.03	698.32	701.2	700.95	701.67
2016-08-05	0.153	0.033	-2.529	-3.421	-0.215		1	1	0	2	2000.03	2006.23	2004.37	2017.94	701.67	703.87	694.49	696.09
2016-08-08	1.099	0.826	5.256	-8.293	0.455		2	2	2	2	2017.94	2025.55	2018.81	2031.12	696.09	698.67	694.36	696.43
2016-08-09	-0.127	-0.068	0.063	0.966	-0.442		0	0	0	0	2031.12	2033.52	2032.18	2043.78	696.43	697.86	697.42	700.73
2016-08-10	0.273	0.062	-2.401	1.391	-0.07		1	1	1	2	2043.78	2043.03	2039.86	2044.64	700.73	703.74	702.39	707.46
2016-08-11	-0.384	-0.298	-2.33	3.345	-0.551		1	1	1	1	2044.64	2042.64	2035.25	2048.8	707.46	709.3	702.56	703.33
2016-08-12	0.458	0.473	4.241	-3.071	-0.069		0	0	0	0	2048.8	2053.82	2046.15	2050.47	703.33	705.22	702.87	705.18
2016-08-16	0.557	0.279	2.508	2.251	-0.328		0	0	-1	-1	2050.47	2056.0	2047.73	2047.76	705.18	706.4	698.87	698.87
2016-08-17	-0.617	-0.513	1.481	7.028	-0.451		-3	-3	-5	-3	2047.76	2045.37	2032.53	2043.75	698.87	697.98	688.14	693.67
2016-08-18	0.118	0.233	-0.952	-3.56	0.235		0	0	0	0	2043.75	2048.15	2041.9	2055.47	693.67	696.94	695.13	696.93
2016-08-19	0.209	0.22	-1.602	-6.235	0.228		2	2	2	2	2055.47	2057.9	2049.52	2056.24	696.93	698.87	695.87	696.2
2016-08-22	0.013	-0.144	2.734	-0.787	-0.247		-1	-1	-3	-2	2056.24	2054.37	2040.51	2042.16	696.2	697.5	688.15	688.15
2016-08-23	0.067	-0.091	-2.471	8.201	0.723		0	0	0	0	2042.16	2044.27	2041.86	2049.93	688.15	688.68	687.37	687.38
2016-08-24	0.326	0.218	0.91	0.896	-1.06		0	0	0	0	2049.93	2050.82	2039.53	2043.76	687.38	689.86	687.61	687.78
2016-08-25	-0.801	-0.524	0.386	8.643	0.064		-3	-3	-3	-3	2043.76	2041.58	2035.01	2042.92	687.78	688.8	683.83	683.96
2016-08-26	-0.079	-0.114	1.155	1.338	0.085		0	0	-1	0	2042.92	2036.74	2027.68	2037.5	683.96	684.92	679.26	680.43
2016-08-29	0.134	-0.192	3.678	0.147	-0.882		-2	-2	-4	-4	2037.5	2028.64	2024.93	2032.35	680.43	679.16	663.53	663.58
2016-08-30	0.293	0.557	-4.22	-5.201	0.0		4	4	4	4	2032.35	2038.6	2036.76	2039.74	663.58	667.2	665.6	667.61
2016-08-31	-0.131	-0.172	0.255	1.391	-0.237		0	0	-1	0	2039.74	2038.58	2027.24	2034.65	667.61	668.63	656.21	663.69
2016-09-01	-0.182	-0.261	-0.127	2.287	0.336	1.729	0	0	-3	1	2034.65	2022.96	2016.47	2032.72	663.69	664.33	663.86	671.29
2016-09-02	0.268	-0.05	0.128	0.447	0.904		0	0	0	1	2032.72	2033.92	2030.17	2038.31	671.29	673.16	670.96	676.91
2016-09-05	0.434	0.42	1.656	-11.128	0.0		3	3	3	4	2038.31	2049.19	2047.49	2060.08	676.91	680.02	678.48	679.49
2016-09-06	0.559	0.477	1.656	-11.128	-0.653		3	3	3	3	2060.08	2058.21	2057.26	2066.53	679.49	681.14	677.86	679.26
2016-09-07	0.552	0.333	-3.321	0.334	0.045		3	3	2	2	2066.53	2068.81	2061.88	2061.88	679.26	681.01	672.49	672.49
2016-09-08	0.131	-0.015	-0.13	-0.666	1.363		0	0	-1	0	2061.88	2064.96	2053.2	2063.73	672.49	673.6	660.84	667.4
2016-09-09	-0.463	-0.234	4.867	4.774	-0.546		-4	-5	-7	-5	2063.73	2048.94	2029.46	2037.87	667.4	667.46	659.67	664.99
2016-09-12	-2.54	-2.499	3.465	39.888	-0.676		-8	-11	-12	-12	2037.87	2003.67	1991.47	1991.48	664.99	654.49	652.91	652.91
2016-09-13	1.604	1.363	0.0	-13.371	-0.497		6	8	6	7	1991.48	2011.93	1997.58	1999.36	652.91	659.48	657.03	660.15
2016-09-19	-0.144	-0.821	-0.117	-5.706	0.349		0	0	0	2	1999.36	1997.43	1997.1	2015.78	660.15	661.81	661.81	666.64
2016-09-20	-0.13	0.033	-0.294	1.041	-0.393		0	0	0	1	2015.78	2014.5	2010.25	2025.71	666.64	667.16	666.77	674.51
2016-09-21	0.152	-0.017	-0.472	2.511	2.44		-1	-1	-1	-1	2025.71	2022.81	2021.78	2035.99	674.51	676.56	675.7	678.28
2016-09-22	1.006	1.092	-1.185	-16.457	0.618		6	7	6	7	2035.99	2050.31	2048.8	2049.7	678.28	682.94	682.18	685.24
2016-09-23	0.858	0.65	-2.158	-9.624	-0.54		5	5	5	5	2049.7	2053.22	2048.96	2054.07	685.24	687.16	685.29	688.59
2016-09-26	-0.725	-0.655	-1.042	2.246	0.315		-2	-2	-2	-2	2054.07	2052.76	2042.7	2047.11	688.59	688.89	686.75	686.76
2016-09-27	-0.936	-0.882	-1.61	17.982	-0.675		-4	-4	-5	-3	2047.11	2037.32	2031.13	2062.82	686.76	685.15	683.29	687.99
2016-09-28	0.85	0.61	-2.077	-9.655	0.649		5	5	5	5	2062.82	2062.57	2051.68	2053.06	687.99	689.6	686.76	686.76
2016-09-29	0.211	0.483	0.707	-5.42	0.319		2	2	2	3	2053.06	2063.74	2063.74	2068.72	686.76	689.34	688.43	689.83
2016-09-30	-1.032	-1.06	-0.638	13.156	-0.146		-6	-6	-8	-8	2068.72	2054.25	2042.77	2043.63	689.83	688.49	680.1	681.21
2016-10-04	-0.189	-0.303	0.871	2.107	-0.328		0	0	0	0	2043.63	2056.94	2050.46	2054.86	681.21	682.32	681.28	685.88
2016-10-05	-0.232	-0.519	3.761	0.442	1.171		-3	-3	-4	-3	2054.86	2043.37	2036.87	2053.0	685.88	686.03	684.37	685.44
2016-10-06	0.509	0.43	1.961	-4.696	-0.361		2	3	2	2	2053.0	2069.3	2055.83	2065.3	685.44	686.69	684.14	684.33
2016-10-07	-0.208	-0.01	1.515	-1.155	0.297		-1	-1	-2	-2	2065.3	2065.95	2051.6	2053.8	684.33	685.96	675.6	675.9
2016-10-10	-0.272	-0.325	-0.344	4.984	0.0		-1	-1	-1	-1	2053.8	2047.19	2039.99	2056.82	675.9	676.02	674.08	674.74
2016-10-11	1.364	1.066	-0.749	-0.742	2.59		3	3	1	2	2056.82	2053.29	2030.51	2031.93	674.74	676.09	669.22	670.64
2016-10-12	-1.635	-1.315	2.089	14.798	0.098		-7	-7	-7	-7	2031.93	2022.97	2022.39	2033.73	670.64	668.09	667.91	669.95
2016-10-13	-0.33	-0.061	1.08	3.581	-0.359		0	0	-2	-2	2033.73	2033.99	2014.89	2015.44	669.95	671.69	663.0	663.09
2016-10-14	-0.49	-0.31	-2.25	4.903	0.278		-1	-1	-1	-1	2015.44	2021.66	2021.11	2022.66	663.09	664.43	663.51	664.92
2016-10-17	0.0	-0.015	3.222	-3.415	-0.238		-2	-2	-3	-2	2022.66	2028.93	2011.81	2027.61	664.92	666.26	659.14	659.83
2016-10-18	-0.296	-0.327	-1.561	0.558	0.2		1	1	1	1	2027.61	2027.81	2026.47	2040.43	659.83	660.58	658.54	660.29
2016-10-19	0.779	0.593	-0.963	-5.737	0.954		3	3	3	3	2040.43	2036.18	2035.9	2040.94	660.29	662.46	660.63	661.26
2016-10-20	0.008	0.196	0.172	-5.694	-0.388		1	1	0	0	2040.94	2044.12	2036.54	2040.6	661.26	663.06	655.02	655.68
2016-10-21	-0.077	-0.184	-0.285	-4.58	0.456		1	1	1	1	2040.6	2039.4	2029.79	2033.0	655.68	656.02	651.37	651.77
2016-10-24	0.38	0.097	-0.401	-2.982	0.0		0	0	0	1	2033.0	2037.19	2036.77	2047.74	651.77	654.01	647.34	647.88
2016-10-25	1.069	0.498	1.322	-2.399	-0.059		3	3	1	2	2047.74	2042.29	2031.25	2037.17	647.88	648.4	636.4	640.17
2016-10-26	-0.743	-0.508	-0.284	3.379	-1.301		-2	-2	-6	-3	2037.17	2030.37	2002.29	2013.89	640.17	638.07	626.66	635.51
2016-10-27	-0.663	-0.186	1.82	5.795	0.081		-3	-3	-3	-1	2013.89	2018.24	2015.66	2024.12	635.51	636.47	636.47	648.57
2016-10-28	-0.419	-0.122	2.961	7.865	-0.221		-3	-3	-4	-4	2024.12	2021.97	2015.72	2019.42	648.57	648.9	640.16	640.17
2016-10-31	-0.72	-0.487	0.109	5.404	-0.924		-3	-3	-5	-5	2019.42	2011.29	2005.95	2008.19	640.17	638.62	623.37	624.68
2016-11-01	0.107	0.153	-0.596	5.374	-0.192	3.851	-1	-1	-4	-1	2008.19	2003.41	1990.45	2007.39	624.68	621.69	621.69	626.38
2016-11-02	-0.743	-0.75	-0.763	8.792	-0.75		-3	-3	-7	-6	2007.39	1995.41	1976.34	1978.94	626.38	624.46	606.04	606.06
2016-11-03	-1.287	-0.844	-1.154	4.095	0.309		-4	-4	-4	-4	1978.94	1974.93	1973.58	1983.8	606.06	602.33	602.31	609.99
2016-11-04	-0.993	-0.418	0.723	14.286	-0.067		-5	-5	-5	-5	1983.8	1983.87	1976.57	1982.02	609.99	610.07	605.78	610.82
2016-11-07	0.878	1.083	-1.6	1.947	0.862		4	5	4	7	1982.02	1997.58	1992.14	1997.58	610.82	614.93	614.93	622.17
2016-11-08	2.411	2.222	2.524	-16.881	0.178		5	5	5	5	1997.58	2009.56	1994.33	2003.38	622.17	626.39	621.35	624.19
2016-11-09	0.633	0.494	1.86	0.16	-0.356		1	1	-3	-3	2003.38	2008.08	1931.07	1958.38	624.19	626.53	581.64	599.74
2016-11-10	1.046	1.073	11.278	-23.266	0.088		4	8	7	8	1958.38	1989.85	1983.26	2002.6	599.74	615.16	614.86	623.23
2016-11-11	-0.805	0.195	2.172	2.503	0.0		-2	-2	-3	-3	2002.6	1988.87	1982.15	1984.43	623.23	622.45	618.38	621.89
2016-11-14	0.738	-0.267	2.172	-3.867	-3.269		1	1	1	1	1984.43	1982.93	1974.27	1974.4	621.89	622.6	620.38	621.23
2016-11-15	-0.395	0.012	4.96	2.188	1.016		-2	-2	-2	-2	1974.4	1977.33	1967.21	1967.53	621.23	621.82	616.53	617.43
2016-11-16	1.076	0.737	0.72	-7.666	-0.087		4	4	4	5	1967.53	1980.82	1976.63	1979.65	617.43	620.81	620.81	627.83
2016-11-17	0.323	-0.17	-0.67	2.618	-0.439		0	0	0	0	1979.65	1976.21	1968.8	1980.55	627.83	629.05	624.52	627.76
2016-11-18	0.749	0.456	2.384	-2.697	-1.079		1	1	0	0	1980.55	1983.07	1968.13	1974.58	627.76	628.72	619.58	620.26
2016-11-21	-0.13	-0.296	2.592	-3.745	0.306		-1	-1	-2	-2	1974.58	1971.03	1962.42	1966.05	620.26	618.63	609.1	609.33
2016-11-22	0.972	0.758	0.171	-3.346	1.853		3	3	3	4	1966.05	1976.07	1974.05	1983.47	609.33	612.42	608.67	610.74
2016-11-23	0.377	0.262	-0.77	-0.081	-0.187		0	0	-1	-1	1983.47	1987.64	1981.22	1987.95	610.74	612.36	599.89	600.29
2016-11-24	-0.105	0.081	1.551	0.161	0.0		-1	-1	-3	-3	1987.95	1985.11	1968.5	1971.26	600.29	600.49	590.49	592.65
2016-11-25	-0.085	0.092	1.551	0.161	0.021		-1	-1	-1	0	1971.26	1972.6	1969.09	1974.46	592.65	592.6	591.17	597.82
2016-11-28	0.252	0.244	0.636	-0.724	-1.368		0	0	0	0	1974.46	1976.58	1966.78	1978.13	597.82	599.41	593.05	593.05
2016-11-29	-0.558	-0.548	-2.192	6.564	-0.425		-2	-2	-2	-2	1978.13	1977.1	1972.31	1978.39	593.05	592.55	590.84	596.07
2016-11-30	0.156	0.111	-0.776	-1.901	0.022		0	0	0	0	1978.39	1980.38	1977.09	1983.48	596.07	597.38	594.13	596.11
2016-12-01	-0.983	-0.231	2.867	3.333	-0.748	3.081	-3	-3	-5	-3	1983.48	1987.48	1979.67	1983.75	596.11	596.52	591.64	593.85
2016-12-02	-1.384	-0.42	3.083	5.551	-0.098		-6	-6	-8	-7	1983.75	1980.14	1966.42	1970.61	593.85	593.21	586.73	586.73
2016-12-05	-0.325	-0.325	-2.089	0.355	-0.426		1	1	-1	-1	1970.61	1965.71	1960.65	1963.36	586.73	584.56	575.12	575.12
2016-12-06	1.018	0.616	-0.126	-14.023	-1.583		5	5	5	7	1963.36	1976.51	1976.51	1989.86	575.12	578.18	578.18	581.35
2016-12-07	0.496	0.398	0.377	-2.883	0.0		1	1	0	1	1989.86	1995.69	1987.26	1991.89	581.35	584.12	573.54	578.52
2016-12-08	1.196	1.305	-2.045	3.647	0.221		5	6	6	8	1991.89	2008.31	2007.57	2031.07	578.52	581.88	581.11	584.62
2016-12-09	0.402	0.171	1.704	3.437	0.157		0	0	0	1	2031.07	2024.52	2019.79	2024.69	584.62	585.8	585.24	594.35
2016-12-12	0.608	0.627	3.226	-7.041	2.097		0	0	0	1	2024.69	2031.95	2020.97	2027.24	594.35	599.1	598.4	603.08
2016-12-13	-0.602	-0.114	0.609	7.574	-0.606		-2	-2	-2	-1	2027.24	2026.39	2023.61	2035.98	603.08	604.31	601.69	611.09
2016-12-14	0.983	0.654	0.081	0.633	-1.0		3	3	3	3	2035.98	2043.07	2031.18	2036.87	611.09	614.59	611.48	612.47
2016-12-15	-0.563	-0.856	1.773	3.695	-0.49		-3	-4	-4	-2	2036.87	2022.14	2021.76	2036.65	612.47	610.51	610.12	620.61
2016-12-16	0.442	0.421	2.178	-3.033	0.393		1	1	1	1	2036.65	2037.35	2033.23	2042.24	620.61	622.52	617.93	622.08
2016-12-19	-0.922	-0.682	0.659	-4.613	0.482		-2	-2	-2	-2	2042.24	2039.4	2037.04	2038.39	622.08	624.23	620.42	622.77
2016-12-20	0.388	0.209	-2.118	-4.016	-0.019		2	2	2	2	2038.39	2044.87	2040.81	2041.94	622.77	624.29	617.98	617.99
2016-12-21	0.486	0.397	1.023	-2.22	2.546		0	0	0	0	2041.94	2049.47	2037.96	2037.96	617.99	620.34	616.22	618.63
2016-12-22	-0.258	-0.345	-0.857	-1.572	0.057		0	0	0	0	2037.96	2041.61	2033.99	2035.73	618.63	619.61	615.91	615.93
2016-12-23	-0.495	-0.242	0.275	1.42	-0.51		-1	-1	-1	-1	2035.73	2036.17	2031.54	2035.9	615.93	617.14	616.3	619.75
2016-12-26	0.28	0.125	-0.392	0.087	0.0		0	0	0	0	2035.9	2038.33	2034.8	2037.75	619.75	621.15	615.16	615.16
2016-12-27	0.275	0.07	-0.392	0.087	0.509		0	0	0	0	2037.75	2040.74	2037.12	2042.17	615.16	616.66	616.66	618.38
2016-12-28	0.453	0.236	0.786	4.808	0.056		0	-1	-1	0	2042.17	2021.86	2020.86	2024.49	618.38	622.26	621.07	627.27
2016-12-29	-0.891	-0.825	-2.224	8.007	-0.74		-2	-2	-2	-2	2024.49	2020.42	2016.25	2026.46	627.27	626.21	624.23	631.44
2017-01-02	-0.901	-0.464	-1.252	5.011	0.0		-4	-4	-4	-4	2026.46	2022.23	2015.68	2026.16	631.44	632.89	629.54	632.04
2017-01-03	-0.639	-0.262	-1.252	5.011	0.894		-2	-2	-2	-1	2026.16	2034.31	2028.47	2043.97	632.04	633.3	633.1	636.57
2017-01-04	0.859	0.86	0.164	-8.476	0.306		3	3	3	3	2043.97	2046.29	2040.61	2045.64	636.57	638.73	636.74	639.79
2017-01-05	0.908	0.583	0.082	-7.782	0.244		4	4	4	4	2045.64	2045.52	2039.49	2041.95	639.79	642.01	640.87	642.48
2017-01-06	0.21	-0.077	-3.426	-1.519	-0.056		2	2	2	2	2041.95	2048.11	2045.66	2049.12	642.48	643.96	641.96	643.68
2017-01-09	0.613	0.341	2.111	-2.999	-0.445		0	0	0	0	2049.12	2053.18	2046.47	2048.78	643.68	645.92	642.15	642.15
2017-01-10	0.195	-0.377	-1.737	2.12	-0.25		1	1	0	0	2048.78	2043.3	2039.5	2045.12	642.15	642.85	636.26	636.73
2017-01-11	0.391	0.0	0.126	-0.606	-0.02		0	0	0	1	2045.12	2048.08	2047.56	2075.17	636.73	637.56	637.19	637.9
2017-01-12	0.173	0.283	-0.378	-2.002	0.23		0	0	-1	0	2075.17	2077.69	2073.89	2087.14	637.9	639.04	632.21	632.87
2017-01-13	-0.281	-0.17	-0.38	2.487	0.075		0	0	0	0	2087.14	2077.12	2073.44	2076.79	632.87	633.88	631.67	634.68
2017-01-16	0.48	0.185	0.805	-2.686	0.0		1	1	-1	0	2076.79	2077.03	2058.93	2064.17	634.68	636.77	627.28	627.88
2017-01-17	0.381	0.086	0.805	-2.686	0.344		0	0	0	0	2064.17	2067.52	2065.53	2071.87	627.88	628.3	623.49	624.0
2017-01-18	-0.63	-0.33	-2.227	5.699	0.076		-1	-1	-1	-1	2071.87	2073.77	2058.35	2070.54	624.0	624.87	621.7	626.89
2017-01-19	0.281	0.132	2.664	5.139	0.607		-2	-1	-2	-2	2070.54	2085.61	2065.03	2072.79	626.89	629.63	626.19	626.19
2017-01-20	-0.241	-0.383	2.93	2.404	0.156		-1	-1	-1	-1	2072.79	2065.54	2064.0	2065.61	626.19	626.5	622.12	622.12
2017-01-23	0.29	0.337	0.325	-9.703	1.736		2	2	1	1	2065.61	2067.62	2058.91	2065.99	622.12	623.28	615.99	615.99
2017-01-24	-0.038	-0.324	-2.594	1.993	0.209		1	1	1	1	2065.99	2070.22	2058.59	2065.76	615.99	616.36	612.89	612.93
2017-01-25	0.938	0.711	2.83	-5.947	-0.432		3	3	3	3	2065.76	2075.33	2062.96	2066.94	612.93	615.37	609.25	609.64
2017-01-26	1.023	0.792	2.104	-2.349	0.398		2	2	2	4	2066.94	2074.77	2068.5	2083.59	609.64	611.43	610.05	616.81
2017-01-31	-0.851	-0.612	0.081	12.287	-0.057		-4	-4	-5	-5	2083.59	2077.66	2067.57	2067.57	616.81	616.77	615.06	616.13
2017-02-01	0.396	0.021	-1.289	0.926	-0.095	0.534	0	0	-1	1	2067.57	2075.31	2073.97	2080.48	616.13	617.3	617.26	623.68
2017-02-02	0.482	0.052	0.938	-1.501	-0.575		1	1	0	0	2080.48	2080.23	2067.76	2071.01	623.68	623.46	613.02	613.04
2017-02-03	-0.144	-0.009	-0.162	1.016	0.261		0	0	-1	0	2071.01	2075.9	2064.05	2073.16	613.04	614.37	606.72	609.21
2017-02-06	0.586	0.814	0.85	-8.047	-0.037		3	3	3	3	2073.16	2085.73	2073.03	2077.66	609.21	610.79	607.77	610.96
2017-02-07	-0.071	-0.222	-3.131	3.646	0.245		2	2	2	2	2077.66	2077.8	2071.05	2075.21	610.96	611.65	606.59	608.72
2017-02-08	0.155	-0.097	-0.995	-0.704	-1.016		0	0	-1	0	2075.21	2072.58	2052.29	2065.08	608.72	609.72	604.75	608.79
2017-02-09	0.116	0.08	-1.591	1.417	0.057		1	1	1	1	2065.08	2067.15	2062.12	2065.88	608.79	610.11	607.37	611.04
2017-02-10	0.557	0.575	1.872	-4.978	0.283		2	2	2	2	2065.88	2075.8	2072.23	2075.08	611.04	612.38	609.84	610.58
2017-02-13	0.379	0.421	0.585	-0.276	-0.111		1	1	1	1	2075.08	2074.94	2070.36	2078.65	610.58	611.59	609.36	611.94
2017-02-14	0.52	0.535	1.038	2.028	-0.038		2	2	2	2	2078.65	2079.3	2068.16	2074.57	611.94	613.23	609.52	611.54
2017-02-15	0.294	0.337	1.479	-2.981	-0.376		0	0	0	0	2074.57	2073.6	2069.89	2083.86	611.54	612.7	612.16	615.95
2017-02-16	0.694	0.489	1.296	11.453	-0.188		0	0	0	0	2083.86	2088.09	2078.35	2081.84	615.95	617.86	613.94	616.58
2017-02-17	-0.083	-0.108	-2.078	-1.754	0.206		1	1	1	1	2081.84	2072.57	2072.57	2080.58	616.58	615.72	615.52	618.7
2017-02-20	0.407	0.168	-1.02	-2.296	0.0		1	1	1	1	2080.58	2084.16	2077.13	2084.39	618.7	620.18	618.98	619.97
2017-02-21	0.365	0.104	-1.02	-2.296	0.15		0	0	0	1	2084.39	2085.97	2085.0	2102.93	619.97	621.49	620.98	622.47
2017-02-22	0.502	0.605	0.082	0.696	0.37		2	2	2	2	2102.93	2106.42	2101.56	2106.61	622.47	623.88	621.39	621.39
2017-02-23	-0.063	-0.066	-0.371	1.469	0.597		0	0	0	0	2106.61	2106.15	2103.11	2107.63	621.39	622.41	617.67	617.67
2017-02-24	-0.48	-0.011	-1.241	-0.256	-0.22		-1	-1	-2	-1	2107.63	2106.43	2090.05	2094.12	617.67	619.35	614.71	614.75
2017-02-27	0.107	0.054	-2.973	-2.05	0.056		1	1	1	1	2094.12	2095.47	2084.08	2085.52	614.75	615.77	612.12	612.12
2017-02-28	0.237	-0.004	2.244	5.405	-0.018		-2	-2	-2	-2	2085.52	2087.26	2084.36	2091.64	612.12	613.67	611.13	612.2
2017-03-02	1.289	1.315	4.453	-2.941	-0.26		2	2	2	2	2091.64	2105.19	2096.31	2102.65	612.2	614.58	608.61	608.93
2017-03-03	-0.837	-0.68	1.056	-5.821	-0.057		-1	-1	-4	-3	2102.65	2090.92	2072.09	2078.75	608.93	607.59	597.43	600.73
2017-03-06	0.107	0.008	0.121	-7.197	-0.263		1	1	1	1	2078.75	2073.2	2067.68	2081.36	600.73	598.98	597.66	604.05
2017-03-07	-0.484	-0.507	0.08	2.555	-0.056		-2	-2	-2	-2	2081.36	2080.77	2079.16	2094.05	604.05	603.57	602.95	606.05
2017-03-08	-0.256	-0.323	0.682	1.868	-0.659		0	0	0	0	2094.05	2092.27	2088.19	2095.41	606.05	607.15	604.8	605.75
2017-03-09	0.048	-0.239	1.633	3.581	-0.119		-1	-1	-1	-1	2095.41	2098.29	2090.73	2091.06	605.75	607.58	605.3	606.13
2017-03-10	0.082	0.133	1.803	3.71	0.67		-1	-1	-2	0	2091.06	2088.67	2082.31	2097.35	606.13	607.01	596.85	612.26
2017-03-13	0.374	0.285	-0.616	-5.203	-0.082		1	1	1	2	2097.35	2102.37	2100.91	2117.59	612.26	613.79	613.44	615.59
2017-03-14	0.221	-0.005	1.007	-2.659	0.103		0	0	0	1	2117.59	2127.12	2124.42	2133.78	615.59	617.07	613.93	614.12
2017-03-15	-0.341	-0.317	-0.498	8.37	2.179		-2	-2	-3	-3	2133.78	2128.42	2127.26	2133.0	614.12	615.38	608.03	608.68
2017-03-16	0.683	0.785	-3.353	-5.447	0.307		5	6	5	7	2133.0	2154.98	2143.01	2150.08	608.68	611.48	610.6	613.88
2017-03-17	-0.011	-0.184	0.558	-3.611	0.082		0	0	0	0	2150.08	2150.47	2148.86	2164.58	613.88	615.09	611.65	613.26
2017-03-20	-0.181	-0.582	-0.833	0.624	-0.164		-1	-1	-2	-1	2164.58	2160.32	2151.51	2157.01	613.26	613.73	607.48	609.11
2017-03-21	-0.042	-0.254	-1.12	0.532	-0.601		0	0	0	1	2157.01	2162.95	2160.25	2178.38	609.11	610.7	608.66	609.73
2017-03-22	-1.9	-1.316	-1.496	9.965	1.732		-6	-7	-7	-6	2178.38	2159.97	2158.96	2168.3	609.73	608.36	606.8	607.57
2017-03-23	0.475	0.178	-1.642	2.727	0.229		2	2	2	2	2168.3	2174.09	2170.56	2172.72	607.57	609.36	604.48	605.53
2017-03-24	-0.021	-0.063	0.918	2.42	-0.063		0	0	0	0	2172.72	2171.36	2163.34	2168.95	605.53	607.34	605.59	608.18
2017-03-27	-0.159	-0.415	-0.744	-1.22	0.313		-1	-1	-2	-1	2168.95	2161.17	2153.14	2155.66	608.18	609.63	606.96	607.07
2017-03-28	0.265	-0.016	-1.125	-3.549	0.335		0	0	0	1	2155.66	2166.58	2157.71	2163.31	607.07	608.75	607.98	612.28
2017-03-29	0.669	0.789	1.517	-7.76	0.207		2	2	2	2	2163.31	2172.31	2162.04	2166.98	612.28	614.65	612.55	613.63
2017-03-30	0.381	0.109	-0.955	-0.954	0.182		0	0	0	0	2166.98	2170.18	2159.16	2164.64	613.63	615.34	613.09	614.68
2017-03-31	0.344	0.336	1.257	1.051	-0.06		0	0	0	0	2164.64	2166.62	2159.8	2160.23	614.68	616.2	615.43	619.28
2017-04-03	-0.076	-0.3	-0.828	7.192	0.178		-1	-1	-1	0	2160.23	2166.04	2161.26	2167.51	619.28	621.47	620.34	628.52
2017-04-04	-0.321	-0.238	-1.92	0.081	0.0		1	1	1	1	2167.51	2165.23	2156.89	2161.1	628.52	629.23	625.2	625.49
2017-04-05	0.122	0.151	0.0	-4.766	0.294		1	1	1	1	2161.1	2161.9	2146.98	2160.85	625.49	627.89	626.94	630.17
2017-04-06	-0.62	-0.348	0.298	9.33	-0.684		-3	-3	-4	-3	2160.85	2152.64	2143.3	2152.75	630.17	630.59	625.2	630.46
2017-04-07	0.321	0.257	-0.594	-3.879	0.0		0	0	0	0	2152.75	2154.87	2142.51	2151.73	630.46	632.16	629.61	633.32
2017-04-10	-0.029	-0.104	1.28	3.874	0.134		0	0	-3	-3	2151.73	2148.83	2128.35	2133.32	633.32	633.24	617.16	619.41
2017-04-11	0.136	0.143	-0.506	9.169	0.094		-2	-2	-4	-2	2133.32	2129.23	2117.82	2123.85	619.41	620.25	614.21	621.64
2017-04-12	-0.222	-0.111	-2.668	7.26	0.0		0	0	0	0	2123.85	2128.17	2122.94	2128.91	621.64	622.54	619.27	621.45
2017-04-13	-0.592	-0.461	-0.087	4.645	-0.49		-3	-3	-3	-2	2128.91	2130.64	2125.87	2148.61	621.45	622.49	622.38	623.87
2017-04-14	-0.531	-0.681	-2.787	1.205	0.0		-1	-1	-3	-2	2148.61	2138.28	2127.8	2134.88	623.87	623.14	617.72	618.24
2017-04-17	-0.648	-0.832	-2.787	1.205	-0.395		-1	-1	-1	1	2134.88	2140.87	2138.7	2145.76	618.24	621.45	621.45	629.47
2017-04-18	0.931	0.861	0.896	-8.145	0.19		4	4	4	5	2145.76	2155.36	2139.31	2148.46	629.47	632.4	630.27	634.73
2017-04-19	-0.116	-0.269	-3.242	-1.637	-0.095		2	2	2	2	2148.46	2144.98	2133.82	2138.4	634.73	634.93	633.64	635.99
2017-04-20	0.236	-0.193	1.056	3.537	0.377		0	0	0	0	2138.4	2138.19	2134.05	2149.15	635.99	636.87	635.44	635.8
2017-04-21	0.958	0.788	1.771	-5.224	0.875		3	3	3	4	2149.15	2161.24	2156.64	2165.04	635.8	638.02	633.7	634.96
2017-04-24	0.427	0.474	-0.178	3.392	0.121		2	2	1	1	2165.04	2175.5	2166.83	2173.74	634.96	635.58	626.62	626.62
2017-04-25	1.204	1.084	1.609	-25.906	-0.02		5	5	5	7	2173.74	2175.7	2174.11	2196.85	626.62	629.21	629.21	632.57
2017-04-26	0.669	0.525	2.376	-0.738	-0.404		1	1	1	1	2196.85	2202.37	2200.73	2207.84	632.57	635.05	634.3	635.11
2017-04-27	-0.022	-0.08	-0.688	0.836	-0.806		0	0	0	0	2207.84	2201.72	2199.76	2209.46	635.11	636.24	630.92	631.11
2017-04-28	0.277	0.066	-0.649	-4.516	0.613		1	1	1	1	2209.46	2214.36	2202.2	2205.44	631.11	632.83	627.28	628.24
2017-05-02	0.696	0.142	1.884	-6.562	-0.123		1	1	1	1	2205.44	2213.61	2212.87	2219.67	628.24	629.21	626.4	626.43
2017-05-04	-0.45	-0.18	0.566	0.85	-0.46		-1	-1	-1	1	2219.67	2224.91	2224.91	2241.24	626.43	628.1	628.1	635.11
2017-05-08	0.595	0.607	-0.17	1.052	0.281		2	2	2	5	2241.24	2245.61	2244.23	2292.76	635.11	638.36	638.09	643.39
2017-05-10	0.333	-0.165	1.305	1.945	0.654		0	0	-1	-1	2292.76	2294.1	2264.31	2270.12	643.39	645.7	641.54	642.68
2017-05-11	0.126	0.103	0.291	2.51	0.127		0	0	0	1	2270.12	2278.47	2271.66	2296.37	642.68	644.44	643.35	647.58
2017-05-12	-0.228	-0.248	-0.58	3.82	-0.042		0	0	0	0	2296.37	2296.06	2283.38	2286.02	647.58	648.56	642.96	643.73
2017-05-15	0.095	-0.148	-2.708	-1.887	0.021		1	1	1	1	2286.02	2288.23	2280.6	2290.65	643.73	644.59	642.79	645.38
2017-05-16	0.53	0.53	0.128	0.192	-0.061		2	3	1	1	2290.65	2306.73	2283.84	2295.33	645.38	646.5	638.43	639.11
2017-05-17	0.315	-0.09	-0.385	2.207	-0.884		0	0	0	0	2295.33	2291.56	2283.01	2293.08	639.11	640.87	638.93	640.01
2017-05-18	-2.629	-1.924	-4.852	46.385	-0.285		-4	-6	-6	-4	2293.08	2271.27	2267.08	2286.82	640.01	633.4	633.14	638.12
2017-05-19	0.748	0.39	0.767	-5.965	-0.142		2	2	2	2	2286.82	2286.78	2282.13	2288.48	638.12	640.33	639.17	642.45
2017-05-22	0.463	0.687	0.537	-17.872	0.536		4	4	4	4	2288.48	2300.68	2292.95	2304.03	642.45	645.04	641.6	642.62
2017-05-23	0.812	0.547	0.401	-9.219	0.611		4	4	4	4	2304.03	2308.69	2303.15	2311.74	642.62	644.59	644.0	644.73
2017-05-24	0.048	0.142	1.375	-1.921	-0.058		0	0	0	0	2311.74	2319.37	2312.93	2317.34	644.73	646.44	645.03	646.04
2017-05-25	0.4	0.291	-0.832	-6.53	-0.214		2	2	2	3	2317.34	2325.49	2321.26	2342.93	646.04	648.25	642.87	643.02
2017-05-26	0.672	0.423	-0.485	-0.299	-0.307		2	2	2	2	2342.93	2344.39	2341.61	2355.3	643.02	644.97	644.3	646.01
2017-05-29	0.079	0.031	-0.222	-1.802	0.0		0	0	0	0	2355.3	2362.59	2344.25	2352.97	646.01	648.15	642.75	642.98
2017-05-30	0.092	0.041	-0.222	-1.802	0.261		0	0	-1	1	2352.97	2356.54	2332.16	2343.68	642.98	645.09	644.34	649.06
2017-05-31	-0.104	-0.131	-1.467	5.81	-0.02		-1	-1	-1	-1	2343.68	2339.25	2338.25	2347.38	649.06	650.51	649.51	652.04
2017-06-01	0.123	0.068	-0.947	0.289	0.642	2.502	0	0	-2	0	2347.38	2348.31	2335.63	2344.61	652.04	653.57	651.1	653.83
2017-06-02	0.809	0.747	0.956	-4.995	-0.662		3	3	3	4	2344.61	2353.77	2353.45	2371.72	653.83	656.43	655.82	658.78
2017-06-05	0.812	0.268	-2.616	-1.416	0.105		2	2	2	2	2371.72	2376.66	2363.61	2368.62	658.78	660.77	659.76	662.32
2017-06-07	-0.345	-0.329	-1.604	3.774	-0.436		1	1	1	1	2368.62	2364.96	2356.71	2360.14	662.32	664.07	661.1	666.46
2017-06-08	0.322	0.136	1.444	-0.574	0.284		0	0	0	0	2360.14	2361.64	2347.62	2363.57	666.46	668.25	667.0	669.97
2017-06-09	0.175	-0.189	0.735	-2.214	0.153		0	0	0	1	2363.57	2371.22	2367.81	2381.69	669.97	672.14	671.2	674.15
2017-06-12	-1.801	-0.104	0.228	5.315	-0.065		-3	-3	-5	-5	2381.69	2370.69	2353.35	2357.87	674.15	672.09	664.12	664.86
2017-06-13	-0.483	-0.088	0.637	7.103	-0.152		-2	-2	-2	-1	2357.87	2358.92	2358.92	2374.7	664.86	666.07	666.07	669.23
2017-06-14	0.745	0.461	-0.271	-9.075	-1.119		4	4	4	4	2374.7	2384.54	2366.92	2372.64	669.23	673.02	670.26	671.59
2017-06-15	-0.453	-0.151	-3.126	2.111	-0.089		1	1	-1	1	2372.64	2373.36	2350.37	2361.65	671.59	672.97	664.99	669.82
2017-06-16	-0.492	-0.245	1.123	2.444	-0.472		-1	-1	-1	-1	2361.65	2364.2	2355.29	2361.83	669.82	670.77	667.73	670.7
2017-06-19	-0.359	0.018	-0.231	-4.771	-0.134		1	1	1	1	2361.83	2364.02	2356.84	2370.9	670.7	672.72	672.25	675.44
2017-06-20	1.431	0.845	1.53	-0.096	-0.204		2	2	1	1	2370.9	2382.54	2365.45	2369.23	675.44	678.72	669.41	669.41
2017-06-21	-0.896	-0.741	-1.689	4.725	0.347		-2	-2	-4	-2	2369.23	2358.23	2346.19	2357.53	669.41	668.41	662.68	665.77
2017-06-22	0.695	-0.13	0.093	-1.013	0.047		1	1	1	1	2357.53	2364.22	2354.1	2370.37	665.77	667.99	663.26	663.28
2017-06-23	0.04	-0.066	-0.093	-2.512	0.14		0	0	0	1	2370.37	2371.54	2369.17	2378.6	663.28	665.19	665.02	668.93
2017-06-26	0.299	0.033	-0.418	-4.389	0.349		1	1	1	1	2378.6	2381.09	2377.88	2388.66	668.93	670.59	667.71	668.36
2017-06-27	-0.246	0.021	-0.326	-1.198	0.254		0	0	0	0	2388.66	2386.76	2383.47	2391.95	668.36	671.7	670.87	672.63
2017-06-28	-1.658	-0.952	2.854	11.717	-1.221		-7	-7	-8	-8	2391.95	2382.91	2380.75	2382.56	672.63	671.26	665.89	665.89
2017-06-29	1.476	1.024	1.046	-9.313	0.335		6	6	6	6	2382.56	2396.81	2393.57	2395.66	665.89	670.1	666.0	668.0
2017-06-30	-1.529	-0.829	2.071	14.058	-0.089		-6	-6	-6	-6	2395.66	2382.15	2381.4	2391.79	668.0	665.67	665.57	669.04
2017-07-03	0.029	0.195	1.544	-2.273	0.521		-1	-1	-2	-2	2391.79	2397.66	2384.55	2394.48	669.04	671.17	660.04	660.97
2017-07-04	-0.494	0.231	1.911	0.358	0.0		-2	-2	-4	-2	2394.48	2395.24	2376.41	2380.52	660.97	662.17	654.06	656.19
2017-07-05	-0.459	0.18	1.911	0.358	-0.064		-2	-2	-2	-1	2380.52	2377.01	2375.63	2388.35	656.19	657.7	657.69	661.54
2017-07-06	0.65	0.145	-0.512	-1.337	1.152		1	1	1	1	2388.35	2390.31	2380.82	2387.81	661.54	663.79	662.67	663.79
2017-07-07	-0.967	-0.906	1.542	13.279	-0.373		-7	-7	-7	-7	2387.81	2376.29	2372.83	2379.87	663.79	662.66	660.99	663.77
2017-07-10	1.173	0.661	0.97	-10.766	0.271		5	5	4	4	2379.87	2386.3	2378.04	2382.1	663.77	666.19	657.67	657.86
2017-07-11	0.344	0.062	-0.919	-0.715	0.405		0	0	0	0	2382.1	2386.42	2382.69	2396.0	657.86	659.27	654.5	656.01
2017-07-12	0.265	-0.058	-0.38	-1.98	1.554		0	0	0	0	2396.0	2395.41	2390.45	2391.77	656.01	657.06	651.09	651.1
2017-07-13	1.113	0.782	-1.482	-5.418	-0.11		4	4	4	5	2391.77	2405.76	2402.92	2409.49	651.1	654.01	651.6	652.69
2017-07-14	0.246	0.228	0.902	-3.884	0.0		0	0	0	0	2409.49	2418.27	2411.34	2414.63	652.69	654.24	651.27	654.11
2017-07-17	0.61	0.508	-1.235	-3.939	0.301		2	2	2	3	2414.63	2427.76	2419.91	2425.1	654.11	656.97	656.97	659.89
2017-07-18	0.087	0.025	-0.431	3.26	-0.065		0	0	0	0	2425.1	2425.07	2419.17	2426.04	659.89	661.16	661.16	664.02
2017-07-19	0.69	0.141	-1.992	0.713	-0.323		2	2	2	3	2426.04	2430.09	2419.64	2429.94	664.02	666.3	666.3	671.53
2017-07-20	0.663	0.517	0.221	-1.011	-0.064		2	2	2	2	2429.94	2436.06	2427.95	2441.84	671.53	674.06	672.37	676.51
2017-07-21	0.171	0.035	-0.088	-2.145	0.256		0	0	0	0	2441.84	2438.78	2437.84	2450.06	676.51	677.84	674.6	676.6
2017-07-24	-0.027	-0.027	-1.5	-2.296	-0.328		1	1	1	1	2450.06	2451.41	2443.65	2451.53	676.6	678.59	676.63	677.32
2017-07-25	0.214	-0.167	0.986	0.748	0.259		0	0	-1	-1	2451.53	2450.76	2437.14	2439.9	677.32	678.7	670.1	670.47
2017-07-26	0.021	0.343	3.194	0.0	1.295		-2	-2	-3	-2	2439.9	2446.82	2429.62	2434.51	670.47	672.43	664.13	667.22
2017-07-27	0.384	0.079	-1.892	1.803	-0.103		1	1	1	1	2434.51	2443.28	2435.49	2443.24	667.22	669.22	664.53	666.48
2017-07-28	-0.64	-0.097	1.227	5.312	0.265		-2	-2	-6	-6	2443.24	2433.46	2399.06	2400.99	666.48	665.08	651.84	652.95
2017-07-31	-0.122	-0.124	-0.909	1.78	0.282		0	0	-1	0	2400.99	2392.02	2388.39	2402.71	652.95	648.84	643.77	650.47
2017-08-01	-0.383	-0.073	0.131	-0.292	0.08	2.624	0	0	-2	1	2402.71	2397.12	2394.27	2422.96	650.47	650.89	649.7	653.12
2017-08-02	0.976	0.316	-1.789	-1.657	-0.732		3	3	3	3	2422.96	2431.94	2424.18	2427.63	653.12	654.85	654.83	657.52
2017-08-03	0.004	0.039	0.489	1.883	0.0		0	0	-4	-4	2427.63	2423.21	2374.11	2386.85	657.52	658.7	641.63	643.09
2017-08-04	-0.368	-0.259	-1.503	1.556	-0.163		1	1	1	1	2386.85	2389.74	2383.45	2395.45	643.09	644.8	638.87	641.58
2017-08-07	0.211	0.199	1.75	-3.927	0.02		-1	-1	-1	0	2395.45	2402.57	2395.74	2398.75	641.58	643.36	642.82	648.39
2017-08-08	0.524	0.165	-0.441	-0.997	-0.162		1	1	1	1	2398.75	2404.68	2383.94	2394.73	648.39	650.78	645.73	651.67
2017-08-09	-0.289	-0.353	1.152	10.373	-0.346		-2	-2	-4	-4	2394.73	2379.7	2366.33	2368.39	651.67	649.39	642.87	642.87
2017-08-10	-0.285	0.004	-1.84	1.369	0.242		1	1	-1	1	2368.39	2360.95	2339.06	2359.47	642.87	642.8	635.06	640.04
2017-08-11	-2.491	-1.571	-1.294	44.374	-0.144		-6	-9	-10	-10	2359.47	2323.06	2310.2	2319.71	640.04	629.81	626.08	628.34
2017-08-14	0.621	0.189	-1.04	-3.304	-0.061		1	2	1	1	2319.71	2336.02	2327.8	2334.22	628.34	632.52	629.26	629.37
2017-08-16	-0.059	-0.019	2.118	-2.352	0.358		-1	1	-1	0	2334.22	2355.74	2343.72	2348.26	629.37	634.44	634.1	634.91
2017-08-17	0.132	0.112	-1.765	-2.492	0.043		1	1	1	2	2348.26	2351.61	2346.74	2361.67	634.91	638.12	635.74	642.11
2017-08-18	-2.08	-1.657	-1.213	32.453	-0.34		-6	-8	-8	-6	2361.67	2340.19	2340.19	2358.37	642.11	636.94	636.44	643.58
2017-08-21	-0.022	-0.101	-0.227	-8.296	0.433		1	1	1	1	2358.37	2363.38	2351.96	2355.0	643.58	645.35	640.84	640.85
2017-08-22	-0.033	0.116	-0.638	-7.504	0.169		1	1	1	1	2355.0	2360.29	2359.97	2365.33	640.85	643.26	642.64	644.26
2017-08-23	1.353	1.004	1.605	-13.95	0.0		5	5	5	5	2365.33	2376.53	2360.71	2366.4	644.26	647.79	643.65	643.71
2017-08-24	-0.341	-0.397	-1.986	7.93	-0.103		0	0	0	0	2366.4	2370.12	2368.29	2375.84	643.71	645.1	644.98	647.71
2017-08-25	-0.031	-0.136	1.059	-0.163	0.401		0	0	0	0	2375.84	2381.47	2372.67	2378.51	647.71	649.22	648.44	650.27
2017-08-28	-0.181	0.147	-1.139	-7.768	0.042		1	1	1	1	2378.51	2376.38	2366.23	2370.3	650.27	652.37	649.54	652.92
2017-08-29	-0.146	-0.35	-0.461	0.355	0.623		0	0	-3	0	2370.3	2356.2	2332.85	2364.74	652.92	650.28	647.13	653.96
2017-08-30	0.3	0.064	-1.065	3.357	-0.28		0	0	0	0	2364.74	2368.13	2363.43	2372.29	653.96	656.9	654.49	655.0
2017-08-31	1.075	0.441	0.328	-4.103	-0.022		4	4	3	4	2372.29	2373.96	2355.29	2363.19	655.0	657.13	655.64	657.83
2017-09-01	1.002	0.582	-1.027	-5.615	-0.318	2.565	4	4	2	4	2363.19	2367.45	2351.37	2357.69	657.83	660.71	658.65	661.99
2017-09-04	0.104	0.198	1.697	-4.344	0.0		0	-4	-4	-2	2357.69	2316.89	2316.89	2329.65	661.99	643.99	643.98	650.89
2017-09-05	-0.426	-0.327	1.697	-4.344	-0.021		-1	-1	-1	-1	2329.65	2340.62	2319.94	2326.62	650.89	655.4	645.97	648.75
2017-09-06	-0.857	-0.735	-4.033	20.73	-0.144		-2	-2	-2	-2	2326.62	2324.84	2314.31	2319.82	648.75	649.23	649.23	652.59
2017-09-07	0.228	0.252	1.836	-4.906	-0.041		0	0	0	2	2319.82	2328.94	2328.92	2346.19	652.59	655.44	655.36	658.48
2017-09-08	0.059	-0.018	-2.23	-0.688	0.0		1	1	1	1	2346.19	2350.19	2340.63	2343.72	658.48	659.83	653.34	654.29
2017-09-11	-0.378	0.074	0.0	4.935	0.211		-1	-1	-1	-1	2343.72	2354.86	2354.35	2359.08	654.29	657.68	654.92	656.53
2017-09-12	1.112	1.114	3.105	-11.469	0.104		4	4	4	4	2359.08	2372.02	2359.12	2365.47	656.53	660.03	658.05	660.05
2017-09-13	0.384	0.376	2.165	-1.398	0.228		-1	-1	-1	-1	2365.47	2370.54	2360.17	2360.18	660.05	662.94	658.54	659.09
2017-09-14	0.087	0.066	1.105	-0.756	0.02		0	0	0	2	2360.18	2365.54	2358.43	2377.66	659.09	660.15	659.25	665.41
2017-09-15	-0.498	-0.13	0.091	-0.571	-0.341		-1	-1	-1	0	2377.66	2368.44	2365.37	2386.07	665.41	662.9	662.9	671.3
2017-09-18	0.724	0.305	0.228	-2.586	-0.08		1	1	1	2	2386.07	2390.58	2389.65	2418.21	671.3	674.66	672.58	675.87
2017-09-19	0.146	0.146	1.226	-0.197	0.0		0	0	-1	0	2418.21	2419.3	2411.68	2416.05	675.87	677.57	670.07	674.48
2017-09-20	0.103	0.071	0.628	0.296	0.728		0	0	-1	-1	2416.05	2420.82	2405.78	2412.2	674.48	676.6	668.05	668.05
2017-09-21	-0.124	0.033	1.516	-3.929	0.615		-1	-1	-2	-2	2412.2	2412.01	2401.89	2406.5	668.05	671.32	658.64	661.11
2017-09-22	-0.533	-0.315	0.044	-1.125	0.356		-1	-1	-4	-4	2406.5	2404.35	2381.81	2388.71	661.11	660.6	647.28	648.95
2017-09-25	-0.018	0.045	-0.702	-0.827	0.039		0	0	-1	-1	2388.71	2388.77	2374.69	2380.4	648.95	649.11	638.92	642.04
2017-09-26	-0.838	-0.182	-1.857	6.465	-0.192		-1	-1	-1	-1	2380.4	2371.62	2365.34	2374.32	642.04	638.58	637.36	642.4
2017-09-27	0.104	-0.013	0.405	-0.392	0.405		0	0	0	1	2374.32	2376.89	2368.92	2372.57	642.4	645.02	644.56	649.24
2017-09-28	1.062	0.359	3.589	-2.95	-0.173		0	0	0	0	2372.57	2374.1	2365.67	2373.14	649.24	651.92	648.09	648.09
2017-09-29	0.016	0.12	0.0	-3.242	0.039		0	0	0	1	2373.14	2378.66	2378.66	2394.47	648.09	650.32	648.68	652.82
2017-10-10	-0.196	-0.2	-0.38	7.047	-0.061		-1	1	0	1	2394.47	2425.63	2421.1	2433.81	652.82	658.76	653.91	654.59
2017-10-11	0.102	0.242	-0.678	-2.42	0.039		0	0	0	2	2433.81	2442.49	2439.81	2458.16	654.59	656.85	656.76	662.31
2017-10-12	0.264	0.151	0.0	-2.282	-0.585		0	0	0	0	2458.16	2461.7	2459.48	2474.76	662.31	665.12	663.37	666.54
2017-10-13	-0.211	-0.228	-0.938	0.609	0.257		0	0	-1	0	2474.76	2473.65	2468.14	2473.62	666.54	669.0	659.1	663.08
2017-10-16	0.245	0.068	-1.851	-3.027	-0.039		1	1	0	1	2473.62	2483.17	2470.24	2480.05	663.08	667.26	652.17	659.41
2017-10-17	0.267	0.146	1.184	3.122	0.116		0	0	0	1	2480.05	2484.96	2478.76	2484.37	659.41	660.61	660.33	670.51
2017-10-18	-0.03	0.048	-0.39	4.036	0.116		-1	0	-1	-1	2484.37	2481.53	2475.67	2482.91	670.51	677.42	667.31	668.42
2017-10-19	0.041	0.074	1.784	-2.328	0.019		-1	-1	-1	-1	2482.91	2485.72	2468.67	2473.06	668.42	671.22	664.19	667.1
2017-10-20	-0.289	0.052	-0.77	-0.199	0.253		0	0	0	1	2473.06	2477.3	2476.88	2489.54	667.1	669.06	667.17	672.95
2017-10-23	0.339	0.463	2.585	-0.796	1.166		0	0	0	0	2489.54	2497.65	2485.48	2490.05	672.95	674.98	674.64	675.86
2017-10-24	-0.637	-0.436	-0.21	11.033	-0.019		-4	-4	-4	-3	2490.05	2489.31	2487.17	2490.49	675.86	678.55	678.34	687.21
2017-10-25	0.077	0.064	1.263	0.813	0.172		0	0	0	0	2490.49	2495.87	2481.48	2492.5	687.21	688.83	684.84	689.14
2017-10-26	-0.515	-0.427	1.579	0.627	0.019		-3	-3	-4	-4	2492.5	2489.6	2480.63	2480.63	689.14	689.94	680.61	680.61
2017-10-27	0.011	0.127	0.327	0.623	0.304		0	0	0	1	2480.63	2485.44	2479.67	2496.63	680.61	685.2	682.9	689.97
2017-10-30	2.111	0.691	-0.979	-13.274	0.482		5	5	5	5	2496.63	2513.87	2497.42	2501.93	689.97	692.76	688.41	689.68
2017-10-31	-0.074	-0.329	-2.389	7.143	-0.129		0	0	0	1	2501.93	2500.21	2498.05	2523.43	689.68	691.07	689.29	694.2
2017-11-01	0.429	0.094	0.253	-3.048	0.497	0.436	1	1	0	2	2523.43	2535.97	2535.83	2556.47	694.2	696.65	694.27	695.77
2017-11-02	-0.338	0.033	0.0	0.196	-0.037		0	0	0	0	2556.47	2560.34	2542.02	2546.36	695.77	698.14	691.52	694.96
2017-11-03	0.245	0.048	-1.221	-2.647	0.348		0	0	0	1	2546.36	2558.37	2539.72	2557.97	694.96	697.43	695.88	701.13
2017-11-06	0.654	0.203	-0.17	-7.956	0.593		2	2	1	2	2557.97	2557.29	2529.94	2549.41	701.13	703.2	699.75	703.79
2017-11-07	0.294	0.088	-0.982	2.845	-0.139		0	0	-1	0	2549.41	2548.3	2540.67	2545.44	703.79	704.83	697.44	701.14
2017-11-08	-0.362	-0.125	-0.56	5.213	-0.42		-1	-1	-1	0	2545.44	2534.48	2533.73	2552.4	701.14	702.69	701.52	709.11
2017-11-09	0.327	0.154	0.78	-1.112	0.07		0	0	0	0	2552.4	2559.93	2536.54	2550.57	709.11	710.71	705.28	709.94
2017-11-10	-0.603	-0.454	0.258	7.362	-0.262		-3	-3	-3	-2	2550.57	2541.18	2534.6	2542.95	709.94	709.85	709.55	720.79
2017-11-13	0.065	-0.061	2.96	7.524	0.282		-2	-2	-2	0	2542.95	2548.27	2527.2	2530.35	720.79	724.76	724.76	741.38
2017-11-14	0.079	0.031	0.0	1.86	-0.07		0	0	0	2	2530.35	2532.55	2520.99	2526.64	741.38	746.88	742.79	756.46
2017-11-15	-0.292	-0.279	-0.792	0.783	-1.149		0	0	0	1	2526.64	2525.6	2511.76	2518.25	756.46	759.55	755.06	768.03
2017-11-16	-0.498	-0.582	-1.932	13.287	-0.054		-3	-2	-4	-2	2518.25	2522.42	2514.51	2534.79	768.03	775.46	759.7	780.22
2017-11-17	1.326	0.791	1.113	-10.434	0.199		5	5	4	5	2534.79	2546.05	2533.99	2533.99	780.22	776.32	770.55	775.85
2017-11-20	-0.174	-0.272	-0.296	-2.806	0.248		0	0	0	1	2533.99	2536.8	2523.52	2527.67	775.85	776.74	776.31	785.32
2017-11-21	0.113	0.128	0.765	-6.824	0.517		1	1	1	1	2527.67	2533.85	2525.96	2530.7	785.32	790.35	782.95	789.38
2017-11-22	1.084	0.635	-0.379	-8.638	0.51		4	4	3	3	2530.7	2546.61	2535.19	2540.51	789.38	793.79	779.2	780.9
2017-11-23	0.071	-0.075	-1.735	1.542	0.0		1	1	0	3	2540.51	2542.34	2532.45	2537.15	780.9	778.84	773.32	796.8
2017-11-24	0.052	-0.123	-1.735	1.542	0.052		1	1	1	1	2537.15	2539.79	2533.98	2544.33	796.8	797.97	792.74	792.74
2017-11-27	0.329	0.206	0.775	-2.126	0.0		0	0	-2	-1	2544.33	2544.74	2506.69	2507.81	792.74	793.81	783.85	792.8
2017-11-28	-0.154	-0.019	-0.513	2.068	-0.43		0	0	-2	-2	2507.81	2512.52	2500.93	2514.19	792.8	797.29	773.1	773.12
2017-11-29	0.543	0.966	0.43	1.621	-0.448		3	3	3	4	2514.19	2517.26	2508.66	2512.9	773.12	776.75	770.97	781.72
2017-11-30	-1.257	-0.037	1.625	6.68	0.192		-4	-4	-7	-6	2512.9	2502.22	2474.28	2476.37	781.72	779.84	769.79	771.42
2017-12-01	0.487	0.545	1.726	5.421	0.035	0.831	0	1	-1	2	2476.37	2488.92	2472.75	2475.41	771.42	779.54	776.71	787.7
2017-12-04	0.006	0.195	-2.276	1.33	-0.069		1	1	0	2	2475.41	2486.72	2476.29	2501.67	787.7	788.02	778.2	782.45
2017-12-05	-1.21	-0.19	0.72	2.187	0.017		-2	-2	-3	-3	2501.67	2490.73	2487.15	2510.12	782.45	782.14	773.8	774.12
2017-12-06	-0.238	-0.431	-0.967	-2.997	-0.295		-1	-1	-3	-2	2510.12	2510.19	2474.29	2474.37	774.12	778.28	765.25	768.39
2017-12-07	0.289	0.036	-1.104	-2.736	0.071		0	0	-3	-2	2474.37	2479.55	2452.4	2461.98	768.39	771.47	744.34	753.46
2017-12-08	0.526	0.293	1.974	-7.804	-0.071		1	1	0	0	2461.98	2470.09	2459.02	2464.0	753.46	757.21	743.9	744.06
2017-12-11	0.447	0.588	0.295	-5.709	-0.192		3	3	3	5	2464.0	2467.81	2457.98	2471.49	744.06	747.99	745.88	764.09
2017-12-12	0.617	0.367	0.084	-2.505	0.052		1	1	0	1	2471.49	2471.23	2455.39	2461.0	764.09	768.3	755.03	760.4
2017-12-13	-0.174	0.174	0.755	6.21	0.543		-1	-1	-1	1	2461.0	2462.42	2457.7	2480.55	760.4	764.33	763.17	772.22
2017-12-14	0.169	-0.085	-2.247	2.621	0.177		1	1	0	1	2480.55	2486.57	2469.48	2469.48	772.22	777.25	764.74	770.35
2017-12-15	-0.315	-0.53	-0.128	3.045	0.193		-1	0	-1	-1	2469.48	2488.39	2475.99	2482.07	770.35	770.27	766.45	771.82
2017-12-18	1.476	1.507	0.384	-10.2	0.122		6	6	6	6	2482.07	2488.83	2477.29	2481.88	771.82	776.09	770.5	770.5
2017-12-19	0.835	0.555	1.571	1.168	0.245		1	1	-1	1	2481.88	2487.83	2470.49	2478.53	770.5	769.87	754.27	766.18
2017-12-20	-0.392	-0.295	2.968	5.247	0.348		-2	-2	-3	-3	2478.53	2473.82	2470.62	2472.37	766.18	765.62	755.25	755.27
2017-12-21	-0.076	-0.083	1.38	-3.091	-0.121		0	0	-4	-4	2472.37	2471.34	2429.83	2429.83	755.27	754.54	740.31	740.32
2017-12-22	0.025	0.161	-0.641	-1.029	-0.257		0	0	0	2	2429.83	2437.59	2426.94	2440.54	740.32	742.15	740.05	761.2
2017-12-26	-0.097	-0.018	0.161	2.911	-0.12		0	0	0	0	2440.54	2447.67	2427.34	2427.34	761.2	763.96	762.21	762.21
2017-12-27	-0.321	-0.087	-0.724	3.535	-0.3		0	1	1	2	2427.34	2420.86	2411.48	2436.67	762.21	771.33	770.95	791.95
2017-12-28	0.017	0.023	-2.148	2.146	-0.184		1	1	1	3	2436.67	2439.31	2437.26	2467.49	791.95	791.76	790.34	798.42
2018-01-02	-0.731	-0.546	-1.11	8.448	-0.364		-3	-3	-3	-2	2467.49	2474.86	2465.94	2479.65	798.42	803.63	800.54	812.45
2018-01-03	1.476	0.858	2.495	-11.504	0.033		4	4	4	5	2479.65	2484.63	2481.91	2486.35	812.45	816.3	812.22	822.31
2018-01-04	0.825	0.612	-0.73	-6.346	0.535		3	3	0	1	2486.35	2502.5	2466.45	2466.46	822.31	825.11	802.83	808.01
2018-01-05	0.243	0.449	0.245	0.765	-0.177		1	1	1	4	2466.46	2476.85	2475.51	2497.52	808.01	812.05	812.05	828.03
2018-01-08	0.829	0.676	0.938	0.0	0.277		2	3	2	3	2497.52	2510.7	2494.18	2513.28	828.03	836.07	829.28	839.51
2018-01-09	0.281	0.157	0.162	3.254	0.308		0	0	-1	-1	2513.28	2510.73	2498.41	2510.23	839.51	841.39	827.29	829.99
2018-01-10	-0.022	0.039	2.661	5.882	0.715		-2	-1	-3	-2	2510.23	2516.33	2493.98	2499.75	829.99	837.63	820.89	834.91
2018-01-11	-0.151	-0.129	0.157	-2.579	-0.11		0	0	0	2	2499.75	2496.86	2483.82	2487.91	834.91	835.23	830.37	852.51
2018-01-12	0.799	0.676	-0.745	0.611	-0.361		2	3	2	4	2487.91	2499.87	2482.15	2496.42	852.51	863.07	857.33	873.05
2018-01-15	0.683	0.675	0.83	2.834	0.0		2	2	1	4	2496.42	2510.97	2496.18	2503.73	873.05	879.56	865.68	891.61
2018-01-16	0.776	0.711	0.83	2.834	0.202		2	2	2	4	2503.73	2504.16	2498.55	2521.74	891.61	889.23	884.76	901.23
2018-01-17	-0.507	-0.343	-0.313	14.764	0.251		-3	-3	-5	-4	2521.74	2517.19	2506.49	2515.43	901.23	902.37	884.91	886.58
2018-01-18	0.948	0.924	1.336	2.144	0.156		4	4	4	5	2515.43	2527.67	2512.69	2515.81	886.58	892.5	887.67	898.19
2018-01-19	0.021	-0.135	1.28	2.603	-0.328		0	0	-2	-2	2515.81	2519.67	2513.09	2520.26	898.19	902.85	875.43	879.99
2018-01-22	0.334	0.19	0.996	-7.774	0.379		1	1	-1	0	2520.26	2516.9	2488.44	2502.11	879.99	875.95	864.38	873.09
2018-01-23	0.959	0.807	1.062	-2.13	0.614		3	4	3	6	2502.11	2510.35	2507.96	2536.6	873.09	881.68	877.68	894.43
2018-01-24	0.573	0.129	-1.538	0.635	-0.078		2	3	2	2	2536.6	2533.86	2531.31	2538.0	894.43	901.62	891.03	894.77
2018-01-25	-0.574	-0.091	1.143	3.333	0.412		-1	-1	-1	0	2538.0	2536.96	2536.73	2562.23	894.77	894.21	887.97	898.6
2018-01-26	0.041	0.095	-1.243	0.959	-0.397		0	0	0	1	2562.23	2560.69	2553.53	2574.76	898.6	898.53	895.32	913.12
2018-01-29	1.273	1.175	1.564	-4.318	0.06		4	4	4	6	2574.76	2588.87	2587.55	2598.19	913.12	914.26	914.22	927.05
2018-01-30	-0.537	-0.682	1.39	24.91	-0.046		-4	-4	-6	-5	2598.19	2590.41	2567.07	2567.74	927.05	928.72	918.79	920.96
2018-01-31	-0.904	-1.134	1.0	6.864	-0.729		-5	-6	-7	-6	2567.74	2557.37	2553.01	2566.46	920.96	910.89	903.52	913.57
2018-02-01	0.272	0.155	-0.22	-8.452	0.046	2.785	1	1	-2	1	2566.46	2578.91	2564.59	2568.54	913.57	916.78	901.35	908.2
2018-02-02	0.459	0.077	1.949	-0.517	0.289		0	0	-4	-3	2568.54	2565.99	2519.6	2525.39	908.2	911.46	887.97	899.47
2018-02-05	-2.014	-2.112	2.921	28.508	-0.535		-7	-11	-11	-10	2525.39	2487.34	2476.9	2491.75	899.47	876.63	858.22	858.22
2018-02-06	-3.096	-3.475	-2.102	115.598	-1.122		-5	-9	-9	-7	2491.75	2437.02	2409.38	2453.31	858.22	821.24	814.46	858.17
2018-02-07	1.892	1.419	-0.931	-19.668	0.836		6	9	2	2	2453.31	2483.72	2396.56	2396.56	858.17	874.75	829.96	829.96
2018-02-08	-1.108	-0.631	2.746	-7.505	-0.146		-3	-3	-3	-1	2396.56	2400.17	2393.46	2407.62	829.96	834.89	824.64	861.94
2018-02-09	-3.727	-3.744	0.246	20.664	-1.177		-6	-10	-10	-10	2407.62	2346.73	2346.73	2363.77	861.94	832.13	832.13	842.6
2018-02-12	1.697	1.847	-0.772	-13.15	-0.135		6	8	6	7	2363.77	2380.49	2367.31	2385.38	842.6	854.09	843.24	843.24
2018-02-13	1.533	1.316	0.99	-11.872	0.101		6	8	5	5	2385.38	2402.89	2388.54	2395.19	843.24	852.94	829.39	829.39
2018-02-14	0.437	0.289	-0.595	-2.499	-0.355		1	2	1	4	2395.19	2412.47	2408.02	2421.83	829.39	835.6	830.78	848.03
2018-02-19	-0.234	0.037	-0.484	1.725	0.0		0	2	1	3	2421.83	2452.52	2428.15	2442.82	848.03	855.78	855.58	875.81
2018-02-20	-0.285	0.019	-0.484	1.725	-0.081		0	0	-2	-2	2442.82	2433.35	2411.23	2415.12	875.81	873.99	861.5	864.41
2018-02-21	-0.104	-0.566	0.556	5.858	-0.436		-2	-2	-2	-1	2415.12	2417.73	2404.02	2429.65	864.41	867.92	864.21	875.58
2018-02-22	-0.281	-0.559	1.728	-2.816	-0.551		-2	-2	-4	-2	2429.65	2417.18	2405.23	2414.28	875.58	871.72	863.89	870.22
2018-02-23	-0.058	0.143	-0.883	-6.494	-0.271		1	1	1	3	2414.28	2427.13	2427.13	2451.52	870.22	873.52	871.41	874.78
2018-02-26	1.889	1.703	-1.577	-11.912	0.079		7	7	7	7	2451.52	2465.35	2447.86	2457.65	874.78	881.36	869.66	874.43
2018-02-27	1.196	1.14	-0.418	-4.184	0.235		5	5	5	5	2457.65	2474.08	2456.14	2456.14	874.43	880.88	874.0	874.01
2018-02-28	-1.257	-1.307	1.714	17.658	-0.349		-7	-8	-10	-10	2456.14	2447.11	2426.21	2427.36	874.01	866.5	853.9	857.06
2018-03-02	-1.227	-1.314	-2.232	13.199	0.574		-5	-7	-8	-6	2427.36	2406.57	2387.25	2402.16	857.06	846.4	845.72	860.23
2018-03-05	0.944	0.247	1.89	-12.817	0.49		3	3	1	1	2402.16	2405.92	2374.8	2375.06	860.23	862.41	845.0	845.0
2018-03-06	1.047	1.122	0.84	-4.39	0.016		5	7	6	8	2375.06	2400.67	2392.87	2411.41	845.0	854.91	850.42	859.21
2018-03-07	-0.157	-0.617	-0.139	-1.975	-0.479		-1	-1	-3	-3	2411.41	2413.39	2395.24	2401.82	859.21	856.43	841.03	841.03
2018-03-08	0.309	-0.076	0.209	-3.268	0.294		0	1	0	2	2401.82	2420.67	2407.59	2433.08	841.03	847.31	846.34	853.94
2018-03-09	0.391	0.346	-0.59	-6.869	0.25		1	1	1	3	2433.08	2443.43	2436.03	2459.45	853.94	857.8	857.47	865.8
2018-03-12	1.803	1.738	0.977	-11.487	0.097		6	8	7	9	2459.45	2485.64	2474.91	2484.12	865.8	874.15	873.26	884.27
2018-03-13	0.325	-0.19	-0.829	7.787	0.016		-1	-1	-1	-1	2484.12	2483.05	2478.76	2494.49	884.27	884.54	879.85	886.25
2018-03-14	-1.284	-0.835	-0.767	3.612	0.264		-3	-3	-4	-3	2494.49	2477.43	2474.77	2486.08	886.25	882.39	880.92	886.92
2018-03-15	-0.143	-0.536	-1.088	5.382	-0.016		-2	-2	-2	-2	2486.08	2486.0	2471.04	2492.38	886.92	886.98	883.7	890.43
2018-03-16	-0.144	0.004	0.319	-3.714	0.0		0	0	0	0	2492.38	2495.11	2476.88	2493.97	890.43	893.24	889.4	894.43
2018-03-19	-0.011	0.297	0.778	-4.762	-0.176		1	1	-1	-1	2493.97	2491.99	2470.91	2475.03	894.43	894.4	880.97	880.97
2018-03-20	-1.877	-1.466	-0.105	20.38	0.064		-6	-7	-7	-5	2475.03	2456.8	2456.8	2485.52	880.97	876.61	875.39	890.4
2018-03-21	0.201	0.139	1.195	-4.311	0.505		1	1	1	1	2485.52	2488.22	2483.78	2484.97	890.4	892.02	885.53	885.55
2018-03-22	-0.269	-0.184	0.973	-1.868	0.506		0	0	-2	-1	2484.97	2494.84	2485.34	2496.02	885.55	889.21	869.0	871.62
2018-03-23	-2.428	-2.422	-2.58	30.683	-0.031		-5	-9	-9	-9	2496.02	2446.73	2412.62	2416.76	871.62	851.7	829.67	829.68
2018-03-26	-2.497	-2.203	-0.071	6.555	0.03		-5	-5	-7	-2	2416.76	2414.68	2399.44	2437.08	829.68	833.11	822.96	853.69
2018-03-27	3.292	2.716	0.459	-15.44	-0.031		6	8	6	6	2437.08	2455.0	2444.92	2452.06	853.69	862.4	856.56	858.84
2018-03-28	-3.1	-1.842	-2.005	6.99	-0.843		-4	-6	-7	-6	2452.06	2425.94	2409.47	2419.29	858.84	850.05	843.6	850.97
2018-03-29	-0.642	-0.205	-0.395	1.644	0.482		-1	-1	-1	1	2419.29	2421.7	2413.71	2436.37	850.97	855.82	854.61	865.99
2018-03-30	1.644	1.377	-1.225	-12.68	0.0		6	7	6	6	2436.37	2454.1	2445.72	2445.85	865.99	869.86	867.11	871.09
2018-04-02	1.083	1.074	-1.225	-12.68	-0.046		6	6	6	6	2445.85	2454.72	2440.89	2444.16	871.09	876.85	865.83	867.8
2018-04-03	-2.542	-1.991	-0.328	18.277	-0.19		-6	-8	-8	-6	2444.16	2422.26	2416.44	2442.43	867.8	857.83	857.4	872.32
2018-04-04	0.986	1.214	1.903	-10.669	0.126		5	5	3	3	2442.43	2447.97	2405.91	2408.06	872.32	877.15	858.29	862.51
2018-04-05	1.445	1.109	0.144	-4.929	0.363		5	7	5	6	2408.06	2426.92	2420.92	2437.52	862.51	871.09	865.92	868.93
2018-04-06	0.606	0.733	1.578	-5.583	0.252		2	2	1	2	2437.52	2420.88	2417.24	2429.58	868.93	867.43	863.92	867.96
2018-04-09	-2.154	-2.125	-2.013	13.464	-0.097		-5	-5	-5	-5	2429.58	2424.15	2424.15	2444.08	867.96	866.75	865.5	874.44
2018-04-10	0.409	0.286	0.396	1.303	-0.189		1	1	-1	1	2444.08	2439.94	2419.55	2450.74	874.44	876.22	866.74	877.3
2018-04-11	2.086	1.654	0.395	-5.972	0.122		5	5	5	6	2450.74	2456.53	2441.2	2444.22	877.3	882.58	880.87	885.38
2018-04-12	-0.303	-0.496	-0.25	-1.124	-0.105		-1	-1	-1	-1	2444.22	2450.95	2441.58	2442.71	885.38	888.2	879.17	881.45
2018-04-13	0.978	0.741	1.577	-8.646	0.164		3	3	3	4	2442.71	2449.42	2442.35	2455.07	881.45	884.12	877.74	891.87
2018-04-16	0.034	0.313	-0.176	-5.841	-0.223		1	1	1	1	2455.07	2466.04	2449.97	2457.49	891.87	895.32	894.09	896.89
2018-04-17	0.583	0.718	0.106	-4.882	0.302		3	3	3	3	2457.49	2459.39	2449.08	2453.77	896.89	900.5	896.83	901.22
2018-04-18	1.609	0.992	-0.636	-7.911	0.241		5	5	4	5	2453.77	2467.55	2467.55	2479.98	901.22	905.62	890.73	893.32
2018-04-19	0.366	0.157	1.883	2.295	0.409		-1	-1	-2	-2	2479.98	2483.26	2476.51	2486.1	893.32	892.2	878.19	882.73
2018-04-20	-0.817	-0.591	1.639	2.308	-0.044		-3	-3	-3	-3	2486.1	2478.59	2472.37	2476.33	882.73	885.59	880.68	889.17
2018-04-23	-0.832	-0.423	1.27	5.764	-0.234		-3	-3	-4	-4	2476.33	2473.7	2466.57	2474.11	889.17	888.39	877.36	879.02
2018-04-24	-0.339	0.034	0.746	-3.199	0.452		0	0	-1	0	2474.11	2478.47	2454.44	2464.14	879.02	881.58	873.22	873.61
2018-04-25	-1.716	-1.338	0.336	10.282	0.074		-6	-7	-8	-6	2464.14	2444.19	2436.51	2448.81	873.61	869.31	862.05	869.93
2018-04-26	0.368	0.326	1.374	-0.999	-0.029		0	0	0	2	2448.81	2460.62	2456.2	2475.64	869.93	876.27	874.21	879.39
2018-04-27	1.79	1.081	-1.124	-8.969	0.029		5	6	5	6	2475.64	2497.75	2484.19	2492.4	879.39	886.37	880.03	886.49
2018-04-30	-0.011	0.074	-1.104	-5.111	0.073		1	1	0	1	2492.4	2502.29	2500.22	2515.38	886.49	886.29	870.54	875.95
2018-05-02	1.263	0.377	1.362	-2.762	0.357		2	2	1	2	2515.38	2515.75	2501.71	2505.61	875.95	869.52	863.59	871.03
2018-05-03	-0.459	-0.749	-0.403	3.099	-0.368		-2	-2	-3	-3	2505.61	2506.94	2487.25	2487.25	871.03	873.34	866.05	866.07
2018-05-04	-0.15	-0.225	-0.607	-0.438	0.102		0	0	-2	-2	2487.25	2486.47	2461.38	2461.38	866.07	868.35	856.34	856.34
2018-05-08	0.639	0.271	0.204	-0.135	-0.99		1	1	-2	-1	2461.38	2468.45	2444.08	2449.81	856.34	860.56	827.2	827.22
2018-05-09	0.045	-0.045	0.644	-0.271	1.434		0	0	-2	2	2449.81	2450.71	2428.79	2443.98	827.22	833.48	815.27	850.85
2018-05-10	1.005	0.968	1.179	-8.77	0.127		5	5	5	6	2443.98	2458.67	2448.01	2464.16	850.85	852.28	846.14	854.93
2018-05-11	0.664	0.845	-1.099	-1.416	0.126		2	2	2	3	2464.16	2469.3	2468.41	2477.71	854.93	855.25	855.25	865.93
2018-05-14	-0.053	0.088	0.0	-4.384	-0.226		1	1	0	0	2477.71	2482.97	2471.91	2476.11	865.93	869.44	855.54	858.7
2018-05-15	0.042	-0.003	0.808	2.213	0.268		0	0	-1	-1	2476.11	2476.87	2456.2	2458.54	858.7	865.53	858.55	862.94
2018-05-16	-0.733	-0.601	2.838	13.148	-0.407		-5	-5	-7	-6	2458.54	2446.64	2444.67	2459.82	862.94	857.24	846.9	850.29
2018-05-17	0.606	0.36	0.487	-8.271	0.098		2	2	2	2	2459.82	2468.72	2448.43	2448.45	850.29	854.46	852.91	855.62
2018-05-18	-0.174	-0.086	0.452	0.075	0.154		0	0	0	1	2448.45	2459.73	2452.34	2460.65	855.62	858.08	857.66	869.45
2018-05-21	0.274	0.317	-1.351	-0.074	0.267		0	0	0	0	2460.65	2464.07	2447.69	2465.57	869.45	871.49	870.52	872.96
2018-05-23	-0.265	-0.369	0.0	1.07	-0.028		0	0	0	0	2465.57	2462.98	2460.07	2471.91	872.96	875.12	867.28	869.16
2018-05-24	0.64	0.288	-2.023	-4.841	-0.014		3	3	3	3	2471.91	2477.48	2457.84	2466.01	869.16	871.68	866.47	873.32
2018-05-25	-0.053	-0.23	-0.733	-0.397	-0.085		0	-1	-2	0	2466.01	2452.8	2444.77	2460.8	873.32	866.2	859.09	868.35
2018-05-28	0.127	-0.236	-1.677	5.507	0.0		0	0	0	2	2460.8	2465.0	2463.14	2478.96	868.35	865.58	865.57	879.69
2018-05-29	0.547	-0.125	-1.677	5.507	-2.048		2	2	0	0	2478.96	2476.7	2457.18	2457.25	879.69	881.53	868.81	870.08
2018-05-30	-0.451	-1.119	-5.561	28.744	0.18		-3	-3	-6	-5	2457.25	2446.81	2399.58	2409.03	870.08	876.42	861.84	874.22
2018-05-31	0.765	1.114	2.673	-12.221	0.044		4	5	4	4	2409.03	2428.83	2415.5	2423.01	874.22	880.97	873.16	879.66
2018-06-01	-0.194	-0.614	-0.704	3.28	0.045	4.376	-1	-1	-3	-1	2423.01	2419.63	2418.11	2438.96	879.66	879.61	878.15	883.22
2018-06-04	1.462	0.984	2.587	-12.767	-0.152		5	5	5	5	2438.96	2444.62	2441.25	2447.76	883.22	887.59	876.5	877.44
2018-06-05	0.68	0.466	1.451	-5.349	0.293		3	3	3	3	2447.76	2450.39	2432.81	2453.76	877.44	881.71	874.16	877.16
2018-06-07	0.707	0.893	1.918	-6.129	0.525		2	2	2	3	2453.76	2468.26	2466.01	2470.58	877.16	881.47	880.01	887.91
2018-06-08	-0.718	-0.117	-1.412	4.21	0.045		-2	-2	-4	-4	2470.58	2467.88	2449.11	2451.58	887.91	887.37	877.91	878.48
2018-06-11	-0.094	0.034	0.136	0.412	-0.274		0	0	0	1	2451.58	2454.25	2448.0	2470.15	878.48	879.06	874.84	876.55
2018-06-12	0.115	0.044	0.681	1.396	-0.076		0	0	0	0	2470.15	2474.78	2462.84	2468.83	876.55	879.18	870.11	875.04
2018-06-14	-0.119	-0.439	0.676	4.862	-0.03		-2	-3	-5	-5	2468.83	2450.86	2422.37	2423.48	875.04	873.02	861.14	864.56
2018-06-15	0.846	0.22	-1.041	-6.337	-0.404		2	2	1	1	2423.48	2432.18	2403.97	2404.04	864.56	866.77	863.42	866.22
2018-06-18	0.066	0.024	-0.747	-1.155	-1.014		0	0	-4	-3	2404.04	2404.68	2365.31	2376.24	866.22	866.44	833.22	840.23
2018-06-19	-0.005	-0.267	0.068	2.755	-0.046		0	0	-4	-4	2376.24	2373.12	2336.54	2340.11	840.23	841.09	815.37	815.39
2018-06-20	-0.256	-0.438	-1.128	8.448	0.061		-2	-2	-2	1	2340.11	2350.24	2345.22	2363.91	815.39	819.87	817.64	840.17
2018-06-21	0.751	0.162	1.21	-4.195	-1.329		2	2	0	0	2363.91	2364.16	2337.83	2337.83	840.17	841.44	826.22	826.22
2018-06-22	-1.016	-0.707	-1.059	14.464	0.595		-5	-5	-7	-4	2337.83	2323.08	2320.76	2357.22	826.22	826.01	815.43	830.27
2018-06-25	-0.261	0.096	0.104	-5.943	0.248		1	1	0	1	2357.22	2351.89	2337.22	2357.88	830.27	831.48	826.66	836.0
2018-06-26	-2.221	-1.391	-0.862	25.853	0.191		-6	-8	-9	-6	2357.88	2334.75	2326.61	2350.92	836.0	825.05	817.16	831.4
2018-06-27	0.312	0.147	0.174	-8.136	0.213		1	1	1	1	2350.92	2349.38	2342.02	2342.03	831.4	832.72	826.69	826.69
2018-06-28	-1.534	-0.86	-1.84	12.5	-0.673		-4	-4	-7	-7	2342.03	2327.37	2310.8	2314.24	826.69	823.16	810.18	810.2
2018-06-29	0.713	0.636	0.707	-5.918	-0.163		3	4	1	4	2314.24	2325.68	2296.39	2326.13	810.2	817.2	802.0	818.22
2018-07-02	0.109	0.057	0.07	-4.51	-0.715		1	1	-3	-3	2326.13	2322.23	2271.53	2271.54	818.22	818.75	789.8	789.82
2018-07-03	0.726	0.307	0.597	-3.045	0.189		1	2	-1	1	2271.54	2285.88	2252.36	2272.76	789.82	797.63	779.41	795.71
2018-07-04	-0.859	-0.495	-0.977	3.462	0.0		-2	-2	-2	-2	2272.76	2270.95	2261.34	2265.46	795.71	795.06	792.44	799.1
2018-07-05	-0.87	-0.504	-0.977	3.462	0.283		-2	-2	-5	-2	2265.46	2264.74	2243.9	2257.55	799.1	799.77	782.23	794.05
2018-07-06	1.018	0.807	0.07	-7.249	0.302		4	4	3	6	2257.55	2261.44	2247.35	2272.87	794.05	795.23	785.22	808.89
2018-07-09	1.33	0.812	-0.317	-10.688	0.095		5	5	5	5	2272.87	2276.92	2267.25	2285.8	808.89	806.85	803.25	808.28
2018-07-10	0.889	0.882	1.024	-5.086	0.257		3	3	3	3	2285.8	2299.09	2292.13	2294.16	808.28	814.56	811.46	813.19
2018-07-11	-0.482	-0.225	0.455	-0.394	0.121		-1	-2	-3	-2	2294.16	2277.22	2262.77	2280.62	813.19	810.18	803.88	804.78
2018-07-12	-0.466	-0.61	-1.079	7.832	0.313		-3	-3	-3	-1	2280.62	2285.93	2277.73	2285.06	804.78	809.86	806.16	819.29
2018-07-13	1.38	0.875	0.387	-7.704	0.071		4	4	4	6	2285.06	2293.07	2293.07	2310.9	819.29	820.59	820.43	827.89
2018-07-16	0.114	0.161	-0.771	-3.18	-0.69		0	0	0	0	2310.9	2312.26	2299.79	2301.99	827.89	830.91	822.91	825.71
2018-07-17	-0.327	-0.13	0.954	5.337	-0.044		-1	-1	-2	-1	2301.99	2302.95	2290.24	2297.92	825.71	826.67	818.55	819.72
2018-07-18	0.667	0.46	0.21	-6.002	-0.69		3	3	1	2	2297.92	2313.78	2287.1	2290.11	819.72	823.8	804.47	810.44
2018-07-19	-0.069	0.163	0.384	0.332	0.349		0	0	-2	-1	2290.11	2298.91	2278.94	2282.29	810.44	811.42	794.14	796.49
2018-07-20	-0.201	-0.386	-0.974	6.364	-0.101		-1	-1	-2	-1	2282.29	2281.36	2269.55	2289.19	796.49	796.27	785.39	791.61
2018-07-23	0.044	0.066	1.686	-0.078	-3.25		0	0	-3	-3	2289.19	2289.61	2264.42	2269.31	791.61	792.9	756.95	756.96
2018-07-24	0.139	0.13	2.418	-1.866	-0.133		-1	-1	-1	-1	2269.31	2273.15	2263.13	2280.2	756.96	760.57	756.63	761.57
2018-07-25	-0.092	0.416	-0.54	-1.664	0.365		1	1	-1	0	2280.2	2284.38	2269.67	2273.03	761.57	764.66	744.11	748.89
2018-07-26	0.4	0.699	-0.441	-0.967	0.115		2	3	2	5	2273.03	2284.51	2276.54	2289.06	748.89	755.07	750.86	765.15
2018-07-27	-1.026	-0.382	1.328	-1.221	-0.043		-2	-2	-2	-1	2289.06	2292.33	2284.44	2294.99	765.15	766.03	763.44	773.98
2018-07-30	-1.575	-0.709	-0.504	7.331	0.466		-4	-4	-5	-4	2294.99	2290.18	2283.29	2293.51	773.98	773.0	763.6	769.8
2018-07-31	-1.256	-0.495	0.507	9.44	-0.114		-5	-5	-5	-5	2293.51	2292.23	2286.02	2295.26	769.8	768.75	766.52	775.52
2018-08-01	1.214	0.746	-0.37	-10.028	-0.48	2.16	5	5	3	7	2295.26	2301.17	2301.13	2307.07	775.52	779.0	778.55	790.25
2018-08-02	0.562	0.012	1.316	2.494	0.296		1	1	-2	-2	2307.07	2304.14	2265.46	2270.2	790.25	788.77	776.38	781.38
2018-08-03	1.322	0.572	-0.566	-7.3	0.044		4	4	4	6	2270.2	2278.33	2272.94	2287.68	781.38	786.1	784.33	788.81
2018-08-06	0.15	0.535	-1.105	-4.512	0.234		2	2	1	1	2287.68	2288.51	2283.26	2286.5	788.81	789.26	780.97	781.41
2018-08-07	0.59	0.328	-0.508	-3.179	-0.159		1	1	1	1	2286.5	2290.85	2279.55	2300.16	781.41	783.45	775.5	784.7
2018-08-08	0.318	0.309	1.191	-3.017	-0.116		0	0	0	0	2300.16	2305.73	2298.41	2301.45	784.7	787.21	781.27	783.81
2018-08-09	-0.048	-0.088	-0.067	-0.732	-0.224		0	0	0	0	2301.45	2303.04	2291.91	2303.71	783.81	783.43	780.95	789.48
2018-08-10	0.0	-0.188	-1.212	3.871	-0.105		0	0	-2	-1	2303.71	2295.21	2277.89	2282.79	789.48	789.71	781.34	784.81
2018-08-13	-0.688	-0.747	-2.658	16.77	0.222		-3	-4	-7	-7	2282.79	2266.43	2238.55	2248.45	784.81	780.69	755.58	755.65
2018-08-14	-0.2	-0.356	0.7	12.31	0.327		-2	-2	-2	-1	2248.45	2249.86	2247.37	2258.91	755.65	758.33	756.01	761.94
2018-08-16	-1.148	-0.725	-1.485	9.992	-0.092		-5	-7	-9	-6	2258.91	2233.05	2218.09	2240.8	761.94	752.04	743.68	761.18
2018-08-17	0.329	0.748	0.666	-8.128	0.015		2	2	2	3	2240.8	2244.61	2240.14	2247.05	761.18	766.29	765.03	772.3
2018-08-20	0.163	0.315	0.07	-6.022	0.0		1	1	1	1	2247.05	2257.35	2245.06	2247.88	772.3	775.81	769.21	769.78
2018-08-21	-0.018	0.182	-1.74	-1.187	0.286		1	1	1	4	2247.88	2248.04	2244.59	2270.06	769.78	773.12	772.59	787.15
2018-08-22	0.174	-0.099	0.744	2.962	-1.886		0	0	0	0	2270.06	2273.68	2268.91	2273.33	787.15	790.88	785.83	785.95
2018-08-23	0.384	-0.022	-0.738	-4.743	0.309		1	1	1	1	2273.33	2282.57	2268.06	2282.6	785.95	788.9	782.94	791.28
2018-08-24	-0.101	-0.16	-0.071	1.306	0.103		0	0	0	1	2282.6	2276.16	2271.35	2293.21	791.28	790.76	787.13	798.23
2018-08-27	0.9	0.655	0.177	-3.384	-0.218		3	3	3	3	2293.21	2297.32	2289.41	2299.3	798.23	799.29	796.11	801.04
2018-08-28	0.908	0.784	0.778	1.418	0.087		3	3	3	3	2299.3	2312.14	2299.45	2303.12	801.04	806.59	797.84	798.17
2018-08-29	0.191	0.07	1.264	2.796	0.015		0	0	0	0	2303.12	2304.66	2300.21	2309.03	798.17	800.51	798.43	803.18
2018-08-30	1.044	0.604	0.0	-2.0	0.288		3	3	3	3	2309.03	2313.11	2305.46	2307.35	803.18	805.22	801.19	804.47
2018-08-31	-0.358	-0.581	-0.832	10.449	-0.27		-3	-3	-3	-2	2307.35	2298.13	2295.72	2322.88	804.47	803.18	801.69	816.97
2018-09-03	0.262	0.013	-0.245	-4.952	0.0		1	1	0	1	2322.88	2317.93	2302.17	2307.03	816.97	817.93	812.85	816.84
2018-09-04	0.376	0.169	-0.245	-4.952	0.458		1	1	1	2	2307.03	2308.96	2302.17	2315.72	816.84	819.34	818.26	827.27
2018-09-05	-0.18	-0.148	1.717	2.333	-0.63		-1	-1	-3	-3	2315.72	2310.9	2288.01	2291.77	827.27	827.72	819.45	820.0
2018-09-06	-1.211	-0.272	0.0	5.699	-0.116		-3	-3	-3	-3	2291.77	2288.8	2284.5	2287.61	820.0	821.5	813.91	815.18
2018-09-07	-0.943	-0.409	-0.793	5.32	0.162		-4	-4	-5	-4	2287.61	2278.08	2264.9	2281.58	815.18	816.09	810.28	818.86
2018-09-10	-0.329	-0.256	2.188	1.57	0.103		-1	-1	-1	-1	2281.58	2277.35	2276.6	2288.66	818.86	819.7	814.87	816.16
2018-09-11	0.277	0.172	-0.17	-4.839	-0.015		1	1	1	1	2288.66	2286.91	2275.13	2283.2	816.16	816.21	815.82	820.23
2018-09-12	0.653	0.383	1.362	-6.638	0.924		2	2	2	2	2283.2	2286.28	2271.0	2282.92	820.23	824.52	820.34	826.33
2018-09-13	-0.262	-0.016	-0.47	-0.605	-0.185		0	0	0	0	2282.92	2285.28	2281.63	2286.23	826.33	828.54	825.1	830.95
2018-09-14	0.735	0.511	0.0	-5.86	0.292		3	4	4	4	2286.23	2304.7	2304.15	2318.25	830.95	833.84	831.17	834.91
2018-09-17	-0.188	-0.067	1.046	-2.425	-0.087		0	0	-2	0	2318.25	2314.55	2295.26	2303.01	834.91	837.93	826.16	828.88
2018-09-18	-1.453	-0.574	0.234	13.339	-0.16		-5	-5	-5	-5	2303.01	2287.73	2287.42	2308.98	828.88	826.44	824.87	831.85
2018-09-19	0.817	0.58	1.566	-6.506	-0.2		2	2	1	2	2308.98	2319.22	2301.79	2308.46	831.85	833.0	824.46	826.91
2018-09-20	-0.036	0.168	1.148	-8.131	0.38		1	1	0	1	2308.46	2314.41	2311.56	2323.45	826.91	829.2	819.3	821.13
2018-09-21	1.007	0.81	-0.162	0.426	-0.847		3	3	3	4	2323.45	2332.04	2325.12	2339.17	821.13	825.16	821.36	827.84
2018-09-27	-0.214	-0.329	-1.322	3.784	0.615		0	0	0	0	2339.17	2331.7	2331.7	2355.43	827.84	828.09	827.88	833.01
2018-09-28	0.727	0.353	-0.163	-3.724	0.083		1	1	-1	0	2355.43	2356.13	2337.47	2343.07	833.01	832.37	819.9	822.27
2018-10-01	0.273	0.119	0.0	-2.337	0.055	3.343	0	0	-3	0	2343.07	2349.64	2333.32	2338.88	822.27	824.86	813.48	816.53
2018-10-02	-0.119	0.339	0.785	-0.99	0.159		0	0	-3	-3	2338.88	2338.28	2308.9	2309.57	816.53	817.39	794.99	794.99
2018-10-04	0.14	-0.116	3.436	-3.651	-0.301		-2	-2	-5	-4	2309.57	2311.06	2270.22	2274.49	794.99	800.03	785.14	789.0
2018-10-05	-1.724	-0.74	1.139	22.481	0.457		-5	-5	-8	-7	2274.49	2269.94	2250.99	2267.52	789.0	784.94	769.29	773.7
2018-10-08	-1.058	-0.432	0.876	4.219	0.081		-4	-4	-5	-5	2267.52	2258.73	2253.83	2253.83	773.7	772.36	767.08	767.15
2018-10-10	-0.031	-0.194	-0.773	1.657	-0.4		0	0	-3	-3	2253.83	2256.03	2222.95	2228.61	767.15	768.31	746.63	747.5
2018-10-11	-4.393	-3.448	0.53	43.95	-0.67		-6	-10	-10	-10	2228.61	2176.16	2129.67	2129.67	747.5	720.22	707.31	707.38
2018-10-12	-1.114	-1.948	-2.853	8.798	0.028		-4	-4	-4	0	2129.67	2131.66	2129.13	2161.85	707.38	704.72	704.72	731.5
2018-10-15	2.353	1.475	0.255	-14.692	0.715		6	6	3	4	2161.85	2155.34	2141.28	2145.12	731.5	732.98	717.72	718.87
2018-10-16	-0.999	-0.645	0.7	-0.047	-0.084		-3	-3	-3	-2	2145.12	2156.0	2140.19	2145.12	718.87	724.3	724.3	731.5
2018-10-17	2.7	2.096	-0.221	-17.277	0.348		6	8	6	8	2145.12	2169.44	2159.37	2167.51	731.5	744.21	732.61	739.15
2018-10-18	-0.112	-0.132	0.729	-1.249	0.401		0	0	-2	-2	2167.51	2158.8	2146.61	2148.31	739.15	741.21	730.08	731.34
2018-10-19	-1.834	-1.349	-0.126	15.287	0.044		-6	-8	-8	-5	2148.31	2130.06	2117.62	2156.26	731.34	725.29	718.48	740.48
2018-10-22	-0.774	-0.379	0.724	-0.847	0.42		-1	-1	-3	-1	2156.26	2143.08	2136.92	2161.71	740.48	736.74	733.11	744.15
2018-10-23	0.26	-0.457	-0.063	-1.257	0.549		-1	-1	-5	-5	2161.71	2147.3	2094.69	2106.1	744.15	740.35	716.85	719.0
2018-10-24	-0.472	-0.588	-0.939	5.448	-0.391		-3	-2	-5	-5	2106.1	2119.19	2092.1	2097.58	719.0	727.07	697.13	699.3
2018-10-25	-3.807	-2.73	-1.327	21.825	-0.688		-6	-10	-10	-9	2097.58	2046.67	2033.81	2063.3	699.3	678.49	672.17	686.84
2018-10-26	2.311	1.481	0.384	-4.003	-0.564		5	6	1	1	2063.3	2066.57	2008.86	2027.15	686.84	694.37	658.11	663.07
2018-10-29	-1.996	-1.826	-1.881	-0.248	-0.059		-3	-3	-7	-7	2027.15	2026.68	1993.77	1996.05	663.07	663.95	629.7	629.7
2018-10-30	-1.884	-0.826	0.325	2.235	-0.537		-3	-4	-5	0	1996.05	1985.95	1985.95	2014.69	629.7	623.33	617.0	644.14
2018-10-31	2.192	1.772	0.745	-5.466	0.212		5	5	4	6	2014.69	2022.84	2006.63	2029.69	644.14	648.72	638.38	648.67
2018-11-01	1.792	0.901	1.576	-9.079	-0.658	0.067	5	6	6	6	2029.69	2035.11	2023.43	2024.46	648.67	655.11	654.66	657.46
2018-11-02	0.476	0.544	-0.475	-8.902	-0.298		3	5	5	7	2024.46	2046.61	2044.94	2096.0	657.46	666.59	666.59	690.65
2018-11-05	-1.144	-0.696	2.226	0.879	-0.238		-4	-5	-7	-5	2096.0	2079.81	2052.67	2076.92	690.65	686.76	680.11	691.94
2018-11-06	-0.415	0.542	-0.404	2.307	-0.634		0	0	-1	0	2076.92	2085.81	2068.59	2089.62	691.94	695.32	683.31	691.55
2018-11-07	0.572	0.544	0.406	-0.25	-0.756		2	2	-1	1	2089.62	2090.32	2072.48	2078.69	691.55	693.56	677.5	682.37
2018-11-08	2.561	2.094	-0.031	-17.83	-0.049		6	10	7	7	2078.69	2109.97	2092.36	2092.63	682.37	695.05	691.39	693.67
2018-11-09	-0.809	-0.42	0.654	2.2	0.132		-2	-2	-4	-3	2092.63	2093.89	2082.47	2086.09	693.67	694.18	680.68	687.29
2018-11-12	-1.717	-0.929	-1.391	3.828	0.847		-4	-6	-7	-6	2086.09	2065.92	2065.52	2080.44	687.29	677.96	670.13	670.82
2018-11-13	-2.606	-1.814	-0.094	17.8	-1.752		-6	-10	-10	-6	2080.44	2047.62	2032.05	2071.23	670.82	658.52	651.19	670.85
2018-11-14	0.128	-0.011	-1.287	-2.103	-0.754		0	0	0	0	2071.23	2071.41	2060.86	2068.05	670.85	670.25	665.78	671.56
2018-11-15	-0.722	-0.627	-0.795	6.144	-0.409		-3	-3	-3	-1	2068.05	2061.47	2058.73	2088.06	671.56	672.32	666.63	681.38
2018-11-16	1.126	0.959	-0.064	-5.976	0.213		5	5	5	6	2088.06	2097.94	2086.54	2092.4	681.38	685.05	682.87	690.18
2018-11-19	-0.447	-0.142	-1.411	-9.209	0.461		1	1	1	2	2092.4	2096.13	2089.37	2100.56	690.18	693.25	692.2	702.13
2018-11-20	-3.079	-1.664	-0.553	10.805	1.11		-6	-8	-8	-8	2100.56	2074.67	2074.67	2082.58	702.13	691.53	689.54	690.81
2018-11-21	-1.775	-1.825	-0.294	11.841	-0.075		-6	-8	-10	-6	2082.58	2057.07	2049.76	2076.55	690.81	681.66	676.67	695.72
2018-11-22	0.918	0.304	0.427	-7.473	0.0		3	3	2	3	2076.55	2079.01	2066.2	2069.95	695.72	697.84	690.06	692.39
2018-11-23	0.139	-0.205	0.427	-7.473	-1.391		1	1	-1	0	2069.95	2073.26	2047.96	2057.48	692.39	694.24	682.21	683.06
2018-11-26	-0.378	-0.503	-0.229	3.462	0.397		-1	-1	-1	2	2057.48	2060.17	2060.17	2083.02	683.06	685.1	685.06	695.36
2018-11-27	1.553	1.216	0.589	-12.175	-0.174		6	6	6	7	2083.02	2091.75	2079.49	2099.42	695.36	698.96	693.18	700.67
2018-11-28	0.157	0.429	-0.553	0.635	1.028		1	1	1	1	2099.42	2104.13	2094.32	2108.22	700.67	702.99	698.74	700.12
2018-11-29	2.787	2.17	-0.36	-2.787	0.04		4	6	4	4	2108.22	2133.95	2108.9	2114.1	700.12	709.69	694.71	695.48
2018-11-30	-0.413	-0.3	-0.296	1.623	-0.35		-1	-1	-2	-2	2114.1	2116.83	2093.83	2096.86	695.48	696.99	692.8	695.76
2018-12-03	2.107	2.095	-0.725	-3.832	2.984		3	5	5	7	2096.86	2127.78	2113.6	2131.93	695.76	704.38	702.65	709.46
2018-12-04	1.471	1.058	-0.697	-9.02	0.34		6	6	5	5	2131.93	2125.67	2105.45	2114.35	709.46	709.46	704.3	708.63
2018-12-05	-3.804	-3.236	-2.273	26.156	0.0		-5	-8	-8	-6	2114.35	2086.57	2086.57	2101.31	708.63	695.14	694.88	701.12
2018-12-06	-3.345	-2.811	-2.273	26.156	-0.601		-5	-5	-9	-9	2101.31	2094.62	2064.0	2068.69	701.12	699.15	677.09	678.38
2018-12-07	0.578	-0.031	-1.642	2.17	0.524		2	3	2	3	2068.69	2081.68	2065.62	2075.76	678.38	685.48	679.28	685.33
2018-12-10	-3.458	-2.749	-0.904	9.627	-1.102		-6	-8	-10	-9	2075.76	2048.45	2043.21	2053.79	685.33	675.53	667.25	670.39
2018-12-11	0.672	0.214	0.211	-2.54	-0.216		1	1	0	0	2053.79	2058.16	2047.17	2052.97	670.39	673.23	661.01	661.01
2018-12-12	-0.293	-0.367	0.805	-3.887	0.581		0	0	0	3	2052.97	2062.77	2061.13	2082.57	661.01	664.76	664.76	676.48
2018-12-13	0.945	0.561	0.938	-1.379	0.098		3	3	3	3	2082.57	2087.43	2084.37	2095.55	676.48	678.51	673.78	681.78
2018-12-14	-0.394	0.018	0.172	-3.774	0.475		0	0	-4	-3	2095.55	2095.64	2061.4	2069.38	681.78	680.91	663.43	666.34
2018-12-17	-2.554	-2.216	-0.687	4.746	0.098		-5	-5	-7	-5	2069.38	2071.21	2065.51	2071.09	666.34	665.48	652.84	661.9
2018-12-18	-2.194	-2.028	-1.176	13.361	-1.443		-6	-7	-8	-6	2071.09	2057.39	2054.26	2062.11	661.9	654.14	653.81	659.67
2018-12-19	0.122	-0.198	-1.12	4.323	-0.67		-1	-1	-1	2	2062.11	2068.95	2063.01	2078.84	659.67	663.73	661.2	672.08
2018-12-20	-2.215	-1.53	-1.664	0.0	0.403		-3	-4	-6	-4	2078.84	2063.7	2047.52	2060.12	672.08	667.74	664.34	668.13
2018-12-21	-1.649	-1.527	0.396	10.946	0.806		-6	-6	-6	-5	2060.12	2052.7	2049.76	2061.49	668.13	667.22	667.21	673.64
2018-12-24	-6.31	-4.49	0.108	6.096	-0.307		-5	-5	-5	-5	2061.49	2053.29	2052.24	2055.01	673.64	671.89	669.79	669.79
2018-12-26	-2.042	-2.423	-1.54	19.794	0.752		-5	-7	-9	-6	2055.01	2028.81	2014.28	2028.01	669.79	658.7	655.8	665.74
2018-12-27	5.797	4.929	1.746	-15.692	0.779		5	7	5	5	2028.01	2032.09	2021.39	2028.44	665.74	678.86	667.13	667.88
2018-12-28	0.154	0.716	-1.931	-1.48	1.861		2	2	2	3	2028.44	2036.7	2035.41	2041.04	667.88	670.83	669.71	675.65
2019-01-02	1.027	0.959	-1.827	-10.303	0.859		7	8	4	4	2041.04	2050.55	2004.27	2010.0	675.65	682.16	667.71	669.37
2019-01-03	-1.551	-1.018	-0.931	-8.655	-0.602		-3	-3	-6	-6	2010.0	2011.81	1991.65	1993.7	669.37	671.98	656.85	657.02
2019-01-04	-2.927	-2.312	-4.021	9.604	-0.403		-4	-4	-5	-2	1993.7	1992.4	1984.53	2010.25	657.02	655.62	648.95	664.49
2019-01-07	4.528	3.671	4.111	-15.992	0.709		4	6	5	6	2010.25	2034.24	2030.9	2037.1	664.49	672.76	669.07	672.84
2019-01-08	1.402	0.809	0.865	0.094	0.433		3	3	2	3	2037.1	2038.68	2023.59	2025.27	672.84	674.53	667.01	668.49
2019-01-09	0.917	0.853	1.268	-4.346	0.04		4	4	4	7	2025.27	2034.19	2034.19	2064.71	668.49	672.38	671.95	679.74
2019-01-10	0.758	0.313	0.442	-2.394	-0.344		1	1	1	1	2064.71	2065.73	2057.16	2063.28	679.74	680.61	678.23	683.34
2019-01-11	0.375	0.452	0.11	-2.402	-0.589		1	1	1	1	2063.28	2070.36	2063.99	2075.57	683.34	686.09	683.59	686.33
2019-01-14	-0.417	-0.265	-1.098	-6.718	0.271		0	0	-1	0	2075.57	2070.49	2059.46	2064.52	686.33	687.42	682.54	683.09
2019-01-15	-0.971	-0.487	0.333	4.838	0.535		-4	-4	-4	-1	2064.52	2069.14	2067.58	2097.18	683.09	684.97	684.32	690.39
2019-01-16	1.674	1.082	0.037	-2.465	-0.211		4	4	4	4	2097.18	2098.65	2091.92	2106.1	690.39	692.72	687.43	693.38
2019-01-17	0.211	0.27	0.738	2.366	-0.019		0	0	-1	-1	2106.1	2110.14	2101.7	2107.06	693.38	694.94	686.27	686.35
2019-01-18	0.748	0.816	0.659	-5.147	0.307		3	3	3	5	2107.06	2116.43	2113.44	2124.28	686.35	690.83	689.8	696.34
2019-01-21	1.027	1.318	1.273	-1.44	0.0		4	4	4	4	2124.28	2133.87	2114.45	2124.61	696.34	698.74	692.95	695.62
2019-01-22	1.053	1.234	1.273	-1.44	-0.13		4	4	3	4	2124.61	2126.03	2108.91	2117.77	695.62	698.0	692.45	694.55
2019-01-23	-1.927	-1.463	-1.94	16.854	0.723		-5	-5	-5	-5	2117.77	2108.72	2106.74	2127.78	694.55	691.5	690.91	695.63
2019-01-24	0.043	0.097	0.916	-6.154	-0.323		1	1	1	3	2127.78	2127.88	2125.48	2145.03	695.63	696.97	696.8	704.41
2019-01-25	0.821	0.223	-1.561	-3.227	0.075		2	2	2	5	2145.03	2147.92	2146.64	2177.73	704.41	705.66	704.67	711.38
2019-01-28	1.189	0.717	1.512	-7.782	-0.242		3	3	3	3	2177.73	2184.41	2169.17	2177.3	711.38	713.41	711.96	714.26
2019-01-29	-1.202	-0.851	-0.327	8.324	0.25		-4	-4	-5	-4	2177.3	2172.83	2162.53	2183.36	714.26	712.65	705.89	710.99
2019-01-30	-0.034	0.167	-1.166	1.378	-0.131		0	0	0	1	2183.36	2183.49	2177.88	2206.2	710.99	712.87	711.71	715.3
2019-01-31	2.305	1.592	-0.627	-7.684	0.092		5	6	5	5	2206.2	2222.88	2201.22	2204.85	715.3	719.93	714.31	716.86
2019-02-01	1.319	0.98	-2.226	-6.172	0.409	1.715	6	6	4	6	2204.85	2211.93	2201.41	2203.46	716.86	719.08	714.66	716.92
2019-02-07	-0.473	-0.314	0.0	-1.22	-0.13		-1	-1	-1	0	2203.46	2215.77	2196.77	2203.42	716.92	719.86	717.53	728.79
2019-02-08	-1.229	-1.01	-1.85	6.437	-0.095		-4	-4	-5	-5	2203.42	2192.01	2171.96	2177.05	728.79	726.4	724.99	728.74
2019-02-11	0.207	0.234	-0.754	-3.971	-0.114		0	0	0	0	2177.05	2180.54	2167.36	2180.73	728.74	731.82	730.32	733.47
2019-02-12	0.05	0.025	1.102	1.59	0.114		0	0	0	0	2180.73	2182.71	2178.59	2190.47	733.47	734.87	729.52	730.58
2019-02-13	1.443	1.243	0.864	-3.381	0.471		4	4	4	5	2190.47	2200.0	2194.75	2201.48	730.58	734.56	733.37	739.91
2019-02-14	0.092	0.293	0.894	1.426	0.111		0	0	0	1	2201.48	2195.92	2186.09	2225.85	739.91	740.69	737.07	742.27
2019-02-15	0.056	-0.347	-1.883	3.642	0.129		1	1	-2	0	2225.85	2210.94	2187.71	2196.09	742.27	741.53	734.37	738.66
2019-02-18	0.612	1.088	0.339	-8.076	0.0		4	4	4	5	2196.09	2207.36	2203.0	2210.89	738.66	743.53	742.5	745.33
2019-02-19	0.612	1.088	0.339	-8.076	0.342		4	4	3	4	2210.89	2208.96	2193.34	2205.63	745.33	746.5	741.2	748.05
2019-02-20	0.199	0.114	-0.713	-0.201	-0.267		0	0	0	1	2205.63	2216.74	2213.83	2229.76	748.05	749.52	747.56	750.69
2019-02-21	-0.005	0.178	0.264	-5.78	0.562		1	1	0	1	2229.76	2224.26	2213.19	2228.66	750.69	752.3	744.87	747.33
2019-02-22	-0.438	-0.38	1.281	3.138	-0.211		-1	-1	-2	-1	2228.66	2222.32	2217.08	2230.5	747.33	747.25	740.94	743.38
2019-02-25	1.195	0.937	-1.228	-6.57	-0.157		5	5	5	6	2230.5	2241.13	2224.64	2232.56	743.38	746.79	746.3	750.4
2019-02-26	0.305	0.078	0.678	9.919	-0.036		-2	-2	-2	-2	2232.56	2230.37	2221.76	2226.6	750.4	752.25	746.12	747.09
2019-02-27	-0.188	-0.204	-1.384	2.155	0.811		0	0	0	0	2226.6	2234.46	2228.16	2234.79	747.09	748.11	747.16	752.16
2019-02-28	0.062	-0.045	2.162	-3.098	0.105		-1	-1	-5	-5	2234.79	2231.58	2195.44	2195.44	752.16	753.29	731.25	731.25
2019-03-04	1.127	1.01	1.623	-8.187	0.054		4	6	5	6	2195.44	2210.97	2188.56	2190.66	731.25	739.19	739.19	748.07
2019-03-05	-0.252	-0.424	-1.198	7.811	-0.247		-2	-2	-3	-2	2190.66	2183.35	2171.33	2179.23	748.07	746.9	743.8	747.95
2019-03-06	-0.149	-0.292	0.0	0.752	-0.495		0	0	-1	0	2179.23	2177.11	2168.46	2175.6	747.95	750.13	741.68	746.7
2019-03-07	-0.961	-0.688	-1.102	6.784	-0.036		-4	-4	-6	-5	2175.6	2173.19	2155.19	2165.79	746.7	746.21	733.49	736.83
2019-03-08	-1.154	-0.849	-2.08	5.4	-0.406		-3	-3	-5	-4	2165.79	2152.8	2137.44	2137.44	736.83	733.38	730.42	735.97
2019-03-11	-0.244	-0.268	-0.417	-3.255	0.0		0	0	-1	0	2137.44	2140.29	2125.54	2138.1	735.97	737.27	726.11	739.09
2019-03-12	2.181	1.494	0.686	-10.717	-0.053		6	8	7	9	2138.1	2154.61	2150.96	2157.18	739.09	745.76	745.76	754.76
2019-03-13	0.474	0.304	-1.438	-3.908	0.387		1	1	0	1	2157.18	2152.66	2134.16	2148.41	754.76	755.3	750.49	754.89
2019-03-14	0.766	0.748	0.23	-2.614	0.154		2	2	2	2	2148.41	2154.35	2142.31	2155.68	754.89	758.53	755.42	755.42
2019-03-15	-0.081	-0.06	0.728	0.671	-0.171		0	0	-1	0	2155.68	2152.96	2152.59	2176.11	755.42	756.82	743.34	748.36
2019-03-18	1.686	1.036	-1.407	-4.593	-0.12		5	5	5	5	2176.11	2179.69	2172.34	2179.49	748.36	752.15	748.7	753.13
2019-03-19	0.358	0.406	0.347	1.708	-0.135		1	1	1	1	2179.49	2183.03	2171.05	2177.62	753.13	757.07	748.76	748.91
2019-03-20	0.143	0.013	0.461	3.511	-0.017		0	0	-2	0	2177.62	2171.41	2152.21	2177.1	748.91	750.5	741.25	749.76
2019-03-21	-0.056	-0.409	-3.022	2.581	0.267		1	1	0	0	2177.1	2183.11	2173.7	2184.88	749.76	750.79	742.03	743.52
2019-03-22	1.32	0.98	0.079	-2.013	-0.183		4	4	4	4	2184.88	2192.72	2178.77	2186.95	743.52	747.87	741.03	743.97
2019-03-25	-2.457	-1.817	-3.232	20.91	-0.102		-4	-6	-8	-8	2186.95	2158.8	2143.7	2144.86	743.97	733.51	726.93	727.21
2019-03-26	0.038	-0.03	-1.426	-0.91	0.51		0	0	0	1	2144.86	2152.98	2143.63	2148.8	727.21	732.76	729.22	736.81
2019-03-27	0.798	0.736	-0.248	-10.104	0.15		4	4	2	3	2148.8	2147.19	2132.42	2145.62	736.81	739.22	728.43	728.45
2019-03-28	-0.776	-0.589	-1.657	3.202	-0.017		-1	-1	-3	-3	2145.62	2131.25	2120.93	2128.1	728.45	727.7	719.72	719.72
2019-03-29	0.314	0.341	0.632	-4.752	0.388		1	1	1	2	2128.1	2138.45	2124.07	2140.67	719.72	723.64	714.53	729.31
2019-04-01	1.183	0.911	1.046	-4.99	0.166	2.836	5	5	3	7	2140.67	2153.31	2153.31	2168.28	729.31	731.5	729.74	736.81
2019-04-02	1.245	1.087	3.438	-2.261	0.357		2	2	2	2	2168.28	2177.2	2171.84	2177.18	736.81	740.94	737.18	739.57
2019-04-03	0.223	-0.033	-0.641	-0.299	0.096		0	0	0	2	2177.18	2176.81	2172.83	2203.27	739.57	741.76	740.73	749.3
2019-04-04	0.584	0.25	1.451	2.844	0.064		1	1	1	1	2203.27	2201.04	2198.66	2206.53	749.3	750.9	746.29	751.58
2019-04-05	-0.001	0.2	-0.199	-1.164	0.129		0	0	0	0	2206.53	2206.36	2205.26	2209.61	751.58	752.28	748.79	751.71
2019-04-08	0.64	0.472	-0.438	-5.596	0.396		3	3	3	3	2209.61	2217.66	2202.49	2210.6	751.71	755.32	750.02	751.92
2019-04-09	0.221	0.113	0.72	2.808	0.0		0	0	0	0	2210.6	2212.32	2203.54	2213.56	751.92	753.72	749.87	756.81
2019-04-10	-0.597	-0.624	-0.794	8.346	0.375		-3	-3	-3	-3	2213.56	2206.2	2203.82	2224.39	756.81	755.73	754.05	760.15
2019-04-11	0.731	0.356	-0.88	-6.863	-0.201		2	2	2	3	2224.39	2227.69	2217.18	2224.44	760.15	762.15	762.13	766.49
2019-04-12	-0.215	0.012	1.09	-2.105	0.204		0	0	0	0	2224.44	2221.1	2212.88	2233.45	766.49	765.6	762.99	767.85
2019-04-15	0.486	0.644	2.236	-7.757	-0.203		2	2	2	2	2233.45	2242.31	2240.29	2242.88	767.85	770.63	765.62	766.75
2019-04-16	-0.063	-0.037	-0.273	2.581	0.268		0	0	-1	0	2242.88	2241.06	2235.72	2248.63	766.75	767.59	758.69	765.02
2019-04-17	0.265	0.008	1.528	-1.136	0.422		-1	-1	-1	-1	2248.63	2249.05	2242.01	2245.89	765.02	766.7	765.36	766.89
2019-04-18	-0.029	-0.21	0.0	3.448	-0.016		0	0	-4	-2	2245.89	2248.8	2210.43	2213.77	766.89	767.74	751.59	753.52
2019-04-19	0.025	0.158	-1.235	-4.048	0.0		1	1	1	2	2213.77	2223.42	2215.58	2216.15	753.52	757.42	757.35	762.57
2019-04-22	0.06	0.115	-1.235	-4.048	0.0		1	1	1	1	2216.15	2218.5	2207.25	2216.65	762.57	764.37	760.02	762.01
2019-04-23	0.257	0.075	1.172	2.73	0.076		0	0	0	0	2216.65	2217.61	2212.14	2220.51	762.01	763.58	756.77	761.42
2019-04-24	1.259	0.859	-0.772	-1.127	-0.196		3	3	2	2	2220.51	2229.75	2190.29	2201.03	761.42	765.0	755.93	757.82
2019-04-25	-0.136	-0.245	-1.868	7.003	-0.121		0	0	-1	-1	2201.03	2195.47	2187.44	2190.5	757.82	757.64	750.43	750.43
2019-04-26	0.215	-0.122	0.476	0.837	-0.123		0	0	-2	-1	2190.5	2178.13	2168.15	2179.31	750.43	748.3	739.84	741.0
2019-04-29	0.303	0.392	-1.144	-3.925	-0.553		0	0	0	3	2179.31	2183.41	2181.82	2216.43	741.0	744.01	742.43	750.6
2019-04-30	0.081	0.09	1.238	2.985	0.126		0	0	-1	0	2216.43	2213.43	2186.33	2203.59	750.6	751.4	746.42	754.74
2019-05-02	-0.807	-0.973	0.08	12.805	0.016		-5	-5	-5	-5	2203.59	2192.94	2191.3	2212.75	754.74	753.51	753.43	760.38
2019-05-03	-0.098	-0.178	1.633	-2.568	-0.421		-1	-1	-2	-2	2212.75	2209.44	2192.36	2196.32	760.38	761.13	758.42	761.82
2019-05-07	-1.252	-1.155	-1.225	19.969	-0.129		-6	-8	-9	-8	2196.32	2172.39	2160.44	2176.99	761.82	751.26	749.27	753.45
2019-05-08	-2.097	-1.686	-2.08	25.13	0.065		-5	-7	-7	-6	2176.99	2151.34	2151.34	2168.01	753.45	745.86	745.36	745.37
2019-05-09	-0.358	-0.273	1.389	0.414	-0.161		0	0	-4	-4	2168.01	2159.79	2102.01	2102.01	745.37	746.96	722.6	724.22
2019-05-10	-0.468	-0.407	-1.007	-1.546	-0.097		-2	-1	-3	-2	2102.01	2118.42	2090.39	2108.04	724.22	726.06	712.15	722.62
2019-05-13	-0.918	-0.615	-0.081	-16.021	-0.016		-1	-2	-4	-4	2108.04	2091.8	2077.72	2079.01	722.62	722.19	708.77	708.8
2019-05-14	-3.403	-2.449	-2.037	28.117	-0.295		-5	-7	-7	-5	2079.01	2060.24	2056.74	2081.84	708.8	698.86	698.3	710.16
2019-05-15	1.255	0.854	0.582	-12.117	-0.664		5	5	5	7	2081.84	2081.92	2076.46	2092.78	710.16	714.94	713.49	729.6
2019-05-16	1.067	0.531	-1.654	-8.97	0.161		5	5	3	3	2092.78	2094.88	2062.44	2067.69	729.6	731.09	716.68	717.59
2019-05-17	0.977	0.933	1.093	-6.995	0.398		5	6	5	5	2067.69	2081.57	2053.79	2055.8	717.59	723.94	713.94	714.13
2019-05-20	-0.992	-0.601	-0.499	4.382	1.227		-4	-4	-5	-5	2055.8	2066.53	2051.69	2055.71	714.13	717.12	701.76	702.08
2019-05-21	-1.234	-0.534	0.961	2.193	0.285		-3	-3	-3	-3	2055.71	2056.95	2053.69	2061.25	702.08	701.83	700.0	703.98
2019-05-22	1.065	0.806	0.414	-8.338	-0.556		4	4	4	4	2061.25	2068.65	2048.01	2064.86	703.98	709.38	702.25	706.93
2019-05-23	-0.438	-0.274	-1.36	-1.338	-0.244		-1	-1	-3	-2	2064.86	2063.25	2046.82	2059.59	706.93	707.74	696.88	696.89
2019-05-24	-1.503	-1.112	-4.053	14.712	0.518		-4	-4	-6	-5	2059.59	2047.3	2035.98	2045.31	696.89	694.02	686.72	690.03
2019-05-27	0.114	0.135	1.22	-6.324	0.0		1	1	0	1	2045.31	2044.25	2035.87	2044.21	690.03	692.06	684.07	689.67
2019-05-28	0.114	0.109	1.22	-6.324	0.529		1	1	1	3	2044.21	2044.77	2038.52	2048.83	689.67	691.55	690.78	702.76
2019-05-29	-0.44	-0.864	-2.41	10.41	-0.118		-3	-3	-7	-5	2048.83	2046.71	2016.25	2023.32	702.76	699.12	689.9	691.47
2019-05-30	-0.807	-0.709	-1.411	2.286	0.527		-2	-2	-3	-1	2023.32	2024.33	2023.91	2038.8	691.47	692.6	685.31	689.33
2019-05-31	0.222	0.147	-0.403	-3.352	-0.23		0	0	-1	1	2038.8	2029.03	2022.97	2041.74	689.33	688.7	687.71	696.47
2019-06-03	-1.843	-1.737	-3.817	8.15	-0.15		-3	-3	-3	-2	2041.74	2031.03	2029.17	2067.85	696.47	693.26	691.8	697.5
2019-06-04	-1.397	-0.113	-2.848	0.802	-0.676		-1	-1	-1	-1	2067.85	2066.78	2060.98	2066.97	697.5	699.12	697.2	702.53
2019-06-05	2.783	2.197	1.826	-10.021	-1.159		5	7	5	5	2066.97	2084.16	2065.71	2069.11	702.53	709.07	706.76	707.75
2019-06-07	0.313	0.412	0.047	-0.994	0.97		1	1	1	2	2069.11	2070.78	2057.97	2072.33	707.75	711.77	708.73	716.53
2019-06-10	2.329	1.685	-1.883	2.323	0.463		5	6	5	6	2072.33	2087.37	2075.51	2099.49	716.53	721.12	717.08	721.14
2019-06-11	1.1	0.501	2.831	-2.209	0.319		2	2	2	3	2099.49	2096.09	2094.6	2111.81	721.14	723.61	722.51	728.79
2019-06-12	-0.014	-0.026	-0.14	0.314	-0.432		0	0	-1	0	2111.81	2111.66	2104.41	2108.75	728.79	729.06	721.91	724.32
2019-06-13	-0.345	-0.169	-0.607	-0.5	-0.137		0	0	-1	0	2108.75	2104.46	2081.92	2103.15	724.32	724.57	721.87	726.68
2019-06-14	0.311	0.384	-1.693	-0.566	-0.191		1	1	0	1	2103.15	2096.32	2087.47	2095.41	726.68	729.39	721.44	722.25
2019-06-17	-0.48	-0.153	0.096	-3.413	-0.019		-1	-1	-1	-1	2095.41	2091.71	2087.25	2090.73	722.25	723.52	718.62	719.13
2019-06-18	0.726	0.145	-0.334	0.458	0.039		1	1	0	1	2090.73	2089.31	2089.31	2098.71	719.13	721.25	713.17	714.86
2019-06-19	1.332	0.929	-1.246	-1.303	0.353		4	6	5	5	2098.71	2119.54	2117.64	2124.78	714.86	721.66	714.98	717.71
2019-06-20	0.339	0.222	-1.505	-5.413	0.67		2	2	2	3	2124.78	2121.78	2120.42	2131.29	717.71	719.54	719.31	727.32
2019-06-21	0.695	0.88	-1.38	2.931	1.077		2	2	2	2	2131.29	2132.38	2120.15	2125.62	727.32	729.2	721.96	722.64
2019-06-24	0.027	-0.326	3.348	4.407	0.505		-3	-3	-3	-3	2125.62	2130.32	2123.88	2126.33	722.64	725.04	717.22	717.69
2019-06-25	-0.398	-0.207	-2.273	-0.909	-0.276		1	1	0	0	2126.33	2125.74	2115.11	2121.64	717.69	719.03	707.64	710.02
2019-06-26	-1.455	-0.933	-1.336	6.684	1.746		-5	-5	-5	-5	2121.64	2120.2	2115.72	2121.85	710.02	710.15	706.44	709.37
2019-06-27	0.203	-0.235	2.758	-0.43	-0.185		-1	-1	-3	-2	2121.85	2120.73	2118.22	2134.32	709.37	711.18	694.53	698.21
2019-06-28	0.662	0.442	-2.147	-2.406	-0.353		3	3	2	2	2134.32	2135.06	2123.97	2130.62	698.21	698.63	687.29	690.53
2019-07-01	1.623	1.45	-0.249	-4.678	1.368	2.642	5	7	3	5	2130.62	2147.24	2126.87	2129.74	690.53	696.38	692.76	696.0
2019-07-02	1.093	0.776	1.7	-6.764	0.085		3	3	2	3	2129.74	2122.07	2112.52	2122.02	696.0	695.8	693.19	696.25
2019-07-03	0.247	0.276	-2.852	-8.037	0.427		2	2	0	1	2122.02	2120.75	2093.32	2096.02	696.25	697.68	689.86	693.04
2019-07-04	0.754	0.767	-1.164	-2.784	0.0		2	2	1	2	2096.02	2102.36	2088.97	2108.73	693.04	693.96	682.73	691.27
2019-07-05	0.757	0.784	-1.164	-2.784	0.07		2	2	2	2	2108.73	2111.0	2096.23	2110.59	691.27	692.86	686.93	694.17
2019-07-08	-0.059	-0.172	4.864	5.648	0.452		-3	-4	-7	-7	2110.59	2091.91	2063.78	2064.17	694.17	691.97	668.72	668.72
2019-07-09	-0.761	-0.509	-0.684	5.12	-0.173		-3	-3	-4	-4	2064.17	2070.35	2052.03	2052.03	668.72	670.76	657.77	657.8
2019-07-10	0.57	0.132	0.983	0.931	0.986		1	1	1	2	2052.03	2061.55	2056.48	2058.78	657.8	662.3	660.62	666.9
2019-07-11	0.69	0.401	0.341	-7.523	0.017		3	3	3	5	2058.78	2070.59	2070.21	2080.58	666.9	669.98	668.42	677.09
2019-07-12	-0.098	0.195	2.863	-0.767	0.432		-1	-1	-1	-1	2080.58	2083.53	2077.35	2086.66	677.09	677.87	673.76	681.17
2019-07-15	0.565	0.454	-0.66	-4.176	0.066		3	3	2	2	2086.66	2083.39	2073.1	2082.48	681.17	682.36	671.71	674.79
2019-07-16	0.12	0.018	-0.665	2.341	-0.537		0	0	0	0	2082.48	2084.46	2078.74	2091.87	674.79	675.67	672.77	674.42
2019-07-17	-0.466	-0.382	1.434	1.42	-0.174		-1	-1	-4	-3	2091.87	2079.91	2063.49	2072.92	674.42	673.08	661.93	666.28
2019-07-18	-0.679	-0.796	-2.875	8.631	-0.317		-2	-2	-2	-2	2072.92	2068.66	2061.33	2066.55	666.28	665.09	661.82	665.15
2019-07-19	0.483	0.567	-1.116	-3.15	0.759		2	2	2	4	2066.55	2080.21	2076.51	2094.36	665.15	668.2	668.2	674.06
2019-07-22	-0.903	-0.702	0.491	6.8	1.061		-4	-4	-4	-4	2094.36	2090.35	2087.51	2093.34	674.06	674.0	671.44	674.78
2019-07-23	0.73	0.275	-0.244	-6.367	-0.089		2	2	1	1	2093.34	2095.76	2095.38	2101.45	674.78	675.84	666.79	668.65
2019-07-24	0.078	0.519	1.517	-6.8	0.81		1	1	-1	-1	2101.45	2097.16	2080.66	2082.3	668.65	670.31	659.26	659.83
2019-07-25	0.433	0.353	-1.157	-4.282	0.036		2	2	-1	1	2082.3	2085.67	2061.08	2074.48	659.83	660.3	647.38	652.4
2019-07-26	-0.869	-0.526	1.171	5.551	-0.161		-3	-3	-6	-4	2074.48	2063.35	2054.64	2066.26	652.4	650.3	640.43	644.59
2019-07-29	1.085	0.656	0.338	-4.553	0.0		4	4	0	0	2066.26	2059.13	2025.01	2029.48	644.59	643.34	618.78	618.78
2019-07-30	-0.405	-0.145	-1.249	5.51	0.352		-2	-2	-2	-1	2029.48	2035.32	2032.61	2038.68	618.78	620.33	620.33	625.64
2019-07-31	0.13	-0.125	0.292	8.652	0.5		-1	-1	-4	-1	2038.68	2036.46	2010.95	2024.55	625.64	625.05	610.7	630.18
2019-08-01	-1.603	-1.491	-1.941	15.638	-1.246	3.17	-5	-5	-9	-6	2024.55	2015.09	2009.33	2017.34	630.18	627.94	622.25	622.26
2019-08-02	-0.931	-0.959	-6.284	10.856	1.094		-4	-6	-7	-6	2017.34	1995.31	1987.12	1998.13	622.26	612.01	607.01	615.7
2019-08-05	-1.326	-0.839	-2.059	-1.455	-0.503		-2	-2	-6	-6	1998.13	1985.93	1945.39	1946.98	615.7	614.69	569.78	569.79
2019-08-06	-3.964	-3.464	-6.469	39.637	0.475		-4	-8	-8	-8	1946.98	1900.36	1891.81	1917.5	569.79	555.07	540.83	551.5
2019-08-07	1.351	1.223	0.231	-17.975	-0.392		6	8	5	8	1917.5	1925.33	1901.61	1909.71	551.5	562.47	554.18	564.64
2019-08-08	0.381	0.025	-3.163	-3.371	2.427		1	3	2	3	1909.71	1926.28	1915.81	1920.61	564.64	571.59	571.0	585.44
2019-08-09	1.774	1.468	1.9	-13.238	0.647		5	7	6	6	1920.61	1940.06	1936.14	1937.75	585.44	590.51	585.94	590.04
2019-08-12	-1.07	-0.696	1.049	6.268	-0.33		-4	-4	-5	-4	1937.75	1941.53	1933.25	1942.29	590.04	590.43	585.07	594.17
2019-08-13	-1.157	-1.162	-5.479	17.362	-0.364		-4	-4	-6	-5	1942.29	1928.76	1923.58	1925.83	594.17	589.71	588.47	590.75
2019-08-14	1.926	1.479	2.502	-16.927	-0.63		5	7	6	6	1925.83	1946.18	1937.23	1938.37	590.75	600.35	596.23	597.15
2019-08-16	0.079	0.334	-3.289	-4.163	0.496		3	1	1	2	1938.37	1921.49	1911.72	1927.17	597.15	590.04	587.49	591.57
2019-08-19	1.738	1.494	0.654	-12.795	0.164		6	7	6	6	1927.17	1936.64	1931.44	1939.9	591.57	596.42	591.21	594.65
2019-08-20	1.22	1.125	3.834	-8.609	-0.196		3	3	3	6	1939.9	1942.99	1937.53	1960.25	594.65	597.15	595.62	607.01
2019-08-21	-0.847	-0.964	-2.315	3.673	-0.515		-2	-2	-2	-1	1960.25	1954.57	1954.47	1964.65	607.01	605.83	604.83	615.96
2019-08-22	0.976	0.893	1.025	-9.714	0.467		5	5	5	5	1964.65	1966.6	1951.01	1951.01	615.96	618.34	611.67	612.25
2019-08-23	-0.431	-0.119	2.093	5.57	0.0		-3	-4	-4	-3	1951.01	1942.42	1940.6	1948.3	612.25	606.28	605.93	608.98
2019-08-26	-3.925	-3.453	-5.093	19.125	-1.698		-4	-8	-8	-8	1948.3	1915.34	1909.92	1916.31	608.98	594.25	582.77	582.91
2019-08-27	1.329	1.081	1.113	-2.768	0.224		4	5	4	5	1916.31	1928.98	1919.28	1924.6	582.91	592.38	587.42	588.32
2019-08-28	-0.325	-0.294	-3.56	5.124	1.42		1	1	1	4	1924.6	1929.96	1926.43	1941.09	588.32	590.67	590.36	602.9
2019-08-29	0.159	0.43	-1.611	-4.727	0.179		3	3	2	3	1941.09	1943.55	1928.49	1933.41	602.9	604.19	595.26	599.57
2019-08-30	1.382	1.149	3.411	-7.597	-0.141		3	5	5	7	1933.41	1951.66	1951.3	1967.79	599.57	607.14	606.65	610.55
2019-09-02	-0.132	0.064	-0.66	6.152	0.0		-1	-1	-1	0	1967.79	1961.19	1958.59	1969.19	610.55	609.46	608.97	619.81
2019-09-03	-0.944	-0.748	-0.66	6.152	-0.181		-4	-4	-4	-4	1969.19	1966.5	1960.15	1965.69	619.81	619.86	619.28	620.02
2019-09-04	-1.157	-0.793	-2.656	3.583	-0.037		-2	-2	-2	0	1965.69	1962.43	1962.08	1988.53	620.02	619.61	619.46	629.31
2019-09-05	1.295	1.067	-0.477	-11.851	-0.551		6	6	6	7	1988.53	1993.62	1992.51	2004.75	629.31	633.19	631.38	632.99
2019-09-06	1.729	1.259	7.265	-6.117	-0.195		3	3	3	3	2004.75	2016.11	2005.69	2009.13	632.99	637.33	630.6	631.15
2019-09-09	-0.179	0.074	-0.958	-7.806	0.495		1	1	0	0	2009.13	2013.38	2013.28	2019.55	631.15	633.61	625.28	625.77
2019-09-10	-0.151	0.024	4.645	1.8	0.311		-2	-2	-2	-2	2019.55	2024.79	2021.58	2032.08	625.77	627.77	621.95	623.25
2019-09-11	0.004	0.049	4.932	-0.458	0.854		-2	-2	-2	0	2032.08	2043.72	2040.04	2049.2	623.25	625.81	624.78	630.37
2019-09-16	-0.588	-0.505	6.253	-3.376	12.088		-6	-6	-6	-5	2049.2	2056.26	2044.8	2062.22	630.37	634.67	630.16	638.59
2019-09-17	-0.188	-0.222	-3.258	6.769	-1.494		1	1	1	2	2062.22	2058.72	2055.17	2062.33	638.59	637.1	636.0	644.28
2019-09-18	0.405	0.275	-1.575	-1.568	-0.893		2	2	2	2	2062.33	2064.42	2058.52	2070.73	644.28	646.25	644.32	645.12
2019-09-19	-0.048	0.092	-1.435	-3.393	0.155		0	0	0	0	2070.73	2070.53	2070.53	2080.35	645.12	646.83	643.0	645.71
2019-09-20	0.108	-0.015	-0.672	0.717	0.895		0	0	0	0	2080.35	2080.86	2077.3	2091.52	645.71	647.5	645.91	649.07
2019-09-23	-1.559	-1.082	-1.071	9.039	1.997		-6	-6	-6	-6	2091.52	2087.7	2085.6	2091.7	649.07	648.81	644.39	645.01
2019-09-24	0.171	0.124	-2.678	-2.676	-0.341		1	1	1	1	2091.7	2090.19	2085.91	2101.04	645.01	643.45	641.17	641.85
2019-09-25	-1.426	-0.816	-4.274	14.353	-1.03		-3	-3	-6	-6	2101.04	2093.47	2072.41	2073.39	641.85	641.08	626.02	626.76
2019-09-26	1.076	0.599	5.933	-6.393	0.354		2	3	2	2	2073.39	2082.66	2064.34	2074.52	626.76	632.31	622.55	628.42
2019-09-27	-0.582	-0.268	-2.714	0.689	0.177		0	0	-2	-1	2074.52	2066.96	2044.75	2049.93	628.42	628.41	623.32	626.93
2019-09-30	-0.689	-0.118	-0.593	7.156	1.127		-2	-2	-4	-3	2049.93	2045.77	2042.01	2063.05	626.93	625.69	615.64	621.76
2019-10-01	0.926	0.689	0.0	-5.691	0.388	0.873	4	4	3	5	2063.05	2062.44	2057.91	2072.42	621.76	623.7	621.76	632.1
2019-10-02	-0.932	-1.073	-1.851	14.286	0.709		-5	-5	-8	-8	2072.42	2058.23	2031.91	2031.91	632.1	627.75	624.47	624.51
2019-10-04	1.095	0.789	-3.759	-7.004	-0.305		6	6	6	6	2031.91	2028.4	2020.69	2020.69	624.51	623.08	619.53	621.84
2019-10-07	0.695	0.702	-1.367	-10.879	-0.227		4	4	4	5	2020.69	2031.53	2016.19	2021.73	621.84	625.25	622.45	627.21
2019-10-08	-0.38	-0.55	2.508	4.812	0.114		-3	-3	-3	-1	2021.73	2029.37	2024.63	2046.25	627.21	628.03	624.92	635.41
2019-10-10	1.054	0.962	3.383	-8.087	0.19		3	2	1	2	2046.25	2030.13	2010.9	2028.15	635.41	633.96	630.59	634.73
2019-10-11	0.892	0.914	4.342	-5.74	0.616		2	3	2	3	2028.15	2048.08	2040.48	2044.61	634.73	638.22	632.92	632.95
2019-10-14	1.225	1.001	5.669	-11.326	0.366		4	6	5	6	2044.61	2068.13	2065.53	2067.4	632.95	638.65	637.69	641.46
2019-10-15	-0.044	-0.097	-1.084	-6.483	-0.149		1	1	1	2	2067.4	2064.78	2064.34	2068.17	641.46	641.51	641.49	646.8
2019-10-16	1.246	0.954	2.193	-7.069	0.208		4	4	4	5	2068.17	2080.92	2073.8	2082.83	646.8	650.61	649.88	651.96
2019-10-17	-0.229	-0.175	-1.299	1.034	-0.693		0	0	-1	0	2082.83	2081.76	2072.49	2077.94	651.96	653.08	646.61	649.29
2019-10-18	0.415	0.268	0.515	0.804	0.297		1	1	0	0	2077.94	2082.23	2057.89	2060.69	649.29	651.55	645.59	646.69
2019-10-21	-0.908	-0.509	-0.569	3.336	-0.13		-3	-3	-3	-3	2060.69	2067.97	2059.33	2064.84	646.69	646.79	645.35	649.18
2019-10-22	0.921	0.687	2.576	-1.754	0.15		2	2	2	4	2064.84	2076.29	2073.08	2088.86	649.18	653.17	651.1	655.91
2019-10-23	-0.878	-0.44	-1.339	3.286	0.258		-2	-2	-2	-2	2088.86	2086.81	2074.88	2080.62	655.91	656.88	654.78	658.98
2019-10-24	0.46	0.293	-0.509	-3.112	-0.125		1	1	0	1	2080.62	2089.85	2067.9	2085.66	658.98	658.53	647.53	658.75
2019-10-25	0.816	0.175	0.398	-2.141	-0.285		1	1	0	0	2085.66	2091.16	2079.3	2087.89	658.75	657.6	651.29	652.37
2019-10-28	0.853	0.498	1.982	-7.732	-0.018		2	2	2	2	2087.89	2096.67	2089.76	2093.6	652.37	655.05	651.95	652.42
2019-10-29	1.184	0.624	2.887	3.636	-0.018		2	2	2	3	2093.6	2103.92	2088.04	2092.69	652.42	656.85	653.83	658.3
2019-10-30	-0.565	-0.059	-0.971	0.687	-0.018		-1	-1	-2	-1	2092.69	2093.51	2075.54	2080.27	658.3	660.6	654.15	655.04
2019-10-31	0.54	0.457	-2.016	-6.591	-0.291		4	4	4	4	2080.27	2089.22	2083.48	2083.48	655.04	658.45	656.96	658.52
2019-11-01	-0.09	-0.294	-5.951	7.218	-0.055	1.179	1	1	-1	2	2083.48	2084.79	2081.53	2100.2	658.52	658.16	656.13	662.34
2019-11-04	1.192	1.015	2.188	-6.959	0.374		4	4	4	6	2100.2	2111.32	2111.32	2130.24	662.34	667.2	665.63	668.45
2019-11-05	0.628	0.403	3.356	4.309	0.035		-1	-1	-1	-1	2130.24	2133.66	2128.7	2142.64	668.45	669.47	666.0	672.18
2019-11-06	-0.016	-0.135	4.479	2.104	0.052		-2	-2	-2	-2	2142.64	2142.69	2138.83	2144.15	672.18	672.12	669.25	669.68
2019-11-07	-0.206	0.127	-2.787	-3.664	0.0		1	1	0	1	2144.15	2141.05	2135.45	2144.29	669.68	668.73	663.7	666.15
2019-11-08	0.278	0.281	6.174	0.872	-0.122		-2	-2	-2	-2	2144.29	2154.18	2133.75	2137.23	666.15	669.34	662.46	664.6
2019-11-11	0.484	0.256	0.363	-5.185	0.28		2	2	0	2	2137.23	2139.07	2119.07	2124.09	664.6	666.13	658.7	661.37
2019-11-12	-0.088	-0.188	0.517	5.137	0.053		-1	-1	-1	0	2124.09	2131.26	2121.8	2140.92	661.37	662.11	661.42	665.14
2019-11-13	0.233	0.132	-1.75	-0.079	-0.018		1	1	0	0	2140.92	2132.48	2118.67	2122.45	665.14	665.37	659.95	661.85
2019-11-14	-0.008	0.095	-2.043	2.524	0.473		1	1	1	2	2122.45	2127.54	2121.32	2139.23	661.85	663.25	659.21	663.31
2019-11-15	-0.012	0.084	-2.941	0.385	0.247		1	1	1	2	2139.23	2137.96	2135.26	2162.18	663.31	662.87	660.64	668.51
2019-11-18	0.729	0.794	1.047	-7.663	0.277		3	3	3	3	2162.18	2161.89	2151.97	2160.69	668.51	670.07	666.82	669.34
2019-11-19	0.125	0.042	-1.418	3.402	-0.263		0	0	-2	-1	2160.69	2151.04	2137.01	2153.24	669.34	669.11	662.24	662.53
2019-11-20	0.14	-0.123	-1.217	3.21	-0.091		0	0	-3	-3	2153.24	2140.06	2123.8	2125.32	662.53	661.45	648.82	649.87
2019-11-21	-0.877	-0.754	-2.688	-0.622	-0.193		-1	-1	-5	-4	2125.32	2123.65	2088.19	2096.6	649.87	650.56	634.29	635.99
2019-11-22	-0.171	-0.158	1.956	2.739	-0.461		-1	-1	-2	-1	2096.6	2098.89	2093.99	2101.96	635.99	637.99	629.74	633.92
2019-11-25	0.435	0.459	0.113	-6.017	0.26		3	5	4	6	2101.96	2117.14	2116.07	2123.5	633.92	639.5	639.5	647.4
2019-11-26	1.295	0.703	-0.564	-3.809	-0.155		3	3	3	3	2123.5	2129.27	2120.85	2121.35	647.4	650.79	649.78	651.59
2019-11-27	0.203	0.22	-1.361	-2.78	-0.24		0	0	0	0	2121.35	2134.47	2118.07	2127.85	651.59	653.74	646.89	647.39
2019-11-28	0.662	0.417	1.552	1.82	0.0		1	1	0	0	2127.85	2116.93	2116.58	2118.6	647.39	646.27	640.18	640.18
2019-11-29	0.686	0.449	1.552	1.82	0.034		1	1	-2	-1	2118.6	2125.53	2085.1	2087.96	640.18	641.72	631.4	632.99
2019-12-02	-0.373	-0.322	0.509	7.404	0.544		-1	-1	-1	-1	2087.96	2097.55	2088.92	2091.92	632.99	635.58	632.22	634.5
2019-12-03	-1.152	-0.863	3.378	18.146	0.0		-7	-8	-9	-7	2091.92	2075.02	2066.6	2084.07	634.5	630.07	627.0	629.58
2019-12-04	-0.462	-0.64	-6.917	7.042	0.588		-1	-1	-3	-2	2084.07	2070.84	2057.45	2068.89	629.58	626.06	622.67	625.27
2019-12-05	0.552	0.632	4.213	-7.268	-0.12		1	1	-2	0	2068.89	2078.31	2053.56	2060.74	625.27	629.49	613.77	617.6
2019-12-06	0.068	0.15	0.898	-1.892	-0.188		0	0	0	2	2060.74	2072.44	2070.17	2081.85	617.6	619.48	619.48	628.1
2019-12-09	1.016	0.929	2.504	-6.198	-0.152		4	4	4	4	2081.85	2091.94	2084.31	2088.65	628.1	630.6	625.59	627.86
2019-12-10	-0.419	-0.348	-0.706	16.446	-0.169		-3	-3	-3	-3	2088.65	2081.22	2080.16	2098.0	627.86	627.62	623.54	627.11
2019-12-11	-0.036	-0.126	0.219	-1.135	-0.304		0	0	0	0	2098.0	2098.28	2092.48	2105.62	627.11	627.26	626.57	629.13
2019-12-12	0.463	0.323	-2.346	-4.401	0.204		3	3	3	6	2105.62	2120.13	2120.13	2137.35	629.13	632.29	631.25	636.94
2019-12-13	0.964	1.102	5.978	-7.005	0.304		3	5	4	6	2137.35	2164.63	2159.45	2170.25	636.94	643.34	641.87	643.45
2019-12-16	0.354	0.149	-4.112	-9.397	-0.333		4	4	4	4	2170.25	2168.05	2166.29	2168.15	643.45	644.91	643.24	644.44
2019-12-17	0.908	0.66	4.013	-3.88	0.033		1	1	1	3	2168.15	2179.4	2171.09	2195.68	644.44	646.8	646.04	650.58
2019-12-18	0.028	-0.045	-0.159	1.236	-0.64		0	0	0	0	2195.68	2194.92	2187.32	2194.76	650.58	650.87	647.73	648.95
2019-12-19	0.14	-0.035	1.853	2.36	-0.115		-1	-1	-1	-1	2194.76	2199.42	2186.59	2196.56	648.95	650.3	645.11	647.85
2019-12-20	0.772	0.493	-0.832	-0.636	-0.18		2	2	2	2	2196.56	2205.57	2194.8	2204.18	647.85	650.19	647.9	649.73
2019-12-23	0.462	0.37	0.472	0.08	-0.05		1	1	1	1	2204.18	2208.22	2196.43	2203.71	649.73	651.77	646.68	647.62
2019-12-24	0.252	0.118	0.939	0.799	0.182		0	0	-2	-1	2203.71	2206.23	2187.58	2190.08	647.62	648.71	638.74	638.91
2019-12-26	0.089	0.035	-1.292	0.476	0.147		0	0	0	2	2190.08	2192.22	2183.9	2197.93	638.91	640.77	640.2	652.07
2019-12-27	0.739	0.436	-0.262	-0.158	0.081		2	2	1	3	2197.93	2183.7	2177.4	2204.21	652.07	652.6	652.17	661.24
2019-12-30	-0.172	0.027	-1.627	6.166	-0.016		0	0	0	1	2204.21	2202.62	2195.65	2197.67	661.24	662.06	661.62	669.83
2020-01-02	0.577	0.48	1.266	-7.018	0.884		3	3	2	2	2197.67	2201.21	2171.84	2175.17	669.83	672.53	666.62	674.02
2020-01-03	1.375	0.899	-1.928	-9.507	0.0		6	7	5	6	2175.17	2192.58	2165.39	2176.46	674.02	677.57	668.1	669.93
2020-01-06	-1.214	-1.177	-4.995	12.43	1.047		-4	-6	-7	-7	2176.46	2154.97	2149.95	2155.07	669.93	660.08	653.61	655.31
2020-01-07	0.627	0.353	1.286	-1.213	-0.569		1	2	1	3	2155.07	2166.6	2164.27	2175.54	655.31	660.87	659.18	663.44
2020-01-08	-0.162	-0.389	0.883	-0.433	0.223		0	-2	-4	-3	2175.54	2156.27	2137.72	2151.31	663.44	657.24	637.43	640.94
2020-01-09	0.716	0.521	2.573	-2.466	0.637		1	4	4	5	2151.31	2182.2	2172.16	2186.45	640.94	657.01	656.25	666.09
2020-01-10	0.824	0.65	-0.854	-6.766	0.084		3	3	3	5	2186.45	2189.48	2188.1	2206.39	666.09	668.79	665.92	673.03
2020-01-13	-0.259	-0.255	-1.776	0.159	0.0		1	1	1	3	2206.39	2204.49	2204.49	2229.26	673.03	673.76	673.23	679.22
2020-01-14	1.03	0.682	1.26	-1.911	-0.086		3	3	3	3	2229.26	2243.06	2232.94	2238.88	679.22	682.14	676.78	678.71
2020-01-15	-0.249	-0.159	-1.623	0.568	-0.052		1	1	1	1	2238.88	2229.8	2223.39	2230.98	678.71	678.83	676.91	679.16
2020-01-16	0.099	0.202	-1.65	0.242	0.502		1	1	1	3	2230.98	2231.93	2225.41	2248.05	679.16	679.67	679.49	686.52
2020-01-17	1.101	0.844	1.174	-0.805	0.12		3	3	3	3	2248.05	2261.57	2245.58	2250.57	686.52	689.73	686.68	688.41
2020-01-20	0.34	0.386	1.493	-1.786	0.0		0	0	-1	0	2250.57	2261.4	2258.09	2262.64	688.41	690.85	682.48	683.47
2020-01-21	0.335	0.386	1.493	-1.786	1.076		0	0	-2	-2	2262.64	2259.81	2238.25	2239.69	683.47	683.82	675.48	676.52
2020-01-22	-0.087	-0.212	-3.649	6.198	-0.137		1	1	1	3	2239.69	2238.53	2235.13	2267.25	676.52	677.05	677.05	688.25
2020-01-23	0.076	-0.046	0.0	0.467	-1.11		0	0	-1	-1	2267.25	2254.54	2241.94	2246.13	688.25	685.94	683.52	685.57
2020-01-28	-1.907	-1.573	-4.521	25.206	-0.696		-4	-8	-8	-8	2246.13	2192.22	2166.23	2176.72	685.57	660.79	658.78	664.7
2020-01-29	1.583	1.112	2.243	-10.697	0.916		5	6	5	6	2176.72	2188.18	2172.33	2185.28	664.7	671.08	664.09	670.18
2020-01-30	0.199	-0.117	-2.864	0.676	-0.45		1	1	-3	-3	2185.28	2181.54	2139.72	2148.0	670.18	670.65	652.42	656.39
2020-01-31	0.367	0.382	-2.258	-5.491	1.496		2	2	-1	-1	2148.0	2160.6	2119.01	2119.01	656.39	660.98	641.57	642.48
2020-02-03	-1.758	-1.809	-2.439	21.627	-1.067		-5	-8	-9	-5	2119.01	2086.61	2082.74	2118.88	642.48	631.82	627.65	646.85
2020-02-04	1.171	0.687	0.0	-4.618	-0.339		4	4	4	8	2118.88	2121.22	2120.53	2157.9	646.85	650.72	649.22	661.24
2020-02-05	2.12	1.521	5.461	-10.684	-0.202		4	6	4	4	2157.9	2177.26	2154.88	2165.63	661.24	666.74	658.03	661.32
2020-02-06	0.521	1.185	2.87	-5.607	0.828		3	4	4	6	2165.63	2184.77	2182.25	2227.94	661.32	665.94	665.88	672.69
2020-02-07	0.789	0.445	-0.303	-1.254	0.314		2	2	1	1	2227.94	2221.49	2198.14	2211.95	672.69	673.11	667.93	672.63
2020-02-10	-0.625	-0.638	-4.015	3.409	-0.397		0	-1	-1	0	2211.95	2185.63	2180.51	2201.07	672.63	669.53	668.1	676.07
2020-02-11	1.107	0.673	-1.965	-2.78	0.081		4	4	4	6	2201.07	2213.5	2211.25	2223.12	676.07	678.97	678.43	682.34
2020-02-12	0.204	0.258	2.78	0.931	0.04		-1	-1	-1	-1	2223.12	2225.95	2214.77	2238.38	682.34	683.26	680.26	686.59
2020-02-13	0.859	0.668	2.516	-9.486	1.075		3	3	3	3	2238.38	2245.72	2230.3	2232.96	686.59	689.54	681.77	687.61
2020-02-14	-0.006	-0.104	-0.798	2.984	0.175		0	0	0	0	2232.96	2232.71	2221.9	2243.59	687.61	687.23	685.67	688.91
2020-02-17	0.198	0.184	-1.793	-3.322	0.0		1	1	1	1	2243.59	2243.07	2230.26	2242.17	688.91	690.35	686.73	692.59
2020-02-18	0.226	0.221	-1.793	-3.322	0.346		1	0	-2	-1	2242.17	2225.98	2205.21	2208.88	692.59	691.42	681.44	682.92
2020-02-19	0.091	-0.21	-2.015	8.406	0.134		0	0	-2	0	2208.88	2222.51	2191.2	2210.34	682.92	686.89	673.64	684.78
2020-02-20	0.983	0.603	0.9	-3.034	0.394		3	3	1	3	2210.34	2223.55	2186.72	2195.5	684.78	687.65	677.99	681.66
2020-02-21	-0.747	-0.448	-2.866	8.206	-0.074		-2	-4	-6	-5	2195.5	2165.65	2160.28	2162.84	681.66	673.57	667.47	667.99
2020-02-24	-2.875	-1.958	-3.541	9.769	-1.461		-4	-8	-8	-8	2162.84	2114.04	2079.03	2079.04	667.99	653.4	639.22	639.29
2020-02-25	-3.71	-3.452	-6.39	46.546	-0.117		-4	-4	-5	-1	2079.04	2075.55	2071.5	2103.61	639.29	639.28	633.65	656.95
2020-02-26	-2.614	-2.852	-3.413	11.266	0.361		-4	-8	-8	-5	2103.61	2064.07	2059.13	2076.77	656.95	644.02	642.98	654.63
2020-02-27	-0.269	-0.699	-1.504	-1.041	-0.205		0	0	-3	-3	2076.77	2073.87	2049.15	2054.89	654.63	654.61	634.79	638.17
2020-02-28	-5.04	-4.653	-0.84	42.09	-1.274		-6	-10	-10	-10	2054.89	2020.17	1980.82	1987.01	638.17	626.36	608.38	610.73
2020-03-02	-1.229	-2.552	-13.241	2.426	-2.368		-1	0	-2	2	1987.01	1997.03	1969.34	2002.51	610.73	617.88	607.32	627.66
2020-03-03	4.938	4.995	-3.461	-16.679	2.075		7	11	7	7	2002.51	2051.85	2009.39	2014.15	627.66	641.65	626.71	626.82
2020-03-04	-3.286	-3.103	-7.169	10.174	-0.509		-4	-4	-4	0	2014.15	2005.81	2005.81	2059.33	626.82	623.75	623.55	641.73
2020-03-05	3.762	4.044	-1.782	-13.118	0.748		7	9	7	9	2059.33	2078.11	2059.99	2085.26	641.73	647.75	643.97	650.19
2020-03-06	-2.773	-3.102	-6.653	23.851	0.414		-4	-7	-8	-7	2085.26	2053.09	2032.13	2040.22	650.19	642.33	637.2	642.72
2020-03-09	-3.444	-3.325	-23.758	5.856	-20.373		-1	-5	-5	-5	2040.22	1981.02	1946.9	1954.77	642.72	631.13	614.58	614.6
2020-03-10	-8.014	-8.134	-29.32	29.852	-2.441		-3	-4	-5	-2	1954.77	1942.85	1934.72	1962.93	614.6	606.89	604.51	619.97
2020-03-11	4.776	4.722	49.9	-13.147	0.757		4	4	0	0	1962.93	1965.67	1898.27	1908.27	619.97	621.12	591.38	595.61
2020-03-12	-4.76	-4.969	9.626	13.953	0.273		-8	-10	-12	-12	1908.27	1887.97	1808.56	1834.33	595.61	589.2	555.47	563.49
2020-03-13	-11.032	-11.111	3.537	40.019	-2.317		-7	-11	-11	-11	1834.33	1722.68	1680.6	1771.44	563.49	536.62	487.07	524.0
2020-03-16	9.185	8.462	12.014	-23.374	6.366		2	6	-2	-2	1771.44	1805.43	1714.38	1714.86	524.0	538.68	504.51	504.51
2020-03-17	-12.385	-11.943	-23.449	42.988	-0.035		-4	-8	-8	-4	1714.86	1640.84	1637.88	1672.44	504.51	488.02	483.51	514.73
2020-03-18	5.971	5.314	36.951	-8.199	-0.037		3	5	-1	-1	1672.44	1686.12	1591.12	1591.2	514.73	520.79	485.14	485.14
2020-03-19	-4.336	-5.173	26.981	0.711	9.475		-8	-4	-12	-12	1591.2	1626.09	1439.43	1457.64	485.14	501.59	419.55	428.35
2020-03-20	0.949	-1.152	-11.611	-5.821	-1.943		3	7	4	7	1457.64	1498.49	1466.48	1566.15	428.35	443.88	435.11	467.75
2020-03-23	-12.149	-13.267	-16.175	-8.278	0.401		-1	-5	-5	-5	1566.15	1474.45	1458.41	1482.46	467.75	443.51	435.81	443.76
2020-03-24	0.03	-2.355	-18.55	-6.738	2.183		0	4	4	4	1482.46	1523.69	1508.68	1609.97	443.76	457.21	454.24	480.4
2020-03-25	7.989	9.578	6.806	0.13	1.499		2	6	5	6	1609.97	1668.19	1645.28	1704.76	480.4	496.32	488.98	505.68
2020-03-26	-0.242	1.316	5.147	3.697	-0.98		0	0	-1	1	1704.76	1699.11	1679.23	1686.24	505.68	506.51	501.82	516.61
2020-03-27	6.09	6.999	-5.478	-4.613	3.053		6	10	3	9	1686.24	1756.07	1668.21	1717.73	516.61	535.94	502.48	522.83
2020-03-30	-6.068	-5.944	-7.645	7.443	-2.696		-2	-6	-6	0	1717.73	1670.34	1659.95	1717.12	522.83	513.13	511.47	542.11
2020-03-31	3.648	3.428	-10.547	-12.908	0.697		8	10	9	12	1717.12	1739.29	1722.62	1754.64	542.11	551.48	551.25	569.07
2020-04-01	-1.129	-1.903	4.179	-6.202	-1.855	1.99	-5	-6	-11	-9	1754.64	1737.28	1685.37	1685.46	569.07	568.88	551.3	551.84
2020-04-02	-3.942	-3.965	-9.026	6.575	4.481		-5	-5	-7	-1	1685.46	1693.53	1664.13	1724.86	551.84	555.4	542.75	567.7
2020-04-03	1.666	2.174	-1.26	-10.778	-2.014		7	7	6	8	1724.86	1731.17	1706.68	1725.44	567.7	571.29	564.02	573.01
2020-04-06	-1.353	-1.423	-6.38	-8.073	-7.939		1	3	3	5	1725.44	1745.25	1742.67	1791.88	573.01	579.25	577.83	597.21
2020-04-07	7.382	7.071	15.162	-3.333	0.997		2	5	2	5	1791.88	1826.72	1791.92	1823.6	597.21	606.21	593.22	606.9
2020-04-08	-0.291	-0.217	8.876	3.227	2.835		-3	-3	-5	-4	1823.6	1815.75	1801.8	1807.14	606.9	604.46	599.3	607.37
2020-04-09	2.649	3.506	3.804	-7.173	4.743		1	4	1	4	1807.14	1838.09	1818.3	1836.21	607.37	616.67	610.66	615.95
2020-04-10	0.775	1.449	-4.581	-3.875	0.0		5	5	3	6	1836.21	1835.76	1824.43	1860.7	615.95	617.75	593.01	611.26
2020-04-13	1.607	2.573	-4.581	-3.875	8.084		4	4	0	0	1860.7	1853.3	1825.76	1825.76	611.26	609.94	596.71	596.71
2020-04-14	0.593	-0.983	2.743	-1.2	-0.223		-2	0	-1	2	1825.76	1846.41	1837.17	1857.08	596.71	605.14	602.05	610.29
2020-04-16	-1.649	-2.464	-15.16	8.157	1.409		-3	-4	-6	-1	1857.08	1839.51	1828.13	1857.07	610.29	606.69	603.15	623.43
2020-04-17	3.668	3.29	-4.545	-1.787	0.654		6	9	8	10	1857.07	1893.31	1893.19	1914.53	623.43	631.34	628.05	634.79
2020-04-20	1.273	2.383	7.389	-4.887	-2.956		4	4	3	3	1914.53	1908.34	1893.17	1898.36	634.79	635.71	634.2	637.82
2020-04-21	-0.999	-1.77	-4.281	14.889	-62.796		-2	-2	-6	-4	1898.36	1886.78	1841.66	1879.38	637.82	634.76	602.05	628.77
2020-04-22	-3.294	-2.875	-8.786	3.605	31.069		-4	-6	-8	-2	1879.38	1855.51	1844.85	1896.15	628.77	618.95	616.88	635.16
2020-04-23	2.789	2.365	8.406	-7.553	3.048		2	2	2	4	1896.15	1907.45	1895.98	1914.73	635.16	640.13	637.33	643.79
2020-04-24	-0.13	-0.189	-0.969	-1.429	1.697		0	0	-4	-2	1914.73	1906.07	1880.71	1889.01	643.79	640.19	629.12	632.96
2020-04-27	1.611	1.374	-2.773	-13.171	-0.59		7	8	8	11	1889.01	1897.06	1894.62	1922.77	632.96	638.9	638.58	646.86
2020-04-28	1.048	1.428	10.067	-7.348	1.408		3	3	2	3	1922.77	1931.25	1911.63	1934.09	646.86	649.46	638.69	644.93
2020-04-29	-0.949	-0.411	-7.012	0.841	8.185		-3	-3	-3	-3	1934.09	1936.89	1934.31	1947.56	644.93	646.33	644.06	645.18
2020-05-04	-4.28	-3.967	3.215	8.902	-3.387		-6	-9	-9	-8	1947.56	1906.42	1894.29	1895.37	645.18	637.0	635.16	641.91
2020-05-06	1.177	0.887	3.14	-6.561	3.909		1	3	2	5	1895.37	1919.45	1902.55	1928.76	641.91	650.15	647.52	658.4
2020-05-07	0.464	-0.751	8.219	1.517	0.417		-2	-2	-2	-1	1928.76	1922.0	1918.57	1928.61	658.4	659.45	658.93	668.17
2020-05-08	1.494	1.22	-11.252	-7.855	-0.849		7	9	9	10	1928.61	1944.94	1942.54	1945.82	668.17	674.01	673.52	682.3
2020-05-11	1.323	1.423	8.082	-11.005	-1.011		4	4	3	4	1945.82	1953.51	1932.87	1935.4	682.3	686.81	676.6	685.04
2020-05-12	0.811	-0.106	6.452	-1.465	1.45		-1	-1	-4	-1	1935.4	1938.62	1905.17	1922.17	685.04	687.48	673.66	684.21
2020-05-13	-2.423	-2.497	-6.612	19.84	-1.862		-4	-6	-6	-2	1922.17	1897.5	1897.24	1940.42	684.21	676.53	676.24	691.53
2020-05-14	-1.32	-1.489	-4.277	6.78	1.068		-3	-4	-5	-4	1940.42	1922.44	1913.49	1924.96	691.53	687.92	684.33	690.57
2020-05-15	0.975	1.126	-4.622	-7.568	0.29		7	7	7	7	1924.96	1937.63	1913.21	1927.28	690.57	695.8	686.23	691.93
2020-05-18	1.215	0.858	3.393	-2.208	0.34		1	1	1	1	1927.28	1934.51	1921.14	1937.11	691.93	695.17	688.88	690.85
2020-05-19	2.344	3.048	16.25	-8.122	3.174		2	4	4	4	1937.11	1977.47	1968.59	1980.61	690.85	696.01	687.67	696.36
2020-05-20	-0.657	-1.228	-4.435	4.198	-1.877		-2	-2	-2	-1	1980.61	1972.12	1972.12	1989.64	696.36	697.15	697.09	708.76
2020-05-21	2.173	1.791	-4.36	-8.32	0.119		7	7	7	8	1989.64	2003.2	1993.0	1998.31	708.76	714.33	711.71	716.02
2020-05-22	-0.919	-0.786	-0.441	5.502	0.088		-4	-4	-8	-6	1998.31	2001.6	1961.4	1970.13	716.02	717.78	702.5	708.58
2020-05-25	0.428	0.235	-2.954	-4.639	0.0		3	3	3	5	1970.13	1980.51	1967.84	1994.6	708.58	712.88	708.6	719.89
2020-05-26	0.321	0.083	-2.954	-4.639	0.15		2	2	2	5	1994.6	2001.0	1997.94	2029.78	719.89	723.28	718.81	729.11
2020-05-27	0.194	1.212	6.24	-0.533	-0.611		0	0	-1	0	2029.78	2027.9	2019.82	2031.2	729.11	728.26	722.04	724.59
2020-05-28	0.815	1.466	-2.579	-1.392	-2.164		5	6	2	3	2031.2	2047.08	2003.75	2028.54	724.59	728.76	695.3	708.75
2020-05-29	-0.532	-0.277	3.676	3.512	-0.089		-3	-3	-5	-3	2028.54	2018.37	2006.62	2029.6	708.75	706.16	700.84	713.68
2020-06-01	0.796	0.079	-8.085	-3.778	-0.789	0.031	3	3	3	7	2029.6	2037.04	2035.63	2065.08	713.68	716.96	716.83	735.72
2020-06-02	0.603	0.334	2.16	2.617	0.339		0	0	0	2	2065.08	2061.45	2059.14	2087.19	735.72	737.67	735.06	743.58
2020-06-03	0.691	0.854	2.719	-4.924	0.136		2	3	2	4	2087.19	2108.55	2107.69	2147.0	743.58	749.49	734.63	737.66
2020-06-04	0.783	1.365	11.912	-4.396	-1.421		2	4	2	2	2147.0	2181.64	2139.68	2151.18	737.66	742.87	733.91	742.37
2020-06-05	-0.514	-0.248	7.753	0.585	-0.214		-3	-3	-3	-1	2151.18	2151.17	2138.18	2181.87	742.37	743.65	739.52	749.31
2020-06-08	2.169	2.802	10.244	-4.998	-0.354		3	5	3	3	2181.87	2215.6	2174.96	2184.29	749.31	754.12	747.37	753.04
2020-06-09	1.153	1.212	-2.212	5.261	0.079		4	5	2	4	2184.29	2206.23	2166.01	2188.92	753.04	756.02	746.56	753.82
2020-06-10	0.383	-0.803	-6.222	6.819	-1.13		0	0	0	0	2188.92	2187.91	2178.12	2195.69	753.82	754.3	752.29	758.62
2020-06-11	0.659	-0.602	-9.771	0.0	-1.288		2	2	-1	1	2195.69	2184.36	2148.51	2176.78	758.62	760.07	752.04	757.06
2020-06-12	-5.273	-5.845	-12.701	47.951	-0.22		-4	-8	-8	-7	2176.78	2088.24	2084.63	2132.3	757.06	722.91	722.81	746.06
2020-06-15	-0.11	-0.078	7.044	-11.522	-0.634		0	-1	-4	-4	2132.3	2114.41	2030.82	2030.82	746.06	745.6	693.15	693.15
2020-06-16	1.553	0.937	0.429	-4.683	-0.189		5	9	9	9	2030.82	2091.09	2079.02	2138.05	693.15	716.6	714.14	735.38
2020-06-17	1.639	1.68	7.692	-2.122	-1.172		2	2	-2	2	2138.05	2133.18	2105.26	2141.05	735.38	731.91	717.68	735.4
2020-06-18	0.156	-0.456	-3.042	-0.594	-0.58		1	1	0	1	2141.05	2134.35	2120.29	2133.48	735.4	738.11	732.92	737.33
2020-06-19	0.343	0.035	-5.321	-1.584	0.026		2	4	1	2	2133.48	2153.09	2108.91	2141.32	737.33	743.35	732.55	742.03
2020-06-22	-2.467	-4.393	0.432	6.618	-1.434		-5	-5	-6	-4	2141.32	2126.38	2122.1	2126.73	742.03	742.98	741.78	751.64
2020-06-23	1.077	0.682	1.004	-9.539	0.544		5	7	3	5	2126.73	2149.13	2110.51	2131.24	751.64	758.61	744.26	753.23
2020-06-24	0.617	0.262	0.71	-1.259	-0.941		1	1	1	3	2131.24	2145.93	2143.91	2161.51	753.23	758.15	755.12	759.5
2020-06-25	-2.248	-2.659	-3.526	7.874	0.105		-3	-5	-6	-6	2161.51	2130.45	2112.37	2112.37	759.5	749.81	745.98	750.36
2020-06-26	1.076	1.112	-1.462	-4.787	0.956		5	7	4	6	2112.37	2137.47	2115.25	2134.65	750.36	758.62	742.57	750.58
2020-06-29	-3.404	-3.113	-5.638	7.79	-1.377		-3	-5	-7	-7	2134.65	2105.54	2087.84	2093.48	750.58	743.88	732.86	734.69
2020-06-30	1.291	1.411	0.0	-8.494	-0.151		5	7	6	6	2093.48	2124.38	2108.26	2108.33	734.69	744.54	731.76	737.97
2020-07-01	1.808	1.379	2.673	-4.248	1.451	0.864	4	5	2	3	2108.33	2128.81	2101.33	2106.7	737.97	743.53	726.36	727.58
2020-07-02	0.853	0.462	4.441	-5.948	-0.1		1	1	1	4	2106.7	2116.72	2113.98	2135.37	727.58	732.94	732.09	742.55
2020-07-03	0.522	0.454	-1.906	-3.284	0.0		3	3	3	5	2135.37	2147.89	2135.3	2152.41	742.55	746.13	741.11	752.18
2020-07-06	0.486	0.334	-1.906	-3.284	-0.664		2	2	2	5	2152.41	2158.95	2157.71	2187.93	752.18	754.74	750.43	759.9
2020-07-07	2.228	1.525	2.242	0.939	0.123		3	3	2	2	2187.93	2202.04	2164.03	2164.17	759.9	763.4	755.44	759.16
2020-07-08	-0.92	-1.122	-4.971	5.333	-0.345		-3	-3	-3	-2	2164.17	2166.76	2150.89	2158.88	759.16	761.19	758.38	765.96
2020-07-09	1.549	0.87	0.462	-4.587	-0.073		4	4	4	5	2158.88	2171.15	2166.74	2167.9	765.96	770.46	769.31	772.9
2020-07-10	0.522	-0.525	-7.351	4.202	-0.101		1	1	-1	0	2167.9	2171.44	2140.29	2150.25	772.9	773.75	766.51	772.81
2020-07-13	0.762	1.204	4.628	-6.733	-0.493		2	3	2	5	2150.25	2170.51	2163.07	2186.06	772.81	777.92	773.08	781.19
2020-07-14	-2.115	-0.889	1.106	17.955	-1.247		-5	-5	-6	-5	2186.06	2176.43	2165.6	2183.61	781.19	776.19	775.29	778.39
2020-07-15	1.502	1.985	-3.906	-8.294	0.645		7	8	7	8	2183.61	2208.73	2190.66	2201.88	778.39	783.14	775.96	781.29
2020-07-16	0.682	1.025	2.439	-5.962	-0.558		3	3	1	2	2201.88	2203.3	2177.82	2183.76	781.29	783.24	769.39	775.07
2020-07-17	-0.532	-0.215	-2.857	0.865	-0.074		0	0	0	2	2183.76	2187.85	2187.85	2201.19	775.07	776.97	775.78	783.22
2020-07-20	0.269	0.3	2.614	-8.286	0.123		0	0	-1	0	2201.19	2209.59	2183.83	2198.2	783.22	786.25	776.97	781.96
2020-07-21	2.524	0.794	-1.274	-4.751	-0.392		4	5	5	6	2198.2	2219.19	2214.28	2228.83	781.96	787.3	785.75	790.58
2020-07-22	-0.808	0.106	-2.097	1.554	-1.001		0	0	0	0	2228.83	2228.2	2221.62	2228.66	790.58	790.58	785.97	794.99
2020-07-23	0.665	0.644	-1.977	-2.093	0.119		3	3	2	4	2228.66	2227.24	2202.99	2216.19	794.99	796.46	792.27	801.69
2020-07-24	-2.122	-1.155	-2.185	7.237	-0.024		-4	-5	-6	-6	2216.19	2196.73	2195.49	2200.44	801.69	796.08	788.72	794.8
2020-07-27	-0.643	-0.408	1.203	-0.92	-0.073		-2	-2	-2	0	2200.44	2203.48	2203.48	2217.86	794.8	795.19	795.19	801.23
2020-07-28	1.738	0.825	3.396	-4.257	0.12		2	3	3	5	2217.86	2238.19	2237.21	2256.99	801.23	807.29	802.04	807.85
2020-07-29	-1.103	-0.585	-4.598	2.829	0.219		-1	-1	-1	-1	2256.99	2258.35	2252.24	2263.16	807.85	807.71	804.29	808.59
2020-07-30	1.595	1.374	-0.344	-5.267	0.121		5	5	5	5	2263.16	2275.33	2263.81	2267.01	808.59	812.83	808.02	814.19
2020-07-31	1.468	0.256	-6.563	2.739	1.052		4	4	3	3	2267.01	2278.53	2248.49	2249.37	814.19	817.52	814.23	815.3
2020-08-03	1.88	1.028	-0.924	-1.212	0.298		4	4	4	5	2249.37	2251.65	2237.04	2251.04	815.3	820.41	815.15	827.57
2020-08-04	1.554	0.787	5.037	-0.736	-0.561		1	2	2	3	2251.04	2272.33	2269.69	2279.97	827.57	833.28	830.55	835.35
2020-08-05	0.302	0.384	-8.526	-2.142	-0.336		2	2	2	4	2279.97	2289.23	2283.95	2311.86	835.35	837.19	837.11	847.28
2020-08-06	0.543	0.673	5.437	-3.241	0.0		0	0	0	2	2311.86	2322.64	2322.64	2342.61	847.28	854.02	847.9	854.12
2020-08-07	0.99	0.628	-1.289	-1.479	0.048		3	3	3	3	2342.61	2349.25	2333.62	2351.67	854.12	858.3	849.01	857.63
2020-08-10	-0.717	0.131	4.851	-1.943	0.679		-3	-3	-3	-2	2351.67	2353.92	2349.33	2386.38	857.63	859.53	854.48	862.76
2020-08-11	-0.385	0.2	2.135	-0.36	0.095		-1	-1	-1	0	2386.38	2396.11	2396.11	2418.67	862.76	863.07	858.0	860.23
2020-08-12	-1.232	-0.512	14.634	8.586	0.024		-6	-6	-9	-7	2418.67	2414.78	2393.27	2432.35	860.23	858.88	836.58	845.6
2020-08-13	2.033	1.333	1.824	-7.283	-0.234		4	6	3	5	2432.35	2455.28	2412.49	2437.53	845.6	854.82	852.15	854.77
2020-08-14	0.322	-0.16	6.866	-0.673	0.213		-2	-2	-6	-5	2437.53	2427.85	2383.69	2407.49	854.77	854.71	831.15	835.03
2020-08-18	0.991	0.256	-3.667	-3.175	-0.233		4	4	0	0	2407.49	2405.84	2336.78	2348.24	835.03	834.55	794.91	800.22
2020-08-19	0.773	0.282	-2.05	0.749	-0.676		2	4	2	4	2348.24	2370.87	2353.17	2360.54	800.22	810.86	805.52	818.74
2020-08-20	-0.618	-0.515	0.897	4.788	-0.443		-3	-4	-7	-7	2360.54	2339.91	2270.85	2274.22	818.74	816.63	785.0	791.14
2020-08-21	1.087	0.397	-4.593	0.799	0.399		4	6	3	5	2274.22	2306.16	2280.97	2304.59	791.14	801.14	781.41	796.01
2020-08-24	0.58	0.528	-0.621	-0.792	0.331		2	2	0	5	2304.59	2309.38	2283.48	2329.83	796.01	798.2	787.93	815.74
2020-08-25	0.598	0.99	0.938	-0.754	-0.61		3	4	3	7	2329.83	2352.15	2340.97	2366.73	815.74	821.53	820.02	836.31
2020-08-26	0.875	0.41	5.573	-1.52	0.092		0	0	-2	0	2366.73	2367.74	2336.98	2369.32	836.31	838.86	827.27	841.35
2020-08-27	1.676	0.998	0.733	5.629	0.138		3	3	1	2	2369.32	2371.95	2344.38	2344.45	841.35	842.38	832.74	836.4
2020-08-28	-0.336	0.246	8.588	5.157	-0.139		-3	-2	-3	-3	2344.45	2362.22	2345.28	2353.8	836.4	841.76	837.86	841.3
2020-08-31	0.696	0.787	-2.279	-6.171	-0.14		4	5	3	4	2353.8	2377.09	2326.06	2326.17	841.3	847.97	839.63	848.24
2020-09-01	0.647	-0.384	-4.938	15.026	0.516	0.523	1	1	0	2	2326.17	2340.19	2331.23	2349.55	848.24	850.58	847.53	853.37
2020-09-02	1.5	0.809	-3.03	-1.098	0.608		5	5	5	6	2349.55	2363.43	2341.29	2364.37	853.37	859.58	858.23	866.74
2020-09-03	0.954	1.523	-3.125	1.723	0.289		6	7	7	8	2364.37	2383.26	2382.23	2395.9	866.74	871.02	869.84	874.13
2020-09-04	-5.433	-3.708	-4.455	26.458	-0.29		-4	-8	-8	-6	2395.9	2332.68	2332.68	2368.25	874.13	841.37	841.37	866.04
2020-09-07	-1.265	-0.813	15.916	-8.482	0.0		-4	-4	-4	-3	2368.25	2369.85	2362.42	2384.22	866.04	872.03	864.39	878.88
2020-09-08	-1.419	-0.726	15.916	-8.482	-0.729		-4	-3	-4	-3	2384.22	2402.66	2391.43	2401.91	878.88	884.72	874.31	878.29
2020-09-09	-4.607	-3.383	-5.132	2.309	0.082		-2	-4	-4	-4	2401.91	2372.53	2369.12	2375.81	878.29	864.91	864.17	869.47
2020-09-10	2.577	1.89	2.778	-8.423	-0.657		4	6	4	6	2375.81	2404.83	2388.56	2396.48	869.47	881.12	874.77	884.3
2020-09-11	-1.914	-1.616	-2.56	3.124	-0.777		-3	-3	-4	-3	2396.48	2389.76	2374.0	2396.69	884.3	881.23	877.58	888.44
2020-09-14	-0.221	0.541	-2.336	-9.559	-0.027		4	5	4	5	2396.69	2418.33	2410.79	2427.91	888.44	894.38	886.48	894.17
2020-09-15	1.854	1.185	0.299	-3.796	0.054		4	4	4	4	2427.91	2434.59	2423.79	2443.58	894.17	898.63	893.24	899.46
2020-09-16	1.237	0.515	1.192	-1.006	0.183		3	3	2	3	2443.58	2442.72	2429.94	2435.92	899.46	901.75	891.99	896.28
2020-09-17	-1.243	-0.366	1.178	1.759	0.075		-2	-2	-5	-4	2435.92	2430.77	2398.69	2406.17	896.28	897.88	883.5	885.18
2020-09-18	-1.341	-1.012	-0.437	1.613	0.0		-4	-4	-4	-4	2406.17	2413.53	2396.33	2412.4	885.18	889.47	878.78	888.88
2020-09-21	-3.09	-2.284	1.462	-2.381	-0.316		-4	-4	-7	-7	2412.4	2412.44	2379.38	2389.39	888.88	889.94	859.4	866.99
2020-09-22	-0.341	-1.264	-3.314	7.549	0.814		-1	-1	-5	-5	2389.39	2388.14	2323.58	2332.59	866.99	867.72	838.13	842.72
2020-09-23	1.814	1.188	-1.043	-3.312	0.404		4	6	0	4	2332.59	2352.56	2287.44	2333.24	842.72	855.57	821.89	843.45
2020-09-24	-3.251	-2.473	1.807	6.404	-0.826		-6	-10	-10	-10	2333.24	2295.62	2268.88	2272.7	843.45	825.74	804.28	806.95
2020-09-25	0.576	0.469	-1.479	-0.245	-0.397		2	4	1	2	2272.7	2295.19	2267.63	2278.79	806.95	817.95	799.53	808.28
2020-09-28	2.337	1.712	-1.051	-7.471	-0.447		5	7	6	8	2278.79	2301.16	2291.32	2308.08	808.28	820.72	819.86	835.91
2020-09-29	1.81	1.693	0.607	-0.72	-0.049		4	6	4	6	2308.08	2331.51	2320.04	2327.89	835.91	844.69	839.68	848.15
2020-10-05	-1.55	-0.336	2.806	3.483	-0.135		-3	-3	-3	-1	2327.89	2330.55	2327.83	2358.0	848.15	848.67	843.06	858.39
2020-10-06	2.357	1.768	9.483	1.194	0.331		2	2	2	2	2358.0	2369.17	2355.39	2365.9	858.39	863.74	855.65	862.58
2020-10-07	-2.042	-1.852	-2.625	5.436	-2.065		-3	-3	-4	-1	2365.9	2350.82	2347.82	2386.94	862.58	856.7	856.66	869.66
2020-10-08	1.911	1.725	5.795	-4.817	0.1		3	4	3	3	2386.94	2408.49	2383.82	2391.96	869.66	875.12	867.63	871.62
2020-10-12	1.375	0.714	1.307	-5.159	-0.493		4	4	4	4	2391.96	2404.18	2393.74	2403.73	871.62	875.25	868.01	873.5
2020-10-13	2.573	1.677	0.258	0.28	0.254		4	4	2	4	2403.73	2416.85	2385.87	2403.15	873.5	878.15	865.95	871.92
2020-10-14	-0.222	-0.709	-6.435	3.989	-0.025		1	1	-1	-1	2403.15	2403.74	2375.54	2380.48	871.92	873.04	859.88	861.48
2020-10-15	-1.005	-0.713	-0.688	1.266	0.219		-3	-3	-6	-6	2380.48	2375.91	2348.74	2361.21	861.48	861.37	833.55	844.44
2020-10-16	-0.323	-0.066	1.247	2.159	-0.195		0	0	-4	-2	2361.21	2363.88	2325.03	2341.53	844.44	845.63	822.58	833.84
2020-10-19	-0.202	0.266	1.778	1.631	-0.465		-1	-1	-2	-2	2341.53	2352.92	2344.77	2346.74	833.84	836.83	821.5	822.25
2020-10-20	-1.245	-1.246	2.285	6.457	-0.441		-6	-6	-9	-6	2346.74	2333.56	2322.06	2358.41	822.25	816.16	803.24	824.65
2020-10-21	0.452	0.611	4.731	0.583	-0.579		0	0	0	0	2358.41	2363.03	2356.32	2370.86	824.65	827.35	819.66	830.67
2020-10-22	-0.342	-0.285	2.384	-2.385	0.025		-1	-1	-4	-3	2370.86	2355.61	2339.73	2355.05	830.67	826.71	812.7	812.7
2020-10-23	0.353	0.71	3.922	-1.885	-0.074		-1	-1	-2	-1	2355.05	2364.84	2344.49	2360.81	812.7	817.7	804.75	807.98
2020-10-26	0.114	0.171	-0.825	-1.992	-0.402		0	0	-3	-3	2360.81	2366.5	2342.58	2343.91	807.98	808.06	776.7	778.02
2020-10-27	-1.576	-1.837	-4.756	17.822	0.078		-4	-4	-6	-4	2343.91	2328.66	2321.23	2330.84	778.02	771.84	766.96	783.73
2020-10-28	0.383	-0.716	-2.871	2.742	-1.516		0	0	0	2	2330.84	2324.18	2316.47	2345.26	783.73	784.88	784.88	806.2
2020-10-29	-3.302	-3.054	0.386	20.78	0.0		-6	-9	-10	-6	2345.26	2312.34	2299.91	2326.67	806.2	791.02	791.02	813.93
2020-10-30	0.5	0.158	6.914	-6.678	-0.276		0	0	-4	-4	2326.67	2319.56	2266.93	2267.15	813.93	814.16	791.3	792.65
2020-11-02	-2.556	-1.358	2.994	1.144	-1.537		-5	-5	-5	-3	2267.15	2276.61	2267.95	2300.16	792.65	796.46	789.85	802.95
2020-11-03	0.526	1.338	-1.279	-2.341	0.598		3	4	4	7	2300.16	2315.81	2315.3	2343.31	802.95	810.01	810.01	818.46
2020-11-04	1.837	1.817	3.887	-4.255	1.301		3	5	3	4	2343.31	2361.32	2339.95	2357.32	818.46	826.04	814.76	826.97
2020-11-05	4.424	2.583	-12.925	-16.821	0.051		8	8	8	12	2357.32	2373.41	2370.85	2413.79	826.97	833.37	831.78	844.8
2020-11-06	2.689	2.06	1.042	-6.73	-0.644		5	5	4	4	2413.79	2421.79	2404.97	2416.5	844.8	849.18	832.27	836.78
2020-11-09	0.568	0.593	5.67	-9.862	0.539		2	4	4	4	2416.5	2438.63	2434.52	2447.2	836.78	845.81	845.17	851.21
2020-11-10	-1.162	1.325	16.829	3.58	-0.943		-2	-3	-4	-3	2447.2	2453.95	2435.59	2452.83	851.21	844.22	835.27	840.79
2020-11-11	-1.245	0.008	1.461	-3.689	1.04		-2	-2	-3	-1	2452.83	2459.5	2459.5	2485.87	840.79	840.89	829.53	839.9
2020-11-12	2.118	0.947	-1.44	-5.444	0.048		5	5	4	5	2485.87	2482.68	2467.04	2475.62	839.9	844.64	835.95	840.08
2020-11-13	-0.339	-0.856	-7.62	8.102	-0.438		0	0	-1	1	2475.62	2470.12	2460.96	2493.87	840.08	837.28	826.17	839.14
2020-11-16	1.221	1.501	0.904	-8.876	0.1		5	5	5	8	2493.87	2507.46	2507.46	2543.03	839.14	843.49	841.6	847.33
2020-11-17	1.27	1.234	1.456	-2.814	0.242		4	4	3	3	2543.03	2544.12	2533.34	2539.15	847.33	846.55	836.0	839.47
2020-11-18	-0.233	-0.542	-3.753	1.158	-0.193		1	1	1	2	2539.15	2548.85	2536.78	2545.64	839.47	842.55	840.43	851.74
2020-11-19	-0.998	-1.241	1.147	4.976	-0.502		-5	-5	-5	-4	2545.64	2536.89	2529.53	2547.42	851.74	851.68	849.72	859.94
2020-11-20	0.646	-0.164	-3.175	-3.062	-0.096		3	3	3	4	2547.42	2544.06	2539.79	2553.5	859.94	863.07	861.29	870.18
2020-11-23	-0.517	-0.897	-2.927	2.553	0.735		-1	-1	-1	1	2553.5	2560.04	2553.7	2602.59	870.18	872.22	868.6	873.29
2020-11-24	0.254	0.564	3.378	-4.388	-0.511		0	0	0	0	2602.59	2616.28	2605.03	2617.76	873.29	876.65	868.89	872.1
2020-11-25	1.501	1.692	2.917	-4.501	-0.2		4	5	1	3	2617.76	2637.34	2583.41	2601.54	872.1	877.35	855.28	865.12
2020-11-26	0.479	-0.158	-0.454	-1.802	0.0		1	1	1	3	2601.54	2605.73	2592.43	2625.91	865.12	868.6	861.05	874.53
2020-11-27	0.61	-0.076	-0.454	-1.802	0.416		1	1	1	2	2625.91	2624.8	2618.47	2633.45	874.53	876.37	875.45	885.56
2020-11-30	1.158	0.439	-4.1	-1.929	-0.417		5	5	3	3	2633.45	2648.05	2591.34	2591.34	885.56	890.65	885.65	886.11
2020-12-01	0.422	-0.246	0.238	-1.296	-0.573	0.489	1	2	1	3	2591.34	2613.42	2611.67	2634.25	886.11	889.53	883.24	891.29
2020-12-02	1.314	1.148	10.664	0.972	-0.382		2	2	2	5	2634.25	2645.88	2644.53	2675.9	891.29	894.94	891.61	899.34
2020-12-03	0.096	0.281	1.499	1.926	-0.64		0	0	0	2	2675.9	2686.38	2672.85	2696.22	899.34	901.61	900.09	907.61
2020-12-04	0.424	0.04	-2.954	0.52	0.0		2	2	2	3	2696.22	2705.34	2705.34	2731.45	907.61	909.99	908.24	913.76
2020-12-07	0.695	0.796	5.326	-2.303	-0.238		0	0	-1	1	2731.45	2738.11	2711.42	2745.44	913.76	914.15	910.36	926.88
2020-12-08	0.272	-0.41	-4.231	2.453	-0.219		1	1	-3	-3	2745.44	2745.13	2700.92	2700.93	926.88	927.69	906.31	906.84
2020-12-09	0.658	0.434	-1.616	-2.911	0.0		3	3	3	5	2700.93	2703.3	2703.3	2755.47	906.84	908.05	904.45	913.81
2020-12-10	-2.134	-0.877	3.067	7.689	0.373		-6	-6	-8	-5	2755.47	2750.34	2718.7	2746.46	913.81	913.02	905.76	921.7
2020-12-11	0.453	-0.088	-3.507	1.123	0.406		3	3	3	4	2746.46	2754.16	2754.16	2770.06	921.7	925.3	923.39	928.44
2020-12-14	0.078	0.324	-1.652	3.508	0.344		1	1	1	1	2770.06	2769.43	2755.29	2762.2	928.44	930.78	924.52	929.54
2020-12-15	0.534	-0.258	-0.112	6.049	0.0		0	0	-2	0	2762.2	2763.65	2735.08	2756.82	929.54	930.73	921.27	931.27
2020-12-16	1.308	1.38	3.475	-7.403	-0.042		3	3	3	4	2756.82	2763.64	2761.5	2771.79	931.27	932.41	932.41	939.65
2020-12-17	0.594	0.279	-0.325	-1.704	0.063		1	1	0	1	2771.79	2769.89	2742.25	2770.43	939.65	938.88	938.88	944.04
2020-12-18	0.789	0.582	1.087	-2.533	0.145		2	2	2	2	2770.43	2770.95	2762.8	2772.18	944.04	945.81	942.46	947.24
2020-12-21	-0.384	-0.566	1.935	-1.642	-1.141		-2	-2	-3	-2	2772.18	2771.98	2747.09	2778.65	947.24	948.64	940.98	953.58
2020-12-22	0.013	-0.411	-0.738	16.643	0.398		-3	-3	-7	-7	2778.65	2772.03	2733.64	2733.68	953.58	953.48	928.51	928.73
2020-12-23	0.472	-0.289	-2.444	-3.696	-0.489		2	2	1	3	2733.68	2737.74	2716.28	2759.82	928.73	932.25	918.44	923.17
2020-12-24	-0.212	0.176	4.031	-3.797	-0.062		-2	-2	-2	0	2759.82	2762.6	2762.6	2806.86	923.17	924.34	920.53	928.68
2020-12-28	0.041	0.002	-2.827	-7.636	0.0		2	2	2	2	2806.86	2820.95	2799.56	2808.6	928.68	930.07	923.96	927.0
2020-12-29	0.837	0.966	0.539	0.79	0.21		3	3	3	5	2808.6	2810.55	2792.06	2820.51	927.0	928.58	928.58	957.41
2020-12-30	-0.228	-0.102	0.214	6.359	0.271		-1	-1	-1	2	2820.51	2820.36	2809.35	2873.47	957.41	957.38	955.38	968.42
2021-01-04	0.169	0.644	-0.972	-0.088	-0.247		1	1	0	4	2873.47	2874.5	2869.11	2944.45	968.42	968.86	960.52	977.62
2021-01-05	-1.495	-1.401	0.0	18.549	-0.504		-6	-6	-8	-3	2944.45	2943.67	2921.84	2990.57	977.62	976.43	965.53	985.76
2021-01-06	1.002	0.688	4.144	-6.044	-0.22		2	2	0	1	2990.57	2993.34	2961.37	2968.21	985.76	987.25	977.37	981.39
2021-01-07	-0.279	0.892	9.11	-1.066	-0.198		-1	-1	-1	1	2968.21	2980.75	2980.75	3031.68	981.39	983.28	982.27	988.86
2021-01-08	2.556	1.544	2.783	-10.77	0.197		5	5	4	7	3031.68	3040.11	3040.11	3152.18	988.86	990.7	978.12	987.79
2021-01-11	0.999	0.497	3.175	-3.621	0.651		1	1	-3	0	3152.18	3161.9	3096.19	3148.45	987.79	988.38	953.36	976.63
2021-01-12	-1.147	-0.596	2.443	11.688	-0.134		-6	-6	-10	-7	3148.45	3145.87	3047.56	3125.95	976.63	977.14	956.72	973.72
2021-01-13	0.216	-0.024	0.53	-3.115	0.188		0	0	0	1	3125.95	3128.26	3109.63	3148.29	973.72	974.14	972.1	979.13
2021-01-14	0.457	0.352	-4.394	-4.801	-0.132		4	4	4	4	3148.29	3148.65	3128.72	3149.93	979.13	979.1	973.63	980.29
2021-01-15	-0.062	-0.329	3.768	4.683	0.429		-3	-3	-6	-6	3149.93	3153.84	3085.9	3085.9	980.29	981.72	963.09	964.44
2021-01-18	-0.87	-0.719	-2.834	4.688	0.0		-2	-2	-6	-6	3085.9	3079.9	3003.89	3013.93	964.44	963.18	940.11	944.67
2021-01-19	-1.089	-1.045	-2.834	4.688	-0.688		-4	-4	-5	-1	3013.93	3013.05	3011.32	3092.66	944.67	945.33	936.93	957.75
2021-01-20	1.871	0.979	-0.456	-4.519	0.283		5	6	5	8	3092.66	3115.04	3077.15	3114.55	957.75	959.52	959.52	977.66
2021-01-21	1.927	1.303	-0.183	-7.143	-0.582		5	5	5	6	3114.55	3123.27	3123.27	3160.84	977.66	979.82	975.62	981.4
2021-01-22	0.536	0.051	1.743	-1.205	-0.056		0	0	0	0	3160.84	3163.83	3140.6	3140.63	981.4	982.2	975.05	979.98
2021-01-25	0.153	-0.268	-1.623	2.767	-0.191		1	1	1	5	3140.63	3144.01	3142.8	3208.99	979.98	981.05	981.05	999.3
2021-01-26	0.569	0.271	-4.675	5.842	0.265		2	2	-1	0	3208.99	3203.96	3132.67	3140.31	999.3	1000.0	989.03	994.0
2021-01-27	0.413	-0.077	0.0	-0.733	0.285		1	1	0	0	3140.31	3143.46	3118.89	3122.56	994.0	996.42	984.37	985.92
2021-01-28	-3.013	-2.808	-2.5	61.642	-0.378		-5	-5	-9	-9	3122.56	3114.98	3046.64	3069.05	985.92	980.7	957.17	961.23
2021-01-29	0.274	0.738	4.241	-18.812	-0.363		1	1	-3	-3	3069.05	3078.73	2962.7	2976.21	961.23	963.58	918.68	928.73
2021-02-01	-2.48	-2.282	3.406	9.533	-0.402	0.982	-8	-8	-12	-4	2976.21	2976.81	2947.24	3056.53	928.73	927.92	918.92	956.92
2021-02-02	2.515	1.579	-1.464	-8.613	-0.131		5	5	5	6	3056.53	3065.56	3065.56	3096.81	956.92	958.85	953.72	963.81
2021-02-03	1.986	1.684	2.6	-15.476	0.53		5	5	5	6	3096.81	3108.42	3091.85	3129.68	963.81	965.99	958.47	970.69
2021-02-04	0.247	0.343	2.353	-10.368	0.485		1	1	-2	0	3129.68	3135.02	3068.46	3087.55	970.69	970.93	958.05	964.58
2021-02-05	1.321	1.079	0.707	-4.976	0.409		5	5	5	6	3087.55	3098.49	3081.78	3120.63	964.58	965.61	961.26	967.42
2021-02-08	0.76	0.615	2.722	-4.134	0.369		2	2	0	1	3120.63	3113.63	3085.59	3091.24	967.42	966.94	956.93	960.78
2021-02-09	0.952	0.804	-0.855	1.773	0.242		3	3	3	3	3091.24	3102.25	3084.67	3084.67	960.78	961.31	957.69	957.85
2021-02-10	0.273	0.061	-0.259	1.836	0.154		0	0	0	0	3084.67	3088.13	3064.25	3100.58	957.85	958.45	951.21	964.31
2021-02-15	0.497	0.471	3.627	-6.024	0.0		1	1	1	4	3100.58	3108.7	3108.7	3147.0	964.31	965.83	965.83	981.97
2021-02-16	0.676	0.611	3.627	-6.024	0.858		1	1	1	1	3147.0	3151.85	3145.84	3163.25	981.97	982.81	974.3	977.74
2021-02-17	-0.409	-0.025	8.25	7.461	0.316		-4	-4	-6	-5	3163.25	3162.95	3115.48	3133.73	977.74	977.93	970.55	979.77
2021-02-18	-0.586	-0.026	0.154	0.186	0.883		-1	-1	-4	-4	3133.73	3131.74	3086.66	3086.66	979.77	980.01	967.42	967.42
2021-02-19	-0.678	-0.416	-1.076	4.605	-0.529		-3	-3	-7	-3	3086.66	3089.96	3040.28	3107.62	967.42	967.65	944.74	965.11
2021-02-22	0.132	-0.121	4.507	-1.956	-0.608		-2	-2	-4	-4	3107.62	3114.03	3079.16	3079.75	965.11	965.55	953.48	954.29
2021-02-23	-2.44	-0.657	1.859	6.349	1.09		-5	-5	-8	-7	3079.75	3069.26	3035.46	3070.09	954.29	952.23	934.35	936.6
2021-02-24	-0.662	0.081	-0.584	-1.45	-0.616		-1	-1	-5	-5	3070.09	3070.58	2993.46	2994.98	936.6	936.8	906.31	906.31
2021-02-25	1.007	1.161	1.982	-7.659	0.269		4	5	5	8	2994.98	3026.47	3026.47	3099.69	906.31	910.15	910.15	936.21
2021-02-26	-3.747	-2.572	9.287	35.38	-0.11		-8	-8	-12	-12	3099.69	3089.49	2988.28	3012.95	936.21	930.54	904.18	913.94
2021-03-02	3.25	2.494	-0.959	-16.458	-0.676		6	6	6	8	3012.95	3021.68	3020.74	3043.87	913.94	919.17	914.49	923.17
2021-03-03	-1.647	-0.808	-2.144	3.212	-0.335		-2	-2	-2	0	3043.87	3041.2	3029.37	3082.99	923.17	922.52	920.07	930.8
2021-03-04	-2.701	-1.274	3.887	10.664	-0.326		-8	-8	-11	-9	3082.99	3076.88	3022.54	3043.49	930.8	929.09	916.75	926.2
2021-03-05	-2.271	-1.342	5.442	7.124	0.517		-7	-7	-11	-7	3043.49	3036.16	2982.45	3026.26	926.2	923.32	907.41	923.48
2021-03-08	1.951	2.36	0.258	-13.686	0.893		6	6	3	3	3026.26	3031.99	2992.64	2996.11	923.48	925.19	904.62	904.77
2021-03-09	-2.013	-0.222	2.703	3.285	-0.492		-3	-3	-7	-4	2996.11	2989.96	2929.36	2976.12	904.77	904.04	877.73	896.36
2021-03-10	3.867	1.551	-3.133	-5.654	-0.266		7	7	6	7	2976.12	2980.76	2951.53	2958.12	896.36	900.19	890.07	890.07
2021-03-11	0.323	0.892	-1.682	-6.117	0.403		3	3	3	7	2958.12	2964.3	2964.3	3013.7	890.07	890.97	890.97	908.01
2021-03-12	2.576	1.059	0.461	-2.881	-0.091		4	4	4	7	3013.7	3030.73	3030.73	3054.39	908.01	910.41	910.41	925.49
2021-03-15	-0.461	0.19	7.073	-5.568	-0.076		-2	-2	-2	-2	3054.39	3057.06	3036.14	3045.71	925.49	926.04	921.71	926.9
2021-03-16	1.098	0.637	-1.713	-3.19	-0.092		4	4	4	6	3045.71	3049.23	3049.23	3067.17	926.9	928.17	928.17	940.65
2021-03-17	0.265	-0.031	0.871	-1.198	-0.077		0	0	-1	0	3067.17	3067.76	3027.2	3047.5	940.65	941.2	935.11	943.78
2021-03-18	0.391	0.238	1.234	-2.83	-0.279		0	0	0	0	3047.5	3054.93	3054.93	3066.01	943.78	945.11	945.11	949.83
2021-03-19	-2.846	-1.291	5.424	12.22	-0.733		-8	-8	-10	-9	3066.01	3063.01	3022.49	3039.53	949.83	946.61	935.27	952.11
2021-03-22	0.742	-0.549	0.116	-2.919	0.212		0	0	0	0	3039.53	3040.01	3019.6	3035.46	952.11	953.04	948.77	955.38
2021-03-23	1.207	0.785	-2.771	-9.881	-0.439		6	6	4	4	3035.46	3038.25	3003.05	3004.74	955.38	956.1	945.97	946.31
2021-03-24	-0.782	-0.609	-2.732	7.521	-0.623		-2	-2	-3	-2	3004.74	2996.32	2971.04	2996.35	946.31	946.23	939.19	953.82
2021-03-25	-1.939	-0.495	-1.465	4.434	-0.621		-4	-4	-4	-4	2996.35	2995.67	2987.83	3008.33	953.82	953.26	948.34	954.99
2021-03-26	0.351	0.703	0.0	-6.557	-0.137		2	2	2	3	3008.33	3012.79	3012.79	3041.01	954.99	955.68	951.13	956.7
2021-03-29	1.31	1.6	2.85	-4.796	-0.066		4	4	4	4	3041.01	3047.71	3025.39	3036.04	956.7	956.88	952.22	954.1
2021-03-30	-0.366	0.071	3.675	9.968	0.65		-4	-4	-4	-3	3036.04	3038.44	3038.44	3070.0	954.1	954.54	954.54	958.06
2021-03-31	0.019	-0.271	0.291	-5.448	-0.165		1	1	1	1	3070.0	3073.39	3061.4	3061.42	958.06	958.38	954.17	956.17
2021-04-01	1.581	0.362	1.159	-1.071	0.558	0.529	2	2	1	4	3061.42	3073.77	3069.68	3087.4	956.17	956.87	954.93	965.78
2021-04-02	1.761	1.183	-3.837	-10.67	0.0		8	8	8	9	3087.4	3104.72	3101.6	3112.8	965.78	967.56	966.34	970.09
2021-04-05	1.933	1.681	-3.837	-10.67	0.081		8	8	8	8	3112.8	3121.23	3101.86	3120.83	970.09	971.04	966.52	969.77
2021-04-06	1.807	1.493	2.442	3.347	0.256		3	3	3	3	3120.83	3123.8	3110.19	3127.08	969.77	971.11	964.62	968.63
2021-04-07	0.025	-0.024	-3.721	1.173	-0.118		2	2	2	2	3127.08	3129.07	3125.33	3137.41	968.63	969.3	968.35	973.22
2021-04-08	0.048	0.252	-0.181	-5.298	-0.418		1	1	1	2	3137.41	3137.25	3122.09	3143.26	973.22	974.14	969.53	982.02
2021-04-09	1.308	0.642	-1.27	-1.224	0.268		3	3	3	3	3143.26	3146.51	3125.24	3131.88	982.02	983.4	983.4	989.39
2021-04-12	0.428	0.645	2.083	-1.534	0.051		1	1	1	2	3131.88	3134.88	3127.91	3135.59	989.39	992.31	990.32	1000.65
2021-04-13	-0.243	0.041	0.54	1.318	-0.101		0	0	0	2	3135.59	3138.21	3136.99	3169.08	1000.65	1001.0	1001.0	1010.37
2021-04-14	1.069	0.378	-3.104	-1.538	0.432		4	4	4	4	3169.08	3169.95	3162.12	3182.38	1010.37	1011.35	1009.34	1014.42
2021-04-15	-0.783	-0.275	0.924	2.042	-0.507		-1	-1	-1	-1	3182.38	3180.73	3178.99	3194.33	1014.42	1014.34	1008.8	1013.9
2021-04-16	1.22	1.115	-6.593	-2.472	-0.221		6	6	6	6	3194.33	3194.08	3185.67	3198.62	1013.9	1015.71	1014.4	1021.62
2021-04-19	-0.192	0.092	2.81	-1.931	-0.238		-1	-1	-1	-1	3198.62	3201.11	3193.4	3198.84	1021.62	1022.06	1020.58	1029.46
2021-04-20	-0.959	-0.513	1.78	6.4	0.142		-5	-5	-5	-5	3198.84	3198.31	3195.96	3220.7	1029.46	1029.18	1025.48	1031.88
2021-04-21	-1.317	-0.807	-2.436	8.039	-0.08		-3	-3	-6	-6	3220.7	3214.24	3165.49	3171.66	1031.88	1031.26	1019.59	1022.22
2021-04-22	1.026	0.757	0.128	-6.317	-0.391		4	4	4	4	3171.66	3174.52	3174.52	3177.52	1022.22	1023.65	1023.43	1025.71
2021-04-23	-0.896	-0.891	-0.639	6.914	0.358		-3	-3	-4	-3	3177.52	3173.47	3146.54	3186.1	1025.71	1024.29	1018.87	1026.82
2021-04-26	1.384	1.075	0.837	-7.376	-0.129		5	5	5	6	3186.1	3191.34	3191.34	3217.53	1026.82	1027.4	1025.73	1030.06
2021-04-27	0.965	0.226	0.191	1.789	0.097		2	2	1	1	3217.53	3218.3	3203.25	3215.42	1030.06	1030.29	1019.81	1021.01
2021-04-28	-0.326	0.008	3.312	-0.454	0.159		-2	-2	-5	-5	3215.42	3217.21	3176.55	3181.47	1021.01	1021.13	995.96	998.27
2021-04-29	0.307	0.119	-0.123	-1.595	-0.251		0	0	-1	0	3181.47	3184.75	3161.06	3174.07	998.27	999.01	983.73	990.69
2021-04-30	0.187	0.611	1.235	1.91	-0.2		1	1	-1	0	3174.07	3176.43	3143.38	3147.86	990.69	991.08	975.66	983.45
2021-05-03	-0.633	-0.552	-0.549	5.679	0.094		-3	-3	-6	-5	3147.86	3149.05	3120.7	3127.2	983.45	982.97	961.3	961.81
2021-05-04	-0.52	0.239	-1.471	-1.612	0.062		-1	-1	-3	-1	3127.2	3131.39	3109.78	3147.37	961.81	961.32	944.15	967.2
2021-05-06	-0.427	0.04	-0.503	-1.694	-0.549		-1	-1	-1	0	3147.37	3147.72	3133.64	3178.74	967.2	966.62	961.16	969.99
2021-05-07	0.494	0.894	-1.452	-3.969	0.294		2	2	2	3	3178.74	3179.63	3179.63	3197.2	969.99	970.96	970.96	978.3
2021-05-10	0.936	0.773	1.025	-9.244	1.032		5	5	5	8	3197.2	3201.46	3201.46	3249.3	978.3	979.38	979.38	992.8
2021-05-11	-2.849	-1.205	1.585	17.795	-0.031		-7	-7	-11	-9	3249.3	3239.92	3192.25	3209.43	992.8	991.41	974.1	978.61
2021-05-12	-0.278	-1.018	1.373	11.089	0.276		-4	-4	-8	-6	3209.43	3209.36	3138.04	3161.66	978.61	978.27	958.57	967.1
2021-05-13	-2.901	-2.274	4.372	26.328	-0.499		-8	-8	-12	-10	3161.66	3146.97	3103.88	3122.11	967.1	963.31	948.04	951.77
2021-05-14	0.676	1.351	-1.593	-16.165	0.016		6	6	6	8	3122.11	3131.35	3131.35	3153.32	951.77	953.91	953.91	966.72
2021-05-17	2.273	1.492	-1.978	-18.677	0.199		7	7	5	7	3153.32	3163.21	3121.32	3134.52	966.72	968.02	958.64	962.5
2021-05-18	-0.342	-0.223	0.306	4.838	0.091		-1	-1	-1	0	3134.52	3135.38	3135.38	3173.05	962.5	962.83	959.98	969.1
2021-05-20	-0.128	-0.386	2.497	3.936	0.047		-1	-1	-2	-1	3173.05	3174.53	3140.48	3162.28	969.1	968.35	962.78	971.13
2021-05-21	1.819	1.013	-2.911	-6.808	-0.258		6	6	6	6	3162.28	3171.91	3149.46	3156.42	971.13	972.3	965.55	965.63
2021-05-24	-0.641	-0.084	-0.122	-2.516	0.456		-1	-1	-2	-2	3156.42	3155.91	3137.81	3144.3	965.63	965.23	948.37	948.37
2021-05-25	1.568	1.122	-1.471	-8.685	-0.045		5	5	5	7	3144.3	3152.93	3148.3	3171.32	948.37	949.78	949.78	962.07
2021-05-26	0.073	-0.153	-2.736	2.391	-0.045		1	1	1	1	3171.32	3171.91	3160.3	3168.43	962.07	962.69	962.69	966.06
2021-05-27	0.608	0.188	0.639	-7.856	-0.076		2	2	1	3	3168.43	3170.84	3142.37	3165.51	966.06	967.01	960.64	974.08
2021-05-28	0.202	0.408	2.287	-3.571	0.15		0	0	0	1	3165.51	3172.09	3171.85	3188.73	974.08	974.55	973.76	977.46
2021-05-31	0.091	0.077	-1.801	0.119	0.0		1	1	1	1	3188.73	3192.06	3179.87	3203.92	977.46	979.0	979.0	981.78
2021-06-01	0.182	0.172	-1.801	0.119	0.543	2.867	1	1	-1	1	3203.92	3207.12	3199.18	3221.87	981.78	982.25	979.13	984.59
2021-06-02	-0.056	-0.049	2.151	6.802	0.399		-2	-2	-2	-2	3221.87	3224.4	3216.1	3224.23	984.59	985.5	977.74	981.1
2021-06-03	0.187	0.186	-1.486	-2.346	-0.102		0	0	0	2	3224.23	3224.96	3224.96	3247.43	981.1	981.52	981.52	990.19
2021-06-04	-1.012	-0.375	2.137	3.204	0.145		-3	-3	-4	-3	3247.43	3246.17	3218.67	3240.08	990.19	990.16	983.02	987.58
2021-06-07	1.516	0.978	-4.0	-8.98	-0.144		7	7	7	7	3240.08	3244.59	3233.4	3252.12	987.58	989.16	982.14	985.86
2021-06-08	0.622	-0.032	0.577	0.0	0.087		1	1	1	1	3252.12	3251.83	3242.56	3247.83	985.86	986.43	982.75	986.12
2021-06-09	0.322	0.012	-2.613	3.959	-0.057		1	1	0	0	3247.83	3245.08	3216.18	3216.18	986.12	986.59	978.79	978.79
2021-06-10	-0.075	-0.093	-2.552	4.804	-0.286		0	0	0	1	3216.18	3216.94	3210.31	3224.64	978.79	979.52	979.47	987.77
2021-06-11	0.893	0.501	-2.015	-10.006	-0.27		5	5	5	6	3224.64	3226.98	3226.98	3249.32	987.77	989.39	989.15	991.13
2021-06-14	0.384	0.248	0.206	-2.795	-0.367		0	0	0	0	3249.32	3249.6	3238.51	3252.13	991.13	992.8	991.93	997.41
2021-06-15	0.707	0.193	2.668	4.728	0.395		-1	-1	-1	-1	3252.13	3253.17	3247.9	3258.63	997.41	998.05	993.64	997.37
2021-06-16	-0.597	-0.166	-0.133	3.844	0.458		-1	-1	-1	-1	3258.63	3259.06	3256.68	3278.68	997.37	997.68	995.35	998.49
2021-06-17	-0.47	-0.746	4.67	6.639	-0.693		-5	-5	-6	-5	3278.68	3276.2	3251.32	3264.96	998.49	998.27	994.76	1003.72
2021-06-18	0.995	0.039	-3.697	-2.204	0.084		4	4	4	5	3264.96	3265.68	3262.58	3267.93	1003.72	1004.57	1004.57	1015.88
2021-06-21	-1.525	-2.381	-4.037	16.62	-0.168		-4	-4	-6	-5	3267.93	3264.18	3225.56	3240.79	1015.88	1014.59	1006.83	1010.99
2021-06-22	0.84	1.531	2.345	-13.575	-0.339		4	4	4	5	3240.79	3245.79	3245.79	3263.88	1010.99	1012.01	1008.11	1011.56
2021-06-23	0.901	0.542	-0.809	-6.875	-0.205		4	4	4	4	3263.88	3265.73	3263.07	3276.19	1011.56	1012.78	1012.78	1016.46
2021-06-24	0.215	-0.055	1.019	-2.041	0.274		0	0	0	0	3276.19	3281.47	3277.85	3286.1	1016.46	1017.11	1010.18	1012.62
2021-06-25	0.767	0.722	0.0	-2.145	0.027		2	2	2	2	3286.1	3289.18	3289.18	3302.84	1012.62	1013.97	1011.31	1012.13
2021-06-28	0.012	0.421	3.295	-2.192	-0.081		-1	-1	-1	-1	3302.84	3305.46	3291.3	3301.89	1012.13	1013.47	1013.47	1017.91
2021-06-29	0.921	0.231	-3.776	0.896	-0.178		4	4	3	4	3301.89	3305.26	3276.63	3286.68	1017.91	1019.64	1019.28	1022.52
2021-06-30	0.341	0.092	0.135	1.65	0.671		0	0	0	0	3286.68	3288.63	3288.63	3296.68	1022.52	1023.74	1023.74	1029.96
2021-07-01	-0.103	0.267	-2.5	-1.186	0.041	2.439	1	1	-1	1	3296.68	3297.92	3278.1	3282.06	1029.96	1030.48	1028.48	1035.64
2021-07-02	0.094	0.499	2.564	-2.211	-0.279		0	0	0	0	3282.06	3282.81	3278.19	3281.78	1035.64	1036.28	1033.94	1038.18
2021-07-05	0.805	0.75	-3.311	-2.649	0.0		4	4	4	5	3281.78	3285.29	3285.29	3293.21	1038.18	1039.79	1039.79	1047.33
2021-07-06	0.741	0.71	-3.311	-2.649	0.253		4	4	4	4	3293.21	3295.44	3295.44	3305.21	1047.33	1047.6	1043.51	1044.96
2021-07-07	0.092	-0.341	-4.263	9.091	0.654		0	0	-1	0	3305.21	3303.59	3277.66	3285.34	1044.96	1045.0	1042.42	1047.36
2021-07-08	0.076	0.393	-3.577	-1.46	-0.042		2	2	-1	0	3285.34	3287.68	3252.41	3252.68	1047.36	1047.96	1028.14	1034.48
2021-07-09	-0.731	-0.92	-2.498	17.284	0.439		-4	-4	-8	-5	3252.68	3245.52	3188.8	3217.95	1034.48	1031.78	1013.91	1028.93
2021-07-12	1.067	1.174	5.279	-14.842	0.241		4	4	4	5	3217.95	3227.51	3227.51	3246.47	1028.93	1030.36	1030.36	1034.64
2021-07-13	0.285	0.357	0.516	-0.062	0.108		0	0	0	2	3246.47	3253.24	3253.24	3271.38	1034.64	1035.68	1035.68	1043.31
2021-07-14	-0.345	-0.392	3.815	5.875	-0.106		-3	-3	-3	-3	3271.38	3270.09	3250.45	3264.81	1043.31	1043.5	1038.68	1044.98
2021-07-15	-0.201	0.088	-4.17	-4.614	-0.232		3	3	3	4	3264.81	3269.33	3263.09	3286.22	1044.98	1046.57	1046.57	1054.31
2021-07-16	-0.756	-0.424	-4.351	4.164	-0.237		-1	-1	-3	-1	3286.22	3282.89	3259.32	3276.91	1054.31	1053.85	1044.7	1051.98
2021-07-19	-0.766	-0.719	0.231	8.466	-0.446		-3	-3	-4	-4	3276.91	3258.87	3236.39	3244.04	1051.98	1049.51	1046.9	1049.83
2021-07-20	-0.691	-1.316	-9.154	21.951	0.271		-3	-4	-5	-3	3244.04	3223.24	3214.42	3232.7	1049.83	1040.99	1036.14	1043.64
2021-07-21	1.616	1.592	2.371	-12.311	-1.439		5	5	5	5	3232.7	3251.13	3215.91	3215.91	1043.64	1051.73	1041.44	1042.03
2021-07-22	0.978	0.928	5.873	-9.225	-0.114		4	4	4	5	3215.91	3235.17	3235.17	3250.21	1042.03	1046.51	1046.51	1050.25
2021-07-23	0.701	0.477	-1.172	-1.228	-0.278		2	2	2	2	3250.21	3253.44	3246.09	3254.42	1050.25	1053.01	1053.01	1055.5
2021-07-26	1.038	0.958	1.66	-2.77	0.153		3	3	1	2	3254.42	3265.99	3224.95	3224.95	1055.5	1059.91	1045.27	1047.63
2021-07-27	0.075	0.272	-0.778	2.209	0.431		0	0	0	0	3224.95	3244.43	3230.75	3232.53	1047.63	1050.87	1045.66	1046.55
2021-07-28	-1.695	-0.801	-3.292	10.125	0.349		-3	-3	-4	-4	3232.53	3226.06	3210.9	3236.86	1046.55	1043.19	1030.04	1035.68
2021-07-29	0.518	-0.019	2.188	-5.424	0.014		1	1	1	2	3236.86	3248.49	3232.5	3242.65	1035.68	1040.45	1039.26	1044.13
2021-07-30	-0.775	0.024	0.634	-3.332	-0.285		-1	-1	-3	-3	3242.65	3234.37	3202.32	3202.32	1044.13	1044.28	1029.19	1031.14
2021-08-02	-0.601	-0.381	-2.364	3.051	-0.054		0	0	0	0	3202.32	3218.42	3194.0	3223.04	1031.14	1033.17	1029.26	1037.8
2021-08-03	0.121	-0.093	-5.246	6.689	0.365		1	1	0	1	3223.04	3221.57	3213.2	3237.14	1037.8	1038.91	1029.05	1036.11
2021-08-04	0.492	0.701	0.17	-7.297	-0.34		3	3	3	5	3237.14	3246.65	3237.55	3280.38	1036.11	1038.96	1035.98	1047.93
2021-08-05	0.185	-0.429	0.68	-0.388	-0.132		-1	-1	-1	0	3280.38	3283.25	3273.33	3276.13	1047.93	1050.45	1050.32	1059.54
2021-08-06	0.775	0.572	2.787	-3.84	0.072		1	1	1	1	3276.13	3277.06	3261.93	3270.36	1059.54	1061.32	1055.64	1059.8
2021-08-09	-0.433	0.134	5.998	-6.539	-0.586		-2	-2	-2	-2	3270.36	3258.1	3251.74	3260.42	1059.8	1059.29	1054.58	1060.0
2021-08-10	0.188	-0.06	2.093	3.529	0.557		-1	-1	-3	-1	3260.42	3272.44	3232.46	3243.19	1060.0	1060.9	1048.98	1052.07
2021-08-11	-0.482	0.082	1.898	0.419	0.322		-2	-2	-3	-2	3243.19	3235.36	3217.65	3220.62	1052.07	1050.48	1048.7	1051.92
2021-08-12	-0.228	0.116	-0.969	-3.693	0.159		0	0	0	0	3220.62	3213.58	3202.11	3208.38	1051.92	1054.16	1052.21	1054.09
2021-08-13	0.355	0.443	2.859	-3.587	-0.261		0	0	-4	-2	3208.38	3205.75	3146.76	3171.29	1054.09	1054.28	1024.48	1040.78
2021-08-17	-0.213	0.217	-3.084	4.337	0.208		1	1	-2	-2	3171.29	3169.74	3134.48	3143.09	1040.78	1039.66	1009.21	1011.05
2021-08-18	-1.112	-0.858	0.08	11.104	-0.015		-5	-5	-6	-4	3143.09	3141.98	3124.56	3158.93	1011.05	1006.8	999.26	1021.08
2021-08-19	-0.951	-1.183	1.192	20.436	-1.344		-6	-6	-10	-10	3158.93	3140.01	3097.83	3097.83	1021.08	1013.93	991.13	991.15
2021-08-20	0.211	0.177	-2.435	0.464	0.565		1	1	-3	-2	3097.83	3111.1	3049.03	3060.51	991.15	997.02	964.02	967.9
2021-08-23	1.21	0.769	1.449	-14.352	-0.578		5	7	5	8	3060.51	3086.81	3064.65	3090.21	967.9	977.87	969.48	993.18
2021-08-24	1.696	0.975	-0.397	-7.597	-0.152		5	7	6	9	3090.21	3119.7	3115.23	3138.3	993.18	1002.19	1000.72	1013.18
2021-08-25	0.56	0.172	2.789	0.408	0.133		0	0	0	0	3138.3	3148.13	3124.25	3146.81	1013.18	1017.96	1006.98	1017.78
2021-08-26	0.166	0.239	4.031	-2.497	-0.527		-2	-2	-3	-2	3146.81	3151.3	3121.04	3128.53	1017.78	1020.85	1015.91	1020.44
2021-08-27	-0.565	-0.504	0.0	12.21	0.489		-4	-4	-4	-4	3128.53	3116.29	3106.97	3133.9	1020.44	1017.36	1014.1	1023.51
2021-08-30	1.27	0.953	-2.235	-13.004	0.815		7	8	7	8	3133.9	3160.87	3132.77	3144.19	1023.51	1030.65	1027.84	1031.84
2021-08-31	0.953	0.525	-2.058	-1.22	-0.043		4	4	4	6	3144.19	3144.49	3130.3	3199.27	1031.84	1032.77	1026.36	1038.33
2021-09-01	0.066	0.025	1.479	1.791	0.073	2.894	0	0	-2	0	3199.27	3195.67	3185.8	3207.02	1038.33	1038.09	1035.09	1045.98
2021-09-02	0.333	0.059	-0.153	-2.245	-0.437		0	0	-1	-1	3207.02	3198.03	3171.78	3175.85	1045.98	1048.15	1042.36	1047.19
2021-09-03	0.142	0.317	-0.614	1.862	-0.329		0	0	0	1	3175.85	3189.71	3181.64	3201.06	1047.19	1049.81	1047.12	1053.85
2021-09-06	0.211	-0.034	2.164	0.0	0.0		-1	-1	-1	-1	3201.06	3196.3	3186.79	3203.33	1053.85	1056.3	1049.27	1052.96
2021-09-07	0.24	-0.067	2.164	0.0	-0.26		-1	-1	-2	-1	3203.33	3200.07	3176.81	3187.42	1052.96	1054.03	1049.8	1054.43
2021-09-08	0.046	-0.378	3.631	10.542	0.029		-4	-4	-6	-6	3187.42	3178.74	3157.07	3162.99	1054.43	1053.46	1037.22	1037.22
2021-09-09	-0.634	-0.165	-2.628	-0.992	0.087		0	0	-3	-2	3162.99	3146.64	3111.49	3114.7	1037.22	1033.97	1027.64	1034.62
2021-09-10	-0.237	-0.483	-2.624	4.677	-0.249		-1	-1	-1	-1	3114.7	3121.09	3103.38	3125.76	1034.62	1035.86	1026.97	1037.91
2021-09-13	-0.799	-0.711	3.233	11.436	0.029		-6	-6	-7	-7	3125.76	3117.35	3109.01	3127.86	1037.91	1036.86	1023.98	1026.34
2021-09-14	0.035	0.373	-1.268	-7.542	0.27		1	1	1	2	3127.86	3137.32	3137.32	3148.83	1026.34	1029.57	1028.4	1037.74
2021-09-15	-0.394	-0.524	-3.55	0.465	0.426		1	1	1	1	3148.83	3147.21	3138.8	3153.4	1037.74	1039.57	1038.8	1042.79
2021-09-16	0.904	0.942	2.114	-6.578	0.055		4	4	3	3	3153.4	3165.38	3126.65	3130.09	1042.79	1047.85	1037.72	1039.43
2021-09-17	0.038	-0.228	2.071	2.805	0.014		-1	-1	-1	-1	3130.09	3127.75	3112.51	3140.51	1039.43	1040.73	1033.69	1046.12
2021-09-23	1.118	0.998	0.906	-14.327	-0.36		6	6	4	5	3140.51	3123.64	3107.98	3127.58	1046.12	1040.38	1036.25	1036.26
2021-09-24	1.022	1.236	5.539	-10.733	-0.082		4	4	4	4	3127.58	3140.73	3119.4	3125.24	1036.26	1040.43	1034.8	1037.03
2021-09-27	-0.029	0.152	3.546	-4.724	0.284		-1	-1	-1	-1	3125.24	3121.7	3119.26	3133.64	1037.03	1037.21	1031.93	1034.82
2021-09-28	-0.665	-0.351	1.644	5.69	-0.027		-3	-3	-6	-6	3133.64	3133.4	3095.72	3097.92	1034.82	1034.04	1012.51	1012.51
2021-09-29	-2.797	-1.944	3.369	23.934	-1.209		-8	-10	-12	-10	3097.92	3055.5	3030.6	3060.27	1012.51	994.61	989.07	1001.46
2021-09-30	-0.032	0.393	0.456	-2.968	-0.067		0	0	0	0	3060.27	3054.87	3046.43	3068.82	1001.46	1001.92	999.58	1003.27
2021-10-01	-0.306	-1.115	-0.779	2.571	0.12	1.416	-2	-2	-8	-6	3068.82	3056.21	3015.01	3019.18	1003.27	998.7	982.26	983.2
2021-10-05	-1.919	-1.194	0.135	8.815	-0.052		-5	-6	-9	-9	3019.18	2998.17	2940.59	2962.17	983.2	974.24	950.09	955.37
2021-10-06	1.297	1.052	3.241	-7.23	0.139		3	4	-1	-1	2962.17	2986.06	2908.3	2908.31	955.37	962.62	922.36	922.36
2021-10-07	0.533	0.439	-0.327	-1.408	-0.555		2	4	3	6	2908.31	2936.87	2927.6	2959.46	922.36	932.65	932.32	953.43
2021-10-08	1.116	0.841	3.084	-6.952	0.715		2	2	2	2	2959.46	2977.82	2949.01	2956.3	953.43	959.81	948.02	953.11
2021-10-12	-0.722	-0.761	0.561	6.553	-0.025		-3	-3	-6	-5	2956.3	2950.22	2901.51	2916.38	953.11	951.12	936.95	940.15
2021-10-13	-0.544	-0.547	-2.107	-0.75	-0.074		-1	-1	-1	1	2916.38	2913.34	2909.47	2944.41	940.15	939.4	939.28	953.47
2021-10-14	0.771	0.297	-1.962	-6.096	0.186		3	4	3	7	2944.41	2968.87	2962.33	2988.64	953.47	960.58	960.52	983.43
2021-10-15	1.904	1.797	-1.937	-9.549	0.209		7	8	7	8	2988.64	3012.62	2999.33	3015.06	983.43	990.24	981.83	990.54
2021-10-18	0.568	0.813	3.752	-3.321	0.389		0	0	-1	0	3015.06	3017.48	2990.44	3006.68	990.54	992.57	985.14	993.86
2021-10-19	0.831	0.298	0.508	0.061	-0.085		1	1	1	3	3006.68	3022.23	3014.19	3029.04	993.86	997.57	997.1	1005.35
2021-10-20	0.795	0.845	3.22	-3.74	0.458		0	0	0	0	3029.04	3043.13	3012.97	3013.13	1005.35	1009.11	1001.1	1001.62
2021-10-21	-0.179	0.3	0.061	-1.338	-0.346		0	0	-1	0	3013.13	3012.28	3002.74	3007.33	1001.62	1003.48	992.04	993.7
2021-10-22	0.003	0.041	2.445	-3.099	0.133		-1	-1	-1	-1	3007.33	3005.36	2996.26	3006.16	993.7	992.22	989.43	995.07
2021-10-25	-0.934	-0.278	-1.253	2.798	0.263		-2	-2	-4	-2	3006.16	3001.1	2983.29	3020.54	995.07	994.75	986.55	994.31
2021-10-26	1.21	0.623	-1.208	-1.231	-0.048		3	3	3	5	3020.54	3039.82	3030.53	3049.08	994.31	1000.32	1000.29	1011.76
2021-10-27	-0.023	0.149	-0.979	4.856	-0.307		-1	-1	-2	-2	3049.08	3045.83	3019.0	3025.49	1011.76	1012.91	1006.03	1008.95
2021-10-28	0.051	-0.412	-5.559	6.258	-0.496		0	0	-1	-1	3025.49	3023.17	3009.55	3009.55	1008.95	1008.93	999.59	1000.13
2021-10-29	0.854	0.754	2.551	-2.65	0.338		1	1	-1	0	3009.55	3025.67	2965.4	2970.68	1000.13	1004.91	991.03	992.33
2021-11-01	0.621	0.434	-0.702	-1.633	-0.251	2.221	2	2	0	2	2970.68	2984.18	2976.87	2978.94	992.33	995.56	994.28	998.57
2021-11-02	0.609	0.18	1.156	0.923	-0.214		1	1	1	3	2978.94	2995.58	2995.58	3013.49	998.57	1000.96	1000.96	1009.44
2021-11-03	0.322	0.319	-1.651	-2.316	-1.001		1	1	0	0	3013.49	3020.36	2969.01	2975.71	1009.44	1011.2	1003.66	1005.0
2021-11-04	1.033	0.63	1.937	-5.802	-0.841		3	4	2	3	2975.71	3000.92	2978.07	2983.22	1005.0	1012.62	995.73	1001.43
2021-11-05	0.84	0.386	-3.483	2.252	0.711		3	3	2	3	2983.22	3003.53	2953.96	2969.27	1001.43	1006.04	995.35	1001.35
2021-11-08	-0.163	0.123	-4.659	6.736	-0.172		1	1	-1	1	2969.27	2965.36	2930.9	2960.2	1001.35	999.08	988.36	1002.5
2021-11-09	-0.008	0.02	3.028	4.49	0.281		-3	-3	-3	-3	2960.2	2958.15	2949.17	2962.46	1002.5	1002.51	1002.51	1008.68
2021-11-10	-0.67	-0.425	-4.342	3.252	0.452		0	0	-3	-3	2962.46	2947.46	2924.36	2930.17	1008.68	1006.59	983.82	987.75
2021-11-11	-1.608	-0.758	8.939	5.343	0.086		-6	-6	-8	-6	2930.17	2911.41	2903.72	2924.92	987.75	981.42	979.68	992.65
2021-11-12	0.653	0.141	0.0	-5.713	-0.466		2	3	2	5	2924.92	2945.95	2938.27	2968.8	992.65	999.29	998.14	1009.07
2021-11-15	1.118	0.861	1.41	-7.758	-0.161		4	5	4	7	2968.8	2989.68	2979.96	2999.52	1009.07	1016.35	1016.16	1029.03
2021-11-16	0.022	0.036	2.592	1.228	0.062		-1	-1	-1	-1	2999.52	2995.68	2985.34	2997.21	1029.03	1029.35	1027.07	1035.46
2021-11-17	0.739	0.397	0.678	-0.728	-0.272		1	1	0	0	2997.21	3004.02	2957.7	2962.42	1035.46	1039.36	1028.02	1031.26
2021-11-18	-0.26	-0.282	-1.836	4.52	-0.026		0	0	-2	0	2962.42	2959.26	2937.53	2947.38	1031.26	1033.16	1018.13	1032.77
2021-11-19	0.587	0.418	-0.935	2.805	-0.316		2	2	2	4	2947.38	2951.06	2948.07	2971.02	1032.77	1032.07	1029.54	1041.92
2021-11-22	0.551	-0.001	-3.335	1.819	-0.46		3	3	1	3	2971.02	2983.38	2980.73	3013.25	1041.92	1043.55	1023.13	1032.31
2021-11-23	-1.158	-0.186	5.794	7.035	-0.378		-5	-5	-8	-7	3013.25	3013.16	2992.14	2997.33	1032.31	1024.33	1012.95	1013.72
2021-11-24	-0.574	0.118	2.585	1.095	-0.025		-2	-2	-3	-2	2997.33	3006.34	2981.02	2994.29	1013.72	1015.23	1003.19	1020.13
2021-11-25	0.444	0.229	-1.32	-4.128	0.0		2	2	1	2	2994.29	2996.74	2973.24	2980.27	1020.13	1023.41	1015.62	1015.66
2021-11-26	0.408	0.261	-1.32	-4.128	-0.064		2	2	-1	0	2980.27	2973.04	2930.31	2936.44	1015.66	1017.9	999.4	1005.89
2021-11-29	-2.259	-2.419	-9.909	54.037	1.585		-4	-7	-8	-6	2936.44	2906.15	2890.78	2909.32	1005.89	986.64	980.26	992.34
2021-11-30	2.052	1.454	3.239	-19.776	0.129		4	6	0	0	2909.32	2932.71	2822.73	2839.01	992.34	1003.04	960.84	965.63
2021-12-01	-1.007	-1.431	-5.686	18.423	1.254	0.953	-4	-3	-7	-1	2839.01	2860.12	2837.03	2899.72	965.63	969.9	949.86	977.15
2021-12-02	-1.687	-1.043	-0.624	14.454	0.092		-6	-8	-8	-4	2899.72	2874.64	2874.64	2945.27	977.15	967.34	961.98	977.43
2021-12-03	1.031	1.671	0.976	-10.186	1.504		6	6	6	9	2945.27	2935.93	2927.55	2968.33	977.43	981.65	977.91	998.47
2021-12-06	-1.933	-0.74	-7.251	9.732	1.147		-3	-4	-5	-3	2968.33	2954.82	2932.49	2973.25	998.47	990.07	980.87	991.87
2021-12-07	0.964	1.266	6.776	-11.379	0.331		4	4	4	4	2973.25	2973.84	2960.9	2991.72	991.87	996.89	991.07	996.64
2021-12-08	3.293	2.289	3.208	-19.463	-0.264		4	6	4	5	2991.72	3017.93	2995.34	3001.8	996.64	1006.61	1003.92	1006.04
2021-12-09	0.566	0.271	1.959	-9.091	0.221		2	2	2	4	3001.8	3007.0	3001.55	3029.57	1006.04	1009.29	1009.29	1022.87
2021-12-10	-1.647	-0.67	-1.458	8.442	-0.367		-4	-4	-6	-5	3029.57	3008.7	2998.29	3010.23	1022.87	1016.34	1010.02	1011.57
2021-12-13	0.681	0.96	0.134	-13.392	0.516		5	5	5	5	3010.23	3019.67	3000.51	3001.66	1011.57	1014.27	1005.96	1005.96
2021-12-14	-1.372	-0.844	-4.365	8.668	-0.238		-2	-2	-4	-2	3001.66	2983.95	2976.16	2987.95	1005.96	1001.11	996.85	1002.81
2021-12-15	-1.116	-0.731	0.983	7.779	-0.537		-4	-4	-4	-4	2987.95	2979.83	2973.0	2989.39	1002.81	1002.18	999.21	1003.52
2021-12-16	2.155	1.677	1.739	-11.878	0.861		5	7	5	5	2989.39	3013.26	2989.63	3006.41	1003.52	1013.05	1006.9	1007.86
2021-12-17	-2.459	-0.757	-2.802	6.636	-0.636		-3	-4	-5	-3	3006.41	2985.2	2984.19	3017.73	1007.86	1001.51	995.93	1001.26
2021-12-20	0.516	-1.556	-1.406	4.861	-1.115		-2	-2	-5	-5	3017.73	3001.33	2962.07	2963.0	1001.26	1001.17	990.51	990.51
2021-12-21	-0.905	-0.936	1.213	6.027	1.436		-5	-5	-6	-5	2963.0	2981.67	2955.9	2975.03	990.51	994.53	982.43	996.6
2021-12-22	2.398	1.799	4.792	-8.133	0.211		3	3	3	3	2975.03	2993.5	2976.65	2984.48	996.6	1004.1	999.05	1000.13
2021-12-23	1.242	1.082	-2.017	-11.328	0.371		7	7	7	7	2984.48	2998.02	2980.91	2998.17	1000.13	1004.45	1001.48	1003.31
2021-12-24	0.847	0.622	2.471	-3.596	0.0		1	1	1	1	2998.17	3009.48	3009.48	3012.43	1003.31	1008.05	1005.61	1007.42
2021-12-27	0.879	0.649	2.471	-3.596	-0.556		1	1	1	1	3012.43	3013.94	2999.3	2999.55	1007.42	1008.9	1006.87	1011.36
2021-12-28	1.427	1.347	-0.804	-1.559	0.529		4	4	4	5	2999.55	3006.77	2991.55	3020.24	1011.36	1016.29	1014.39	1027.44
2021-12-29	-0.41	-0.049	0.0	-0.792	0.079		-1	-1	-2	-2	3020.24	3002.9	2988.67	2993.29	1027.44	1028.46	1022.73	1028.05
2021-12-30	-0.135	0.145	4.186	-3.364	0.026		-2	-2	-2	-2	2993.29	2999.75	2975.74	2977.65	1028.05	1029.74	1021.59	1033.98
2022-01-03	-0.398	0.0	-0.198	-0.635	0.638		0	0	0	0	2977.65	2998.32	2979.42	2988.77	1033.98	1038.97	1030.57	1037.83
2022-01-04	1.275	0.622	7.672	-3.6	-0.079		1	1	0	1	2988.77	2991.97	2973.08	2989.24	1037.83	1041.07	1025.23	1031.66
2022-01-05	-1.393	-0.079	2.457	1.867	0.247		-3	-3	-7	-6	2989.24	2984.05	2936.73	2953.97	1031.66	1029.12	1007.84	1009.62
2022-01-06	-3.362	-1.95	2.218	16.677	-0.784		-7	-9	-10	-10	2953.97	2925.4	2915.38	2920.53	1009.62	993.6	979.83	980.3
2022-01-07	0.143	0.064	1.642	-0.608	0.201		-1	-1	-1	1	2920.53	2933.78	2933.1	2954.89	980.3	986.18	986.18	995.16
2022-01-10	-0.903	-0.33	2.193	-4.335	-0.025		-2	-2	-5	-4	2954.89	2947.37	2910.9	2926.72	995.16	992.49	976.41	980.38
2022-01-11	0.138	-0.117	0.508	3.412	0.243		0	0	-1	-1	2926.72	2930.93	2909.82	2927.38	980.38	982.44	962.91	969.92
2022-01-12	1.378	0.895	-1.91	-5.103	0.197		5	7	7	9	2927.38	2950.78	2950.31	2972.48	969.92	978.69	978.69	991.33
2022-01-13	0.317	0.345	-1.203	-4.291	0.218		1	1	0	0	2972.48	2979.91	2958.39	2962.09	991.33	994.55	981.31	983.25
2022-01-14	-2.417	-1.36	-0.812	15.267	-0.475		-6	-8	-9	-8	2962.09	2937.61	2914.73	2921.92	983.25	971.11	967.19	971.39
2022-01-17	0.587	0.082	3.565	-5.515	0.0		0	0	-3	-2	2921.92	2918.55	2875.98	2890.1	971.39	971.81	954.82	957.9
2022-01-18	0.722	0.324	3.565	-5.515	0.597		0	0	-2	-2	2890.1	2898.98	2857.26	2864.24	957.9	959.98	942.11	943.94
2022-01-19	-2.382	-1.697	5.248	18.76	1.381		-8	-10	-10	-10	2864.24	2840.34	2832.18	2842.28	943.94	935.06	929.15	933.9
2022-01-20	-1.09	-0.93	-2.038	4.651	-0.839		-4	-4	-4	-1	2842.28	2842.28	2830.97	2862.68	933.9	934.0	933.97	958.7
2022-01-21	-2.101	-1.562	0.328	7.296	-2.681		-4	-6	-8	-6	2862.68	2837.49	2817.11	2834.29	958.7	950.67	937.48	942.85
2022-01-24	-2.835	-1.914	-4.692	12.739	-0.27		-4	-5	-8	-7	2834.29	2823.76	2780.68	2792.0	942.85	935.13	911.02	915.4
2022-01-25	0.585	0.254	-0.687	3.64	1.008		1	1	-3	-3	2792.0	2786.41	2703.99	2720.39	915.4	920.95	883.17	889.44
2022-01-26	-3.66	-2.143	2.767	4.214	-0.397		-6	-6	-7	-7	2720.39	2729.75	2708.1	2709.24	889.44	892.01	881.68	882.09
2022-01-27	0.272	-0.063	3.646	2.567	-0.229		-2	-2	-6	-6	2709.24	2709.24	2614.49	2614.49	882.09	884.23	847.34	849.23
2022-01-28	-0.104	0.162	-2.219	-4.599	1.028		2	2	0	6	2614.49	2617.87	2591.53	2663.34	849.23	852.57	835.55	872.87
2022-02-03	-1.235	0.254	-1.889	0.592	-0.317		-1	2	1	3	2663.34	2706.34	2702.78	2707.82	872.87	887.85	887.02	891.6
2022-02-04	-1.82	-1.343	3.454	10.231	-0.089		-8	-8	-8	-5	2707.82	2714.83	2712.87	2750.26	891.6	888.51	886.93	902.87
2022-02-07	1.559	0.616	5.638	-4.641	-0.531		2	2	0	2	2750.26	2750.7	2718.94	2745.06	902.87	905.96	893.91	899.4
2022-02-08	-0.308	-0.186	-0.725	-1.55	0.35		0	1	-1	0	2745.06	2767.76	2726.72	2746.47	899.4	900.7	887.54	895.27
2022-02-09	1.355	0.984	1.983	-6.212	0.56		4	6	4	6	2746.47	2772.63	2753.51	2768.85	895.27	904.07	900.86	910.53
2022-02-10	2.244	1.55	-1.279	-6.903	0.39		5	5	3	4	2768.85	2787.44	2761.76	2771.93	910.53	914.65	893.21	895.68
2022-02-11	-2.122	-1.878	5.288	19.79	0.134		-8	-10	-11	-11	2771.93	2739.14	2735.08	2747.71	895.68	885.31	877.28	877.42
2022-02-14	-2.714	-1.846	-3.742	14.429	0.87		-4	-6	-8	-8	2747.71	2715.1	2688.24	2704.48	877.42	864.49	850.28	852.79
2022-02-15	0.026	-0.395	2.097	3.545	-0.66		-1	-1	-3	-3	2704.48	2712.45	2665.47	2676.54	852.79	855.62	837.83	839.92
2022-02-16	2.382	1.448	2.455	-9.283	0.152		5	9	8	9	2676.54	2719.61	2711.34	2729.68	839.92	857.54	857.54	878.15
2022-02-17	-0.164	-0.041	0.098	-5.486	-2.947		2	2	0	2	2729.68	2735.11	2711.99	2744.09	878.15	879.12	858.78	874.22
2022-02-18	-2.944	-2.112	-3.664	15.727	-0.142		-4	-6	-6	-3	2744.09	2714.52	2711.88	2744.52	874.22	862.19	860.81	881.71
2022-02-21	-1.23	-0.717	-2.028	-1.281	0.0		-2	-4	-6	-2	2744.52	2706.65	2694.9	2743.8	881.71	871.23	865.58	884.25
2022-02-22	-1.539	-1.16	-2.028	-1.281	0.747		-3	-5	-7	-6	2743.8	2705.08	2690.09	2706.79	884.25	869.08	865.23	868.11
2022-02-23	-0.757	-0.764	0.828	3.82	-0.661		-2	-1	-2	-1	2706.79	2727.43	2705.31	2719.53	868.11	873.32	870.25	877.33
2022-02-24	-2.743	-1.995	1.489	7.671	0.456		-5	-7	-9	-9	2719.53	2689.28	2642.63	2648.8	877.33	869.24	847.86	848.21
2022-02-25	2.937	1.093	-0.405	-2.257	0.55		4	7	5	7	2648.8	2678.47	2665.96	2676.76	848.21	864.72	863.47	872.98
2022-02-28	-0.336	0.399	0.863	-9.004	3.712		1	1	1	3	2676.76	2663.0	2658.25	2699.18	872.98	870.27	868.91	881.07
2022-03-02	-1.444	-1.431	-7.178	10.514	3.588		-5	-5	-5	-4	2699.18	2698.31	2692.24	2703.52	881.07	880.62	879.03	895.45
2022-03-03	1.322	1.682	9.256	-7.743	0.66		3	4	4	7	2703.52	2729.86	2726.35	2747.08	895.45	901.28	899.85	912.32
2022-03-04	-1.281	-0.359	-1.126	-0.846	0.269		-2	-2	-5	-4	2747.08	2736.58	2702.34	2713.43	912.32	908.47	896.84	900.96
2022-03-07	-2.209	-1.221	-6.508	4.921	4.884		-5	-7	-9	-9	2713.43	2680.17	2644.1	2651.31	900.96	889.95	878.45	881.54
2022-03-08	-3.907	-3.238	1.566	13.977	1.064		-7	-9	-11	-9	2651.31	2617.33	2605.81	2622.4	881.54	869.05	864.69	870.14
2022-03-10	3.91	2.658	4.06	-7.629	1.573		3	5	5	7	2622.4	2660.86	2660.86	2680.32	870.14	885.05	884.98	889.08
2022-03-11	-1.012	-0.4	3.234	-6.841	-0.028		-3	-3	-4	-4	2680.32	2665.95	2647.28	2661.28	889.08	888.57	887.28	891.71
2022-03-14	-1.653	-0.951	-0.348	1.72	0.082		-4	-4	-7	-6	2661.28	2654.93	2633.31	2645.65	891.71	893.18	870.81	872.44
2022-03-15	-1.765	-0.544	6.786	3.317	-0.709		-5	-5	-6	-6	2645.65	2630.31	2615.08	2621.53	872.44	870.33	866.47	871.22
2022-03-16	2.92	2.035	0.935	-6.106	-1.255		5	7	6	8	2621.53	2649.85	2630.03	2659.23	871.22	881.89	879.68	891.8
2022-03-17	4.098	2.525	1.296	-10.593	0.316		6	9	8	9	2659.23	2703.27	2694.51	2694.51	891.8	903.75	903.75	914.13
2022-03-18	0.96	0.844	0.183	-3.75	0.621		3	3	3	4	2694.51	2695.64	2688.71	2707.02	914.13	915.29	912.0	922.96
2022-03-21	4.24	2.315	-2.007	-7.012	0.411		6	6	5	5	2707.02	2717.81	2683.69	2686.05	922.96	926.86	917.93	918.4
2022-03-22	-0.263	0.058	7.775	-1.424	0.696		-2	-2	-2	-1	2686.05	2686.68	2686.58	2710.0	918.4	916.7	914.33	924.67
2022-03-23	1.954	1.108	2.505	-2.507	-2.604		4	4	4	5	2710.0	2727.12	2720.83	2735.05	924.67	929.35	927.02	930.57
2022-03-24	-1.211	-1.188	-2.191	2.746	-0.4		-3	-3	-5	-3	2735.05	2716.25	2705.14	2729.66	930.57	926.29	920.69	931.75
2022-03-25	1.942	1.517	0.862	-8.061	-0.525		5	5	5	5	2729.66	2740.83	2722.36	2729.98	931.75	936.94	933.09	934.69
2022-03-28	-0.157	0.479	6.45	-3.969	-0.86		-1	-1	-3	-2	2729.98	2721.22	2707.74	2729.56	934.69	934.18	926.55	927.11
2022-03-29	1.282	0.764	-0.602	-5.67	-2.35		5	5	5	6	2729.56	2745.62	2733.22	2741.07	927.11	932.86	930.34	937.83
2022-03-30	1.741	1.134	-3.109	-3.719	0.959		6	6	6	6	2741.07	2758.31	2740.02	2746.74	937.83	942.08	936.91	939.07
2022-03-31	-1.021	-0.564	-1.75	2.275	-0.343		-2	-2	-2	-2	2746.74	2743.24	2743.2	2757.65	939.07	936.66	936.2	944.53
2022-04-01	-1.199	-1.339	-1.315	6.363	0.947	5.131	-5	-5	-9	-5	2757.65	2745.85	2729.68	2739.85	944.53	940.49	936.86	940.57
2022-04-04	0.169	0.319	2.149	-4.523	-0.322		0	0	0	0	2739.85	2729.86	2722.45	2757.9	940.57	940.47	938.45	947.32
2022-04-05	1.843	0.776	1.472	-5.4	0.368		4	4	4	4	2757.9	2765.5	2750.5	2759.2	947.32	950.89	949.46	952.47
2022-04-06	-2.037	-1.122	5.97	13.247	-0.706		-8	-10	-10	-10	2759.2	2739.07	2730.66	2735.03	952.47	944.27	939.82	943.13
2022-04-07	-2.282	-1.072	2.074	5.088	0.966		-6	-7	-10	-8	2735.03	2714.7	2693.36	2695.86	943.13	936.92	925.91	927.95
2022-04-08	0.063	0.392	1.648	-2.489	1.187		-1	-1	-1	-1	2695.86	2706.64	2685.52	2700.39	927.95	931.98	924.73	934.73
2022-04-11	-1.215	-0.148	2.3	-1.81	0.142		-3	-3	-4	-4	2700.39	2687.54	2683.96	2693.1	934.73	932.48	920.75	921.83
2022-04-12	-2.136	-1.642	2.47	15.17	0.933		-7	-9	-10	-9	2693.1	2674.17	2658.4	2666.76	921.83	914.28	905.18	913.82
2022-04-13	-0.246	-0.256	-1.978	-0.451	0.308		1	1	1	4	2666.76	2677.53	2672.6	2716.49	913.82	915.89	913.92	927.31
2022-04-14	1.964	1.033	-1.394	-10.058	-0.048		6	6	6	6	2716.49	2719.34	2702.61	2716.71	927.31	930.69	925.61	928.01
2022-04-15	-2.144	-1.214	5.247	4.033	0.0		-7	-8	-9	-8	2716.71	2695.52	2685.01	2696.06	928.01	921.53	916.91	924.44
2022-04-18	-2.157	-1.157	5.247	4.033	0.075		-7	-7	-7	-7	2696.06	2685.04	2681.37	2693.21	924.44	921.69	917.53	918.23
2022-04-19	0.255	0.259	1.202	-2.335	-0.425		0	0	0	2	2693.21	2707.76	2705.32	2718.89	918.23	922.6	922.6	931.56
2022-04-20	1.364	1.196	1.782	-3.608	0.478		3	3	3	3	2718.89	2718.49	2702.84	2718.69	931.56	933.29	927.29	928.93
2022-04-21	-0.757	0.219	-2.506	-4.913	-0.243		1	1	1	1	2718.69	2725.71	2725.04	2728.21	928.93	930.45	929.54	929.68
2022-04-22	-2.13	-1.583	2.711	11.614	0.27		-7	-8	-9	-8	2728.21	2704.72	2690.48	2704.71	929.68	922.77	916.65	922.78
2022-04-25	-2.69	-2.967	-0.377	24.383	-0.676		-6	-8	-10	-10	2704.71	2676.67	2657.04	2657.13	922.78	909.53	899.83	899.84
2022-04-26	1.199	0.599	-2.753	-4.218	0.101		5	5	5	6	2657.13	2674.0	2663.83	2668.31	899.84	906.59	906.59	911.16
2022-04-27	-4.99	-3.318	-1.911	24.056	0.059		-5	-7	-9	-7	2668.31	2630.58	2615.5	2639.06	911.16	898.02	888.97	896.18
2022-04-28	1.385	0.993	1.659	-5.728	0.088		4	4	4	5	2639.06	2656.54	2638.37	2667.49	896.18	900.43	889.3	892.22
2022-04-29	1.315	1.553	1.597	-5.095	-0.18		4	4	4	6	2667.49	2669.18	2664.06	2695.05	892.22	895.64	894.62	904.75
2022-05-02	-3.858	-3.229	0.838	11.37	-0.659		-6	-8	-8	-6	2695.05	2669.21	2667.85	2687.45	904.75	894.03	892.54	901.82
2022-05-03	1.47	0.435	3.776	-3.174	-0.086		1	1	1	1	2687.45	2690.16	2680.46	2680.46	901.82	905.05	905.05	907.57
2022-05-04	0.477	0.532	-1.202	-9.555	1.064		4	4	3	3	2680.46	2690.45	2667.23	2677.57	907.57	911.16	899.34	900.06
2022-05-06	-4.795	-3.487	5.108	22.738	0.406		-8	-10	-12	-10	2677.57	2650.89	2635.97	2644.51	900.06	888.54	883.31	884.22
2022-05-09	-2.12	-1.35	1.859	-3.237	0.601		-5	-5	-8	-8	2644.51	2634.32	2606.08	2610.81	884.22	880.34	859.73	860.84
2022-05-10	-4.193	-3.06	-1.409	15.104	-0.427		-6	-8	-10	-6	2610.81	2590.13	2553.01	2596.56	860.84	848.08	831.59	856.14
2022-05-11	0.82	0.089	-2.793	-5.065	-0.762		3	3	3	4	2596.56	2586.52	2579.09	2592.27	856.14	853.73	852.23	866.34
2022-05-12	-2.891	-1.405	-2.406	-1.303	-0.076		-3	-5	-7	-7	2592.27	2569.5	2546.8	2550.08	866.34	855.46	833.24	833.66
2022-05-13	-0.408	-0.41	-3.56	-2.426	0.49		0	1	0	4	2550.08	2570.01	2565.96	2604.24	833.66	839.52	839.52	853.08
2022-05-16	4.029	2.518	4.189	-9.128	0.443		4	6	4	4	2604.24	2624.69	2593.61	2596.58	853.08	862.24	855.45	856.25
2022-05-17	-1.28	-0.463	-1.976	-4.849	-0.289		-1	-1	-1	1	2596.58	2603.58	2603.58	2620.44	856.25	857.28	856.3	865.98
2022-05-18	2.852	2.176	3.163	-4.987	1.121		3	3	3	3	2620.44	2634.75	2618.0	2625.98	865.98	872.19	868.28	871.57
2022-05-19	-4.965	-4.199	-2.763	18.621	-0.456		-5	-9	-9	-7	2625.98	2576.24	2568.54	2592.34	871.57	853.23	849.59	863.8
2022-05-20	-0.093	-0.513	-1.074	-5.2	-0.677		0	0	0	4	2592.34	2605.78	2605.38	2639.29	863.8	866.76	866.76	879.88
2022-05-23	-0.084	0.297	-2.382	0.273	-2.358		2	2	2	2	2639.29	2651.63	2634.29	2647.38	879.88	883.78	878.9	883.59
2022-05-24	0.592	1.352	2.583	-3.228	0.109		2	2	-2	-2	2647.38	2638.94	2605.87	2605.87	883.59	881.55	865.05	865.07
2022-05-25	-2.033	-0.571	-3.463	3.406	0.565		-1	-1	-1	0	2605.87	2621.75	2602.94	2617.22	865.07	869.19	861.92	872.69
2022-05-26	1.053	0.832	-0.399	-3.667	0.326		3	3	3	3	2617.22	2616.99	2602.01	2612.45	872.69	876.19	868.81	871.43
2022-05-27	2.437	1.785	0.255	-3.067	0.096		4	6	5	5	2612.45	2640.75	2631.49	2638.05	871.43	881.41	873.21	873.97
2022-05-30	3.326	2.474	-0.472	-6.473	0.0		5	7	6	7	2638.05	2662.31	2654.18	2669.66	873.97	882.17	881.46	886.44
2022-05-31	3.543	2.685	-0.472	-6.473	-0.096		5	5	5	5	2669.66	2666.88	2654.32	2685.9	886.44	888.44	884.11	893.36
2022-06-02	-0.729	-0.779	3.059	-1.909	-0.399		-4	-4	-5	-5	2685.9	2670.74	2653.59	2658.99	893.36	890.47	888.45	891.14
2022-06-03	2.706	1.903	-0.614	-3.776	0.582		4	5	4	4	2658.99	2679.57	2663.0	2670.65	891.14	897.08	890.2	891.51
2022-06-07	0.407	0.35	2.739	1.129	0.506		0	0	-4	-4	2670.65	2659.27	2622.78	2626.34	891.51	889.07	873.09	873.78
2022-06-08	0.7	0.76	-2.172	-4.188	0.318		4	4	4	4	2626.34	2633.53	2621.96	2626.15	873.78	877.77	873.61	874.95
2022-06-09	-0.657	-1.031	1.918	-0.25	0.262		-4	-4	-6	-4	2626.15	2618.92	2606.61	2625.44	874.95	873.22	867.2	877.18
2022-06-10	-2.531	-2.156	0.495	8.89	-0.041		-5	-7	-8	-7	2625.44	2596.37	2583.74	2595.87	877.18	869.1	865.96	869.86
2022-06-13	-4.132	-3.636	3.679	6.363	-0.398		-7	-11	-11	-11	2595.87	2550.21	2504.51	2504.51	869.86	852.74	828.76	828.77
2022-06-14	-4.346	-3.67	6.654	22.595	0.132		-8	-10	-12	-8	2504.51	2472.96	2457.39	2492.97	828.77	816.25	804.38	823.58
2022-06-15	0.314	-0.29	3.476	-3.909	0.118		-2	-2	-6	-6	2492.97	2490.01	2436.04	2447.38	823.58	822.27	795.42	799.41
2022-06-16	2.628	1.591	-2.527	-9.391	0.581		7	9	7	7	2447.38	2481.66	2447.33	2451.41	799.41	812.95	800.56	802.15
2022-06-17	-3.599	-2.999	-2.592	11.242	-0.434		-5	-8	-9	-5	2451.41	2409.72	2396.47	2440.93	802.15	787.97	780.96	798.69
2022-06-20	1.43	0.22	-2.056	-5.524	0.0		4	4	0	0	2440.93	2449.89	2372.35	2391.03	798.69	804.48	763.22	769.92
2022-06-21	3.246	0.773	-2.056	-5.524	0.931		5	5	5	7	2391.03	2402.99	2385.6	2408.93	769.92	774.8	764.69	778.3
2022-06-22	2.531	2.408	2.099	-3.02	-1.003		3	3	-1	-1	2408.93	2417.11	2342.81	2342.81	778.3	783.21	746.94	746.96
2022-06-23	-0.345	-0.17	-4.566	-4.107	-1.667		3	3	-1	0	2342.81	2347.84	2306.48	2314.32	746.96	747.49	714.38	714.38
2022-06-24	1.197	0.572	-2.788	0.345	-0.269		4	4	4	8	2314.32	2327.11	2319.99	2366.6	714.38	719.47	719.47	750.3
2022-06-27	3.318	3.024	1.858	-6.265	-0.372		4	6	4	7	2366.6	2383.2	2365.86	2401.92	750.3	758.0	754.62	770.6
2022-06-28	-0.419	-0.105	2.208	-1.028	0.557		-2	-2	-3	-1	2401.92	2405.2	2393.96	2422.09	770.6	770.69	759.83	769.51
2022-06-29	-2.923	-1.942	0.376	5.232	0.089		-5	-7	-9	-8	2422.09	2387.1	2375.45	2377.99	769.51	759.21	753.32	762.35
2022-06-30	-0.028	-0.032	-3.525	-0.705	-0.073		2	2	-2	-2	2377.99	2368.57	2332.59	2332.64	762.35	762.45	744.24	745.44
2022-07-01	-1.525	-1.074	-3.912	1.953	0.236	3.218	-2	-2	-8	-5	2332.64	2342.92	2291.49	2305.42	745.44	748.2	724.2	729.48
2022-07-04	0.899	1.055	-2.793	-7.001	0.0		5	5	2	4	2305.42	2310.73	2276.63	2300.34	729.48	733.35	712.53	722.73
2022-07-05	0.853	1.088	-2.793	-7.001	0.341		5	7	5	9	2300.34	2322.11	2309.62	2341.78	722.73	729.4	728.32	750.95
2022-07-06	1.846	0.263	-2.769	3.146	0.864		3	3	0	0	2341.78	2330.11	2290.33	2292.01	750.95	750.04	743.61	744.63
2022-07-07	0.527	0.5	3.702	-2.941	-0.315		0	2	1	3	2292.01	2308.97	2307.9	2334.27	744.63	750.98	750.67	757.97
2022-07-08	2.09	1.292	3.261	-2.432	-0.496		2	4	2	4	2334.27	2352.49	2348.74	2350.61	757.97	764.98	764.02	766.48
2022-07-11	0.102	-0.115	3.092	-5.521	0.0		-1	-1	-1	-1	2350.61	2357.43	2337.82	2340.27	766.48	767.89	763.14	767.04
2022-07-12	-2.121	-1.017	-3.547	6.209	-0.605		-3	-3	-7	-6	2340.27	2330.88	2303.74	2317.76	767.04	762.18	747.74	750.78
2022-07-13	-0.94	-0.892	-1.103	4.28	0.052		-4	-4	-4	-3	2317.76	2324.45	2312.49	2328.61	750.78	751.34	747.74	763.18
2022-07-14	-0.431	-0.676	-1.826	-1.722	0.28		-1	-1	-2	-1	2328.61	2316.41	2307.69	2322.32	763.18	762.54	757.99	766.08
2022-07-15	0.142	-0.181	1.928	-1.566	0.637		-1	-1	-3	-1	2322.32	2335.12	2293.45	2330.98	766.08	768.41	754.33	762.39
2022-07-18	2.088	2.269	-1.014	-8.22	-0.328		5	7	5	9	2330.98	2350.48	2344.12	2375.25	762.39	770.29	766.89	776.72
2022-07-19	-0.786	-0.712	1.024	4.416	-0.585		-3	-3	-3	-3	2375.25	2367.52	2359.59	2370.97	776.72	773.73	771.69	782.33
2022-07-20	3.569	3.004	1.993	-3.162	-0.595		3	5	3	4	2370.97	2406.29	2382.65	2386.85	782.33	792.94	788.02	790.72
2022-07-21	1.373	0.375	0.563	-2.531	-2.298		3	3	3	4	2386.85	2387.91	2387.91	2409.16	790.72	792.95	790.97	795.15
2022-07-22	0.722	0.655	-4.15	-3.224	0.166		4	4	3	4	2409.16	2405.37	2391.48	2393.14	795.15	796.58	789.73	789.75
2022-07-25	-1.701	-0.864	-4.364	-0.346	0.422		-1	-1	-1	-1	2393.14	2385.65	2385.65	2403.69	789.75	787.71	783.78	789.69
2022-07-26	-0.785	-0.146	1.329	1.433	-0.383		-1	-1	-1	-1	2403.69	2397.27	2395.17	2412.96	789.69	788.76	786.46	789.93
2022-07-27	-1.212	-0.746	-1.17	5.693	0.653		-4	-4	-4	-4	2412.96	2412.52	2396.19	2415.53	789.93	789.61	788.29	795.7
2022-07-28	3.754	2.554	-1.902	-5.873	0.936		6	8	6	7	2415.53	2437.57	2429.07	2435.27	795.7	802.5	796.48	798.32
2022-07-29	2.517	1.987	-1.939	-3.916	0.913		5	6	5	5	2435.27	2453.53	2442.01	2451.5	798.32	802.97	801.05	803.62
2022-08-01	1.949	1.518	-1.455	-4.478	-0.162	3.867	5	5	3	5	2451.5	2444.05	2437.13	2452.25	803.62	804.15	801.4	807.61
2022-08-02	-0.085	-0.301	-1.363	7.079	-0.149		-1	-1	-3	-1	2452.25	2451.0	2428.76	2439.62	807.61	807.69	799.36	804.34
2022-08-03	-0.191	-0.587	5.18	4.772	-0.625		-4	-4	-4	-2	2439.62	2438.56	2433.12	2461.45	804.34	804.17	803.2	815.36
2022-08-04	2.402	1.419	0.255	-8.274	0.32		5	5	5	6	2461.45	2478.44	2465.32	2473.11	815.36	820.06	820.06	825.16
2022-08-05	0.416	-0.084	-2.62	-2.323	-0.542		2	2	2	3	2473.11	2481.43	2480.05	2490.8	825.16	826.23	826.23	831.64
2022-08-08	-0.503	-0.09	6.129	-1.353	-0.618		-3	-3	-3	-3	2490.8	2481.17	2477.76	2493.1	831.64	829.77	825.94	830.86
2022-08-09	0.071	0.039	-2.641	0.662	-0.077		1	1	1	1	2493.1	2493.57	2481.36	2503.46	830.86	831.13	826.45	833.65
2022-08-10	-1.049	-0.322	1.157	2.255	0.011		-2	-2	-4	-4	2503.46	2493.7	2478.21	2480.88	833.65	829.29	820.27	820.27
2022-08-11	2.802	2.147	-0.393	-9.325	-0.413		6	8	8	9	2480.88	2507.74	2506.41	2523.78	820.27	831.99	828.27	832.15
2022-08-12	-0.335	0.155	3.661	2.33	-0.265		-2	-2	-2	-2	2523.78	2519.66	2514.31	2527.94	832.15	831.18	826.72	831.63
2022-08-16	0.572	0.31	-2.036	2.151	-1.655		2	2	2	2	2527.94	2543.05	2532.2	2533.52	831.63	835.2	831.69	834.74
2022-08-17	-0.196	0.222	1.182	-1.303	0.659		0	0	-2	-1	2533.52	2536.57	2512.01	2516.47	834.74	834.91	825.46	827.42
2022-08-18	-1.183	-0.659	2.443	1.067	-0.817		-4	-4	-6	-4	2516.47	2499.3	2488.09	2508.05	827.42	822.71	817.52	826.06
2022-08-19	0.292	0.239	-0.449	-1.709	-0.122		0	0	-1	-1	2508.05	2510.72	2492.69	2492.69	826.06	827.25	814.17	814.17
2022-08-22	-2.323	-1.538	3.785	5.317	-1.234		-7	-9	-10	-10	2492.69	2467.38	2457.08	2462.5	814.17	806.9	795.87	795.87
2022-08-23	-2.361	-2.001	1.606	15.534	0.355		-7	-7	-9	-9	2462.5	2449.31	2431.83	2435.34	795.87	789.95	781.92	783.42
2022-08-24	-0.037	-0.278	0.56	1.303	0.043		0	0	0	1	2435.34	2446.18	2430.69	2447.45	783.42	788.36	782.97	793.14
2022-08-25	0.516	0.436	1.703	-5.35	0.485		2	2	2	4	2447.45	2459.79	2455.32	2477.26	793.14	795.18	794.16	807.37
2022-08-26	1.654	1.344	-2.576	-4.557	0.584		6	6	6	6	2477.26	2489.14	2476.75	2481.03	807.37	810.33	801.84	802.45
2022-08-29	-5.01	-4.243	0.297	17.355	-0.107		-6	-10	-10	-10	2481.03	2432.06	2417.01	2426.89	802.45	780.48	775.33	779.89
2022-08-30	-0.936	-0.555	2.471	2.543	-0.113		-4	-4	-4	-1	2426.89	2441.21	2433.48	2450.93	779.89	783.99	783.99	797.02
2022-08-31	-1.061	-1.109	0.0	0.0	0.731		-4	-5	-5	-2	2450.93	2433.47	2426.14	2472.05	797.02	792.33	791.01	807.04
2022-09-01	-0.567	-0.744	0.74	-1.297	-0.804	7.759	-2	-3	-8	-6	2472.05	2443.0	2415.61	2415.61	807.04	800.74	788.13	788.32
2022-09-02	-0.218	0.268	4.213	-1.198	-0.058		-2	-2	-2	-2	2415.61	2427.7	2402.67	2409.41	788.32	793.11	784.67	785.88
2022-09-05	-1.309	-1.074	-2.205	-0.352	0.0		-3	-3	-5	-5	2409.41	2410.07	2392.63	2403.68	785.88	784.83	768.82	771.43
2022-09-06	-1.257	-0.959	-2.205	-0.352	-0.035		-3	-3	-3	-2	2403.68	2409.72	2399.26	2410.02	771.43	774.23	774.23	779.46
2022-09-07	-0.733	-0.486	4.604	5.654	0.058		-5	-5	-9	-7	2410.02	2395.66	2365.35	2376.46	779.46	776.82	765.08	768.19
2022-09-08	2.176	1.834	-2.246	-8.436	-0.037		6	8	7	7	2376.46	2393.27	2379.06	2384.28	768.19	776.59	775.31	777.81
2022-09-13	1.498	1.241	1.235	4.739	0.353		3	5	5	7	2384.28	2418.59	2418.59	2449.54	777.81	790.89	790.83	796.79
2022-09-14	-5.045	-4.184	1.785	14.244	0.722		-7	-11	-11	-10	2449.54	2390.47	2381.5	2411.42	796.79	775.93	770.05	782.93
2022-09-15	0.88	0.529	-0.292	-4.07	0.486		3	3	3	3	2411.42	2416.01	2401.83	2401.83	782.93	786.33	780.31	781.38
2022-09-16	-1.886	-1.478	1.377	0.42	0.071		-4	-4	-6	-6	2401.83	2387.56	2371.11	2382.78	781.38	776.49	768.7	770.04
2022-09-19	-0.008	-0.247	-0.318	0.114	0.117		0	0	-3	-3	2382.78	2388.73	2352.76	2355.66	770.04	771.52	750.64	751.91
2022-09-20	0.937	0.832	1.218	-2.053	-0.14		3	5	3	4	2355.66	2373.64	2359.84	2367.85	751.91	758.35	757.33	760.35
2022-09-21	-0.754	-0.972	2.321	5.435	-0.237		-5	-5	-7	-6	2367.85	2351.54	2341.79	2347.21	760.35	757.13	750.14	754.89
2022-09-22	-2.209	-2.033	-1.708	3.056	0.157		-3	-5	-7	-3	2347.21	2319.7	2309.1	2332.31	754.89	746.82	736.11	751.41
2022-09-23	-1.209	-0.704	5.641	-2.287	0.06		-5	-5	-9	-9	2332.31	2331.33	2285.71	2290.0	751.41	749.87	728.29	729.36
2022-09-26	-1.922	-1.824	-0.297	9.397	0.622		-6	-8	-10	-10	2290.0	2260.8	2215.36	2220.94	729.36	719.6	690.6	692.37
2022-09-27	-0.605	-1.089	4.896	7.821	-0.313		-6	-6	-8	-5	2220.94	2224.39	2197.9	2223.86	692.37	694.53	681.59	698.11
2022-09-28	0.486	-0.007	2.218	1.054	-0.535		0	-1	-4	-4	2223.86	2206.15	2151.6	2169.29	698.11	696.38	668.3	673.87
2022-09-29	1.95	1.92	-6.534	-7.423	-0.304		7	10	7	7	2169.29	2197.75	2170.14	2170.93	673.87	686.63	675.07	675.07
2022-09-30	-2.916	-2.051	1.134	5.5	0.628		-5	-6	-9	-6	2170.93	2161.11	2134.77	2155.49	675.07	668.26	661.65	672.65
2022-10-04	2.522	2.758	-4.022	-4.807	-0.49		7	11	9	11	2155.49	2189.51	2180.84	2209.38	672.65	685.19	683.63	696.79
2022-10-05	3.247	2.999	-0.931	-3.422	-0.173		4	7	2	3	2209.38	2248.85	2204.03	2215.22	696.79	706.76	683.15	685.34
2022-10-06	-0.212	-0.156	3.926	-1.789	0.365		-2	-2	-2	1	2215.22	2230.43	2223.36	2237.86	685.34	690.48	690.48	706.01
2022-10-07	-1.085	-1.317	1.782	6.9	0.543		-6	-7	-8	-7	2237.86	2217.84	2215.08	2232.84	706.01	700.71	697.59	698.49
2022-10-11	-1.013	-0.763	0.129	3.476	0.011		-3	-7	-7	-7	2232.84	2193.02	2174.06	2192.07	698.49	685.3	667.63	669.5
2022-10-12	-0.823	-0.437	1.312	3.636	-0.761		-2	-2	-3	-2	2192.07	2191.35	2181.65	2202.47	669.5	669.59	663.6	671.67
2022-10-13	0.083	-0.113	-0.939	-0.178	-0.218		0	0	-4	-4	2202.47	2198.29	2162.87	2162.87	671.67	669.36	650.39	651.59
2022-10-14	2.056	2.556	1.281	-4.856	0.18		5	9	8	9	2162.87	2200.66	2193.63	2212.55	651.59	665.17	665.17	678.24
2022-10-17	-3.301	-2.547	1.468	0.25	-0.023		-4	-6	-8	-4	2212.55	2187.17	2177.66	2219.71	678.24	667.61	664.83	682.0
2022-10-18	3.893	3.109	0.125	-2.03	0.281		4	6	4	7	2219.71	2249.15	2220.71	2249.95	682.0	692.39	685.9	697.09
2022-10-19	1.99	1.866	-0.423	-2.773	1.05		4	4	3	3	2249.95	2249.35	2234.59	2237.44	697.09	697.94	689.67	690.56
2022-10-20	-1.026	-0.647	3.227	0.852	0.456		-5	-5	-9	-7	2237.44	2225.53	2200.44	2218.09	690.56	688.44	675.89	680.44
2022-10-21	-0.881	-0.727	2.399	-2.536	-1.058		-3	-3	-4	-4	2218.09	2210.59	2204.64	2213.12	680.44	678.16	674.48	674.48
2022-10-24	2.617	2.558	-0.308	-0.967	0.223		4	7	6	7	2213.12	2248.26	2229.85	2236.16	674.48	686.43	686.43	688.5
2022-10-25	0.638	1.031	0.498	0.539	0.355		3	3	3	3	2236.16	2237.04	2230.75	2235.07	688.5	690.77	686.21	688.85
2022-10-26	0.513	0.871	-2.976	-4.657	-0.293		4	4	3	3	2235.07	2240.7	2234.49	2249.56	688.85	690.67	683.14	683.17
2022-10-27	-2.284	-0.654	-2.264	-4.146	0.398		-1	0	-1	2	2249.56	2266.07	2262.02	2288.78	683.17	686.41	686.41	695.09
2022-10-28	-2.627	-1.165	-1.943	0.403	-0.46		-3	-3	-5	-5	2288.78	2276.73	2266.44	2268.4	695.09	690.71	687.19	687.63
2022-10-31	2.918	2.469	1.854	-5.988	0.557		4	6	4	6	2268.4	2293.75	2273.73	2293.61	687.63	694.69	689.97	695.33
2022-11-01	-0.962	-0.72	1.671	0.505	-0.116	0.3	-4	-4	-4	-2	2293.61	2301.58	2297.57	2335.22	695.33	695.45	693.92	700.05
2022-11-02	-0.989	-0.488	-0.613	-0.27	0.283		-3	-3	-3	-3	2335.22	2326.05	2323.37	2336.87	700.05	697.4	694.94	697.37
2022-11-03	-3.42	-2.553	0.173	0.194	-0.722		-4	-7	-8	-4	2336.87	2297.45	2296.44	2329.17	697.37	685.42	683.74	694.13
2022-11-04	-1.877	-1.159	1.601	-2.166	-0.306		-5	-5	-6	-4	2329.17	2325.85	2316.29	2348.43	694.13	691.69	684.99	693.89
2022-11-07	0.327	0.581	0.776	-2.964	-1.738		1	1	1	3	2348.43	2360.22	2354.22	2371.79	693.89	696.22	695.1	700.48
2022-11-08	0.868	0.896	1.396	-0.815	0.087		2	2	2	5	2371.79	2387.2	2375.67	2399.04	700.48	703.36	703.36	713.33
2022-11-09	0.444	0.488	-2.088	4.887	-0.382		2	2	2	3	2399.04	2408.54	2403.64	2424.41	713.33	715.19	711.15	714.6
2022-11-10	-2.383	-2.038	0.606	2.153	0.023		-4	-6	-6	-6	2424.41	2405.77	2401.99	2402.23	714.6	708.49	705.7	707.78
2022-11-11	7.673	5.846	-7.757	-9.812	-0.231		8	12	12	12	2402.23	2466.9	2463.51	2483.16	707.78	727.22	724.53	731.22
2022-11-14	1.401	0.518	-0.418	-4.292	0.067		4	4	4	4	2483.16	2485.18	2470.6	2474.65	731.22	732.29	728.81	729.54
2022-11-15	-0.835	-0.673	1.364	5.373	-0.722		-3	-3	-3	-1	2474.65	2482.76	2463.65	2480.33	729.54	730.33	730.33	744.96
2022-11-16	1.262	0.684	-1.708	3.413	-0.035		4	4	2	4	2480.33	2487.0	2446.79	2477.45	744.96	746.55	737.87	743.1
2022-11-17	-1.213	-0.605	-2.817	-1.752	-0.432		-2	-2	-4	-3	2477.45	2466.5	2442.9	2442.9	743.1	740.62	735.04	737.54
2022-11-18	-0.028	-0.176	2.248	-0.747	0.551		-1	-1	-2	-1	2442.9	2448.13	2442.87	2444.48	737.54	738.34	731.53	731.92
2022-11-21	0.138	0.438	1.139	-3.385	0.275		1	1	-2	-2	2444.48	2446.05	2409.36	2419.5	731.92	733.0	717.55	718.57
2022-11-22	-1.091	-0.395	0.183	-3.287	0.615		-2	-2	-4	-3	2419.5	2405.96	2401.5	2405.27	718.57	716.24	711.92	712.26
2022-11-23	1.249	1.352	-1.752	-4.785	0.161		6	8	7	8	2405.27	2424.36	2407.58	2418.01	712.26	718.29	718.29	725.59
2022-11-24	0.993	0.591	-1.384	-4.415	0.0		4	5	4	6	2418.01	2437.51	2428.12	2441.33	725.59	729.41	729.41	738.22
2022-11-25	1.121	0.734	-1.384	-4.415	-0.552		4	4	4	4	2441.33	2442.21	2433.57	2437.86	738.22	737.46	732.48	733.56
2022-11-28	-0.96	-0.332	-0.405	0.737	-0.459		-2	-2	-5	-5	2437.86	2425.05	2401.95	2408.27	733.56	731.81	717.13	717.9
2022-11-29	-1.5	-1.5	0.325	8.341	-0.906		-5	-5	-5	-3	2408.27	2405.54	2401.1	2433.39	717.9	715.02	713.26	727.54
2022-11-30	-0.636	-0.153	1.215	-1.441	1.023		-1	-1	-1	1	2433.39	2424.44	2421.42	2472.53	727.54	726.56	722.4	729.54
2022-12-01	4.716	3.419	-1.201	-5.984	-0.186	3.596	5	7	4	6	2472.53	2501.43	2474.33	2479.84	729.54	740.97	739.16	740.6
2022-12-02	-0.065	-0.191	-4.699	-3.596	0.308		2	2	-1	-1	2479.84	2471.5	2434.33	2434.33	740.6	740.13	732.41	732.95
2022-12-05	-0.264	-0.156	-0.652	-3.931	0.012		0	0	-1	0	2434.33	2442.17	2413.05	2419.32	732.95	736.45	731.07	733.32
2022-12-06	-1.88	-1.727	2.653	8.867	0.546		-6	-8	-9	-9	2419.32	2397.7	2390.2	2393.16	733.32	726.32	719.29	719.44
2022-12-07	-2.002	-1.453	-2.39	6.843	0.404		-4	-4	-5	-4	2393.16	2385.87	2377.98	2382.81	719.44	715.63	711.63	718.14
2022-12-08	-0.594	-0.212	-2.989	2.3	0.514		0	0	-2	0	2382.81	2386.9	2357.2	2371.08	718.14	718.37	711.08	712.52
2022-12-09	1.092	0.727	2.435	-1.72	0.546		2	2	2	4	2371.08	2382.73	2367.25	2389.04	712.52	717.24	712.4	719.49
2022-12-12	-0.843	-0.818	2.177	2.423	1.084		-3	-3	-4	-3	2389.04	2373.58	2368.47	2373.02	719.49	716.88	714.26	715.22
2022-12-13	1.089	1.365	1.234	9.505	0.164		2	2	2	2	2373.02	2385.05	2364.87	2372.4	715.22	717.64	712.21	715.16
2022-12-14	1.008	0.717	-3.046	-9.8	-0.159		7	7	7	10	2372.4	2380.81	2379.44	2399.25	715.16	718.17	718.17	729.0
2022-12-15	-0.695	-0.449	0.057	-6.253	0.116		-1	-1	-4	-4	2399.25	2383.83	2360.95	2360.97	729.0	725.32	721.46	722.68
2022-12-16	-3.288	-2.659	-1.513	7.994	0.342		-4	-6	-6	-4	2360.97	2329.75	2326.83	2360.02	722.68	711.33	710.2	717.41
2022-12-19	-0.957	-1.048	0.928	-0.92	0.283		-4	-4	-5	-4	2360.02	2350.78	2342.28	2352.17	717.41	716.8	714.63	717.22
2022-12-20	-1.585	-0.972	2.843	-0.884	0.678		-5	-5	-8	-8	2352.17	2344.73	2324.66	2333.29	717.22	715.13	701.44	703.13
2022-12-21	0.285	0.312	2.876	-4.193	-0.131		0	0	0	0	2333.29	2346.39	2325.78	2328.95	703.13	708.13	701.61	705.7
2022-12-22	1.737	1.724	0.0	-6.564	0.179		5	5	5	7	2328.95	2340.0	2335.75	2356.73	705.7	710.47	709.52	715.02
2022-12-23	-2.117	-1.426	-0.407	9.467	0.89		-6	-8	-10	-10	2356.73	2325.86	2311.9	2313.69	715.02	704.93	691.25	691.25
2022-12-26	0.208	0.587	2.235	-5.007	0.0		1	1	1	1	2313.69	2312.54	2304.2	2317.14	691.25	691.94	686.8	694.68
2022-12-27	0.467	0.8	2.235	-5.007	0.427		2	2	2	3	2317.14	2327.52	2321.48	2332.79	694.68	697.25	697.25	704.19
2022-12-28	-1.375	-0.327	2.906	3.737	0.453		-3	-5	-7	-6	2332.79	2296.45	2276.9	2280.45	704.19	699.24	691.01	692.37
2022-12-29	-1.231	-1.11	0.699	2.263	-0.177		-4	-4	-8	-8	2280.45	2265.73	2236.38	2236.4	692.37	691.35	675.8	679.29
2023-01-02	-0.111	-0.254	1.147	1.073	0.0		0	0	-1	-1	2236.4	2249.95	2222.37	2225.67	679.29	683.84	670.38	671.51
2023-01-03	0.799	0.627	1.147	1.073	0.386		2	2	-1	2	2225.67	2230.98	2180.67	2218.68	671.51	672.18	660.32	674.95
2023-01-04	-0.798	-0.485	-2.217	5.676	0.416		-2	-2	-4	1	2218.68	2205.98	2198.82	2255.98	674.95	670.18	667.3	683.67
2023-01-05	0.593	0.664	-2.215	-3.886	0.563		3	3	2	3	2255.98	2268.2	2252.97	2264.65	683.67	685.78	677.77	679.92
2023-01-06	-1.297	-1.06	0.297	2.045	0.407		-4	-4	-4	-2	2264.65	2253.4	2253.27	2289.97	679.92	677.28	676.4	688.94
2023-01-09	2.679	2.361	-4.059	-5.922	-0.407		7	9	9	10	2289.97	2315.87	2312.56	2350.19	688.94	695.02	695.02	701.21
2023-01-10	0.621	-0.058	-1.457	3.975	0.308		1	1	0	1	2350.19	2348.04	2344.18	2351.31	701.21	700.16	694.92	696.05
2023-01-11	1.01	0.704	2.957	-6.327	-0.453		3	3	3	5	2351.31	2364.05	2350.36	2359.53	696.05	701.29	701.29	709.77
2023-01-12	1.742	1.329	-1.85	2.478	0.375		5	6	5	5	2359.53	2376.72	2358.33	2365.1	709.77	713.56	707.54	710.82
2023-01-13	0.585	0.329	-2.954	-10.716	-0.089		4	4	4	5	2365.1	2377.34	2375.78	2386.09	710.82	712.24	709.26	711.82
2023-01-16	0.71	0.4	1.798	-2.549	0.0		0	0	0	0	2386.09	2390.06	2387.61	2399.86	711.82	714.71	713.19	716.89
2023-01-17	0.757	0.443	1.798	-2.549	0.301		1	1	-1	-1	2399.86	2400.92	2374.65	2379.39	716.89	716.7	708.54	709.71
2023-01-18	0.103	-0.228	0.684	5.504	0.985		-1	-1	-2	-1	2379.39	2380.36	2356.84	2368.32	709.71	711.12	708.79	711.75
2023-01-19	-1.29	-1.569	-4.526	5.062	-0.428		-3	-3	-4	-3	2368.32	2354.56	2354.56	2380.34	711.75	707.66	705.76	712.89
2023-01-20	-0.564	-0.521	0.652	0.885	0.336		-2	-2	-2	-2	2380.34	2380.0	2372.57	2395.26	712.89	712.32	712.32	717.97
2023-01-25	0.247	0.084	-1.589	-3.079	0.162		1	3	3	4	2395.26	2426.58	2421.51	2428.57	717.97	725.23	725.23	732.35
2023-01-26	-0.172	-0.043	-0.202	-0.625	0.412		0	0	0	3	2428.57	2436.18	2426.4	2468.65	732.35	734.37	733.23	738.94
2023-01-27	1.282	0.843	0.895	-1.834	0.259		3	3	3	3	2468.65	2474.52	2464.53	2484.02	738.94	741.2	737.9	741.25
2023-01-30	0.87	0.072	0.716	-1.175	0.452		1	1	-1	0	2484.02	2484.64	2446.59	2450.47	741.25	743.73	736.9	738.62
2023-01-31	-1.827	-1.129	0.938	7.726	0.013		-5	-5	-7	-6	2450.47	2449.92	2423.37	2425.08	738.62	735.19	732.33	740.49
2023-02-01	1.378	1.36	-0.62	-2.708	0.241	7.663	4	5	2	6	2425.08	2446.03	2433.37	2449.8	740.49	744.9	744.03	750.96
2023-02-02	2.853	1.366	-3.74	-7.887	0.497		7	9	8	10	2449.8	2481.94	2454.6	2468.88	750.96	759.53	758.72	764.62
2023-02-03	2.487	1.1	-0.029	4.813	0.053		3	3	3	3	2468.88	2466.54	2460.21	2480.4	764.62	765.37	761.82	766.79
2023-02-06	-2.001	-1.361	4.005	-2.136	-0.218		-6	-7	-9	-8	2480.4	2461.82	2438.04	2438.19	766.79	763.66	760.65	761.33
2023-02-07	-1.015	-0.614	2.888	6.001	0.621		-5	-5	-5	-4	2438.19	2440.14	2432.4	2451.71	761.33	762.47	762.3	772.79
2023-02-08	1.671	1.084	1.101	-3.963	0.454		4	5	4	6	2451.71	2469.42	2465.96	2483.64	772.79	777.43	776.3	779.98
2023-02-09	-1.6	-1.066	-0.572	5.198	-0.025		-5	-5	-5	-5	2483.64	2470.66	2466.61	2481.52	779.98	776.6	776.26	784.58
2023-02-10	-0.828	-0.73	0.821	5.502	-0.487		-3	-3	-5	-4	2481.52	2470.65	2454.74	2469.73	784.58	783.07	771.62	772.44
2023-02-13	-0.515	0.348	1.656	-0.869	0.276		-2	-2	-3	-2	2469.73	2461.96	2440.86	2452.7	772.44	771.5	767.64	772.55
2023-02-14	1.536	1.205	-0.721	-0.925	-1.348		4	5	4	5	2452.7	2471.33	2459.83	2465.64	772.55	778.05	774.61	779.58
2023-02-15	0.494	-0.131	1.184	-7.03	-0.291		2	2	-2	-2	2465.64	2473.09	2424.16	2427.9	779.58	782.55	763.81	765.46
2023-02-16	1.002	0.295	1.276	-3.596	-0.064		2	3	3	6	2427.9	2444.06	2442.07	2475.48	765.46	772.17	772.16	784.71
2023-02-17	-1.939	-1.483	0.893	10.642	-0.535		-6	-8	-8	-8	2475.48	2447.66	2445.74	2451.21	784.71	775.03	772.96	775.62
2023-02-20	-0.578	-0.277	-0.39	-0.744	0.0		-1	-1	-2	0	2451.21	2453.25	2430.27	2455.12	775.62	777.68	773.86	788.89
2023-02-21	-0.659	-0.387	-0.39	-0.744	0.249		-1	-1	-1	-1	2455.12	2457.51	2446.0	2458.96	788.89	789.45	786.48	793.42
2023-02-22	-2.409	-1.96	3.318	14.236	-0.066		-8	-10	-12	-12	2458.96	2430.87	2416.16	2417.68	793.42	782.83	774.54	778.51
2023-02-23	0.779	0.118	-0.809	-2.536	-0.041		1	1	1	2	2417.68	2430.01	2422.62	2439.09	778.51	782.18	774.1	783.28
2023-02-24	0.581	0.446	-1.122	-5.159	0.279		3	3	1	3	2439.09	2442.49	2421.47	2423.61	783.28	784.94	774.21	778.88
2023-02-27	-1.636	-1.035	1.805	2.507	0.131		-5	-6	-8	-6	2423.61	2405.42	2383.76	2402.64	778.88	775.01	769.75	780.3
2023-02-28	0.717	0.395	-0.684	-3.323	0.106		1	1	1	2	2402.64	2417.58	2407.29	2412.85	780.3	784.23	783.66	791.6
2023-03-02	-0.62	-0.39	1.992	-0.58	0.064		-2	-2	-2	-2	2412.85	2414.61	2411.85	2427.85	791.6	793.63	786.52	787.19
2023-03-03	0.626	0.714	1.978	-4.81	-0.345		2	2	2	4	2427.85	2438.73	2423.08	2432.07	787.19	792.9	792.61	802.42
2023-03-06	1.931	1.602	-2.676	-5.615	0.301		6	8	6	8	2432.07	2452.46	2441.07	2462.62	802.42	810.61	804.47	816.51
2023-03-07	-0.14	0.1	0.479	0.649	0.05		0	0	0	0	2462.62	2457.04	2455.65	2463.35	816.51	814.27	810.47	815.76
2023-03-08	-1.237	-1.526	-0.201	5.266	-0.335		-5	-7	-7	-6	2463.35	2435.58	2426.52	2431.91	815.76	809.14	807.95	813.95
2023-03-09	0.419	0.192	0.025	-2.45	-0.209		1	1	0	1	2431.91	2440.79	2416.25	2419.09	813.95	817.03	801.1	809.22
2023-03-10	-2.072	-1.871	-1.283	18.315	-0.092		-6	-8	-9	-9	2419.09	2389.82	2383.19	2394.59	809.22	796.57	785.66	788.6
2023-03-13	-1.299	-0.801	-5.86	9.686	-0.104		-3	-3	-6	-3	2394.59	2400.45	2369.79	2410.6	788.6	784.02	771.03	788.89
2023-03-14	0.685	0.082	-4.871	6.935	-0.134		2	1	-2	-2	2410.6	2390.36	2348.19	2348.97	788.89	788.44	758.05	758.05
2023-03-15	2.088	1.648	3.499	-10.52	0.322		4	7	7	7	2348.97	2380.09	2370.77	2379.72	758.05	774.53	773.65	781.17
2023-03-16	0.188	-0.698	-4.013	10.156	0.902		-1	-2	-3	-1	2379.72	2357.98	2346.11	2377.91	781.17	780.53	767.11	781.98
2023-03-17	2.419	1.8	2.663	-12.05	-0.132		5	7	5	8	2377.91	2403.7	2382.8	2395.69	781.98	791.18	785.98	797.39
2023-03-20	0.017	-0.933	-5.3	10.961	-0.18		-2	-2	-3	-2	2395.69	2391.87	2378.7	2379.2	797.39	793.04	791.45	802.2
2023-03-21	0.476	0.98	2.533	-5.331	-0.03		3	4	3	3	2379.2	2396.54	2383.17	2388.35	802.2	806.51	802.42	802.53
2023-03-22	1.627	1.373	3.591	-11.47	0.216		4	6	4	6	2388.35	2411.25	2402.78	2416.96	802.53	811.17	807.91	813.43
2023-03-23	-1.698	-1.59	-2.94	4.116	-1.34		-4	-5	-6	-4	2416.96	2398.27	2397.91	2424.48	813.43	807.53	806.4	812.19
2023-03-24	1.142	0.569	-2.686	1.572	-0.643		4	5	3	5	2424.48	2421.27	2399.49	2414.96	812.19	820.16	814.07	824.11
2023-03-27	0.51	0.733	-0.763	-3.848	0.231		2	2	1	2	2414.96	2423.94	2395.97	2409.22	824.11	827.95	817.81	827.69
2023-03-28	-0.294	0.321	4.379	-5.244	0.069		-1	-1	-1	0	2409.22	2418.69	2415.34	2434.94	827.69	831.07	825.4	833.51
2023-03-29	-0.346	-0.032	1.02	-3.058	0.56		0	0	0	1	2434.94	2432.63	2428.61	2443.92	833.51	833.9	832.44	843.94
2023-03-30	1.774	1.436	0.056	-4.256	0.014		5	6	5	5	2443.92	2452.97	2439.43	2453.16	843.94	850.78	846.1	850.48
2023-03-31	0.749	0.596	-0.421	-0.523	0.0		2	2	1	3	2453.16	2459.94	2456.54	2476.86	850.48	849.98	842.61	847.52
2023-04-03	1.436	1.184	-1.605	-1.682	5.854		3	3	3	4	2476.86	2485.81	2467.59	2472.34	847.52	850.86	847.7	854.96
2023-04-04	-0.348	0.34	-1.832	-0.802	0.025		1	1	1	1	2472.34	2475.87	2472.79	2480.51	854.96	853.92	852.02	857.18
2023-04-05	-0.435	-0.459	-2.711	2.426	0.372		-1	-1	-1	0	2480.51	2482.61	2478.67	2495.21	857.18	857.54	856.15	872.36
2023-04-06	-1.121	-0.334	-1.498	0.421	-0.298		-2	-2	-4	-3	2495.21	2488.0	2458.5	2459.23	872.36	869.65	859.13	865.58
2023-04-07	0.759	0.358	0.03	-3.564	0.0		1	2	1	3	2459.23	2478.64	2473.89	2490.41	865.58	871.83	866.58	880.07
2023-04-10	0.828	0.527	0.03	-3.564	-0.248		2	2	2	4	2490.41	2491.68	2490.17	2512.08	880.07	882.75	877.31	887.78
2023-04-11	0.01	0.154	3.863	3.098	0.176		-2	-2	-3	0	2512.08	2523.33	2514.42	2547.86	887.78	893.2	879.73	898.94
2023-04-12	-0.442	0.02	0.556	0.685	-0.11		-1	-1	-2	-2	2547.86	2546.36	2536.23	2550.64	898.94	897.11	888.63	890.62
2023-04-13	-0.816	-0.45	-0.379	-0.052	-0.048		-2	-2	-4	-2	2550.64	2534.71	2531.07	2561.66	890.62	885.5	875.42	894.25
2023-04-14	1.784	1.23	0.906	-6.757	0.292		5	7	5	6	2561.66	2580.1	2560.53	2571.49	894.25	902.56	900.7	903.84
2023-04-17	-0.115	0.045	2.028	-4.101	-0.048		0	0	0	0	2571.49	2570.3	2561.14	2575.91	903.84	905.35	898.84	909.5
2023-04-18	0.264	0.337	1.959	-0.703	0.21		-1	-1	-2	-1	2575.91	2582.23	2557.19	2571.09	909.5	910.75	902.9	909.02
2023-04-19	-0.206	-0.01	-0.529	-0.708	0.074		0	0	0	0	2571.09	2570.06	2568.46	2575.08	909.02	908.87	907.59	909.2
2023-04-20	-0.128	-0.158	0.84	-2.198	-0.366		0	0	-3	-2	2575.08	2566.06	2552.06	2563.11	909.2	905.81	884.33	885.71
2023-04-21	-0.691	-0.565	-1.582	4.313	-0.207		-2	-2	-5	-5	2563.11	2556.7	2532.32	2544.4	885.71	884.27	868.36	868.82
2023-04-24	-0.05	-0.072	0.705	-2.33	0.128		0	0	-3	-2	2544.4	2538.36	2518.73	2523.5	868.82	867.38	852.48	855.23
2023-04-25	-0.34	0.031	-1.541	0.716	-0.025		1	1	-3	-2	2523.5	2531.35	2472.33	2489.02	855.23	857.54	828.25	838.71
2023-04-26	-0.959	-1.166	-3.385	11.072	0.013		-4	-4	-5	-5	2489.02	2489.49	2481.38	2484.83	838.71	835.94	829.19	830.44
2023-04-27	1.067	-0.151	1.06	0.426	0.108		2	2	0	4	2484.83	2484.31	2465.83	2495.81	830.44	831.89	823.19	850.21
2023-04-28	2.306	1.89	2.797	-9.607	0.201		5	6	4	4	2495.81	2511.79	2489.58	2501.53	850.21	860.11	839.67	842.83
2023-05-02	-0.24	-0.188	3.534	1.901	0.132		-2	-2	-2	0	2501.53	2504.01	2503.21	2524.39	842.83	845.18	844.68	855.61
2023-05-03	-1.252	-1.243	-3.777	10.572	-0.14		-4	-5	-6	-6	2524.39	2510.19	2497.83	2501.4	855.61	848.05	841.81	843.18
2023-05-04	-0.737	-1.199	-1.047	3.15	-0.641		-3	-3	-3	-3	2501.4	2494.82	2486.09	2500.94	843.18	842.13	839.08	845.06
2023-05-08	2.235	1.866	2.835	-14.435	0.014		5	6	5	5	2500.94	2518.53	2511.13	2513.21	845.06	851.52	842.07	842.28
2023-05-09	0.073	-0.009	2.176	-1.222	-0.437		-1	-1	-2	-1	2513.21	2512.34	2495.63	2510.06	842.28	841.41	827.78	835.85
2023-05-10	-0.676	-0.482	0.0	4.299	-0.176		-3	-3	-5	-3	2510.06	2505.96	2488.42	2496.51	835.85	836.02	827.88	829.74
2023-05-11	1.046	0.466	-2.329	-4.348	0.289		5	6	4	5	2496.51	2505.57	2490.08	2491.0	829.74	836.6	821.94	824.54
2023-05-12	0.176	-0.152	-1.221	-0.059	0.776		0	0	-1	0	2491.0	2487.35	2472.45	2475.42	824.54	824.11	820.24	822.43
2023-05-15	-0.486	-0.297	1.943	0.591	0.0		-2	-2	-5	-3	2475.42	2469.8	2455.99	2479.35	822.43	820.5	806.47	814.53
2023-05-16	0.603	0.254	1.299	0.528	0.295		1	1	1	1	2479.35	2494.4	2474.9	2480.24	814.53	818.96	813.32	816.75
2023-05-17	-0.066	-0.565	1.169	5.082	-0.367		-2	-2	-2	0	2480.24	2479.65	2475.02	2494.66	816.75	815.58	814.65	834.19
2023-05-18	1.254	1.183	0.902	-6.226	-0.11		5	5	5	6	2494.66	2511.09	2500.01	2515.4	834.19	839.27	833.73	835.89
2023-05-19	1.61	1.028	1.871	-4.861	0.111		4	4	4	5	2515.4	2530.83	2524.89	2537.79	835.89	839.56	836.68	841.72
2023-05-22	-0.623	-0.519	1.206	4.735	0.21		-3	-3	-3	-1	2537.79	2540.03	2533.5	2557.08	841.72	840.97	837.49	852.04
2023-05-23	0.574	0.075	0.731	2.38	0.153		1	1	1	2	2557.08	2565.8	2561.1	2567.55	852.04	853.57	853.57	859.16
2023-05-24	-1.26	-1.14	-0.565	7.67	1.18		-5	-5	-5	-5	2567.55	2557.11	2555.04	2567.45	859.16	856.25	853.0	855.46
2023-05-25	1.055	0.019	0.568	8.095	-0.175		1	1	0	0	2567.45	2570.64	2551.49	2554.69	855.46	857.3	845.84	847.72
2023-05-26	1.723	0.81	2.554	-4.443	0.084		3	3	3	3	2554.69	2561.94	2553.79	2558.81	847.72	849.8	842.17	843.23
2023-05-30	2.919	1.934	-0.105	-6.217	0.771		5	7	5	7	2558.81	2582.41	2574.82	2585.52	843.23	850.0	844.48	851.5
2023-05-31	0.325	-0.046	-2.887	-2.73	0.23		1	1	1	1	2585.52	2586.03	2575.98	2577.12	851.5	851.37	850.88	856.94
2023-06-01	-0.708	-0.659	-1.703	2.749	-0.72	0.201	-1	-1	-1	-1	2577.12	2572.56	2565.0	2569.17	856.94	855.95	855.46	863.78
2023-06-02	1.431	1.074	-0.797	-12.765	0.157		6	6	6	7	2569.17	2586.27	2583.88	2601.36	863.78	866.16	864.97	868.06
2023-06-05	1.079	1.453	2.3	-6.709	4.586		2	2	2	2	2601.36	2617.43	2608.01	2615.41	868.06	871.05	865.13	870.28
2023-06-07	0.41	0.294	0.162	-5.227	-0.251		2	2	2	3	2615.41	2623.46	2613.68	2615.6	870.28	872.1	872.1	880.72
2023-06-08	-1.4	-0.405	2.298	-0.143	-0.083		-4	-4	-6	-4	2615.6	2609.21	2595.33	2610.85	880.72	878.86	871.5	876.13
2023-06-09	1.116	0.607	-1.85	-2.08	-0.491		4	4	4	6	2610.85	2624.15	2618.45	2641.16	876.13	882.11	880.76	883.71
2023-06-12	0.183	0.155	0.835	1.319	0.143		0	0	0	0	2641.16	2647.49	2623.43	2629.35	883.71	887.2	881.76	885.76
2023-06-13	1.688	0.984	0.534	8.532	0.283		3	3	3	4	2629.35	2644.43	2633.52	2637.95	885.76	890.81	889.58	896.81
2023-06-14	0.9	0.699	1.965	-2.665	-0.101		1	1	-2	-2	2637.95	2640.81	2614.25	2619.08	896.81	899.35	870.48	871.83
2023-06-15	0.56	0.185	-1.12	-4.997	0.63		2	2	2	2	2619.08	2629.24	2602.52	2608.54	871.83	877.62	865.48	878.04
2023-06-16	1.103	1.178	-1.791	4.467	-0.099		4	4	4	5	2608.54	2623.57	2612.21	2625.79	878.04	882.45	878.99	887.95
2023-06-19	-0.677	-0.367	1.1	-6.621	0.0		0	0	-1	0	2625.79	2618.06	2600.49	2609.5	887.95	888.52	881.14	888.61
2023-06-20	-0.764	-0.263	1.1	-6.621	-0.46		0	0	0	0	2609.5	2602.83	2596.82	2604.91	888.61	886.47	883.09	886.41
2023-06-21	-0.222	-0.575	-1.061	2.511	0.567		-1	-1	-3	-3	2604.91	2599.19	2579.52	2582.63	886.41	887.26	875.33	875.7
2023-06-22	-1.243	-0.508	-0.161	-4.899	-0.138		-2	-2	-2	-2	2582.63	2575.65	2575.65	2593.7	875.7	870.79	869.79	876.38
2023-06-23	1.091	0.416	2.041	-2.197	0.029		2	2	1	1	2593.7	2599.04	2568.07	2570.1	876.38	880.37	872.28	874.84
2023-06-26	-1.016	-0.743	-1.579	4.105	0.983		-3	-3	-3	-3	2570.1	2568.65	2562.03	2582.2	874.84	874.31	869.29	879.5
2023-06-27	-1.037	-0.323	-0.535	6.027	0.173		-3	-3	-4	-3	2582.2	2581.02	2568.52	2581.39	879.5	877.88	867.68	874.14
2023-06-28	1.495	1.038	1.318	-3.579	0.458		4	4	2	3	2581.39	2590.52	2559.46	2564.19	874.14	879.61	866.7	866.97
2023-06-29	0.471	0.106	-1.539	-2.256	-0.446		2	2	1	2	2564.19	2564.02	2550.02	2550.02	866.97	868.65	859.77	861.79
2023-06-30	0.035	0.436	3.881	0.819	-0.057		-1	-1	-2	-1	2550.02	2558.43	2541.72	2564.28	861.79	862.7	853.68	868.24
2023-07-03	1.407	1.166	-0.908	0.369	-0.269		4	4	4	7	2564.28	2580.89	2580.49	2602.47	868.24	873.91	873.66	889.29
2023-07-04	0.209	0.117	1.021	-0.147	0.0		0	0	0	0	2602.47	2604.72	2591.86	2593.31	889.29	890.94	883.41	890.0
2023-07-05	0.159	0.112	1.021	-0.147	0.516		0	0	0	0	2593.31	2593.47	2578.66	2579.0	890.0	890.49	889.23	891.18
2023-07-06	-0.227	-0.241	2.255	4.495	0.014		-2	-2	-5	-5	2579.0	2574.75	2550.67	2556.29	891.18	889.3	869.46	870.53
2023-07-07	-0.989	-0.922	2.433	8.886	0.125		-6	-6	-9	-7	2556.29	2547.41	2515.07	2526.71	870.53	868.08	861.2	867.27
2023-07-10	-0.024	-0.208	0.223	-3.951	0.0		0	0	-1	0	2526.71	2528.08	2517.67	2520.7	867.27	868.0	857.35	860.35
2023-07-11	0.239	0.274	-1.086	1.618	0.274		0	1	0	4	2520.7	2538.84	2534.48	2562.49	860.35	866.55	865.65	878.73
2023-07-12	0.537	0.618	-0.649	-1.526	0.0		2	2	2	2	2562.49	2557.61	2554.26	2574.72	878.73	878.97	873.91	879.88
2023-07-13	1.234	0.808	-2.99	-8.76	0.132		5	5	5	6	2574.72	2589.89	2587.75	2591.23	879.88	885.21	884.33	893.07
2023-07-14	1.498	0.759	-2.59	0.517	0.351		4	4	4	5	2591.23	2607.47	2603.36	2628.3	893.07	898.17	890.21	896.28
2023-07-17	-0.203	-0.119	1.542	-1.984	-0.53		-1	-1	-1	-1	2628.3	2617.67	2611.55	2619.0	896.28	894.75	891.18	898.29
2023-07-18	0.875	0.309	-0.576	1.049	0.04		1	1	1	2	2619.0	2624.59	2600.67	2607.62	898.29	901.43	901.12	914.14
2023-07-19	0.603	0.603	-0.211	-1.335	0.119		2	2	2	3	2607.62	2622.24	2598.52	2608.24	914.14	917.51	910.25	923.72
2023-07-20	-0.198	0.154	-1.24	3.459	0.0		0	0	-2	1	2608.24	2595.38	2589.29	2600.23	923.72	918.27	913.98	931.6
2023-07-21	-2.062	-0.659	2.993	1.672	0.093		-4	-6	-6	-4	2600.23	2581.06	2570.58	2609.76	931.6	918.51	918.19	934.58
2023-07-24	-0.114	0.021	-0.441	-2.788	-0.078		0	0	-1	1	2609.76	2608.47	2595.21	2628.53	934.58	934.99	920.89	929.9
2023-07-25	0.242	0.425	0.521	2.279	0.14		1	1	1	2	2628.53	2643.35	2621.6	2636.46	929.9	932.17	924.31	939.96
2023-07-26	0.975	0.472	1.426	-0.359	-0.364		3	3	-1	-1	2636.46	2638.76	2580.98	2592.36	939.96	945.57	886.14	900.63
2023-07-27	0.057	-0.026	-1.559	-4.834	0.152		2	2	0	0	2592.36	2599.82	2586.36	2603.81	900.63	897.44	878.8	883.79
2023-07-28	-0.488	-0.604	4.181	9.249	-0.312		-6	-6	-6	-4	2603.81	2593.67	2586.33	2608.32	883.79	880.23	877.96	913.74
2023-07-31	1.913	1.037	-1.072	-7.495	0.087		5	7	6	8	2608.32	2628.87	2622.21	2632.58	913.74	923.01	921.39	935.97
2023-08-01	0.279	0.217	-0.252	2.251	-0.086	5.179	0	1	-3	1	2632.58	2644.34	2639.1	2667.07	935.97	944.71	926.75	939.67
2023-08-02	-0.814	-0.728	2.324	2.201	0.836		-3	-4	-7	-7	2667.07	2651.53	2611.77	2616.47	939.67	931.17	907.87	909.76
2023-08-03	-2.285	-1.45	0.667	15.506	0.352		-6	-6	-8	-5	2616.47	2624.76	2591.3	2605.39	909.76	911.28	897.89	920.32
2023-08-04	-0.084	-0.216	2.722	-1.057	0.221		-1	-1	-1	-1	2605.39	2606.17	2598.38	2602.8	920.32	921.16	914.3	918.43
2023-08-07	-0.254	-0.474	-3.079	7.412	0.0		0	0	-3	-3	2602.8	2591.58	2580.71	2580.71	918.43	913.25	894.48	898.22
2023-08-08	0.674	0.941	0.443	-7.778	0.72		4	4	3	4	2580.71	2598.29	2568.15	2573.98	898.22	901.76	889.25	892.34
2023-08-09	-0.803	-0.466	-1.275	1.395	-0.048		-2	-2	-2	1	2573.98	2580.6	2576.21	2605.12	892.34	891.08	889.94	908.98
2023-08-10	-1.009	-0.537	-0.348	-0.188	-0.178		-3	-3	-4	-3	2605.12	2592.4	2590.02	2601.56	908.98	904.68	899.01	911.29
2023-08-11	0.233	0.07	1.695	-0.689	0.012		-1	-1	-1	-1	2601.56	2611.25	2589.94	2591.26	911.29	913.97	908.27	912.2
2023-08-14	-0.623	-0.012	2.157	-6.372	-0.12		-1	-1	-4	-3	2591.26	2586.51	2561.88	2570.87	912.2	907.43	894.08	901.68
2023-08-16	-1.113	-1.172	0.884	11.066	0.296		-6	-8	-10	-10	2570.87	2550.13	2520.87	2525.64	901.68	893.93	877.85	878.29
2023-08-17	-1.161	-0.744	0.877	1.944	-0.164		-3	-3	-6	-2	2525.64	2512.92	2482.06	2519.85	878.29	875.15	863.32	886.04
2023-08-18	-1.373	-0.891	1.174	6.615	-0.435		-4	-6	-6	-5	2519.85	2495.18	2489.63	2504.5	886.04	878.52	874.27	877.32
2023-08-21	-0.071	-0.021	-1.323	-3.298	0.222		0	0	0	1	2504.5	2511.7	2505.59	2508.8	877.32	881.09	879.8	888.71
2023-08-22	1.481	0.637	2.141	-0.983	0.099		2	4	2	2	2508.8	2528.39	2509.53	2515.74	888.71	898.4	889.71	893.33
2023-08-23	0.07	-0.261	-0.322	-0.934	-0.884		0	0	-1	-1	2515.74	2510.0	2499.89	2505.5	893.33	892.65	881.4	882.87
2023-08-24	2.498	1.633	-3.004	-5.834	-0.406		7	9	8	10	2505.5	2531.78	2520.73	2537.68	882.87	893.46	892.12	901.74
2023-08-25	-2.069	-1.38	0.881	7.635	-0.215		-5	-7	-7	-6	2537.68	2505.39	2502.05	2519.14	901.74	891.21	890.08	899.38
2023-08-28	1.019	0.757	0.094	-8.837	0.401		4	5	4	6	2519.14	2534.42	2525.64	2543.41	899.38	907.53	901.84	909.38
2023-08-29	0.884	0.666	-0.637	-3.827	-0.15		2	2	2	2	2543.41	2550.76	2545.27	2552.16	909.38	911.94	907.82	916.24
2023-08-30	1.817	1.495	-2.137	-4.178	0.16		6	8	6	7	2552.16	2575.42	2561.22	2561.22	916.24	925.08	921.05	923.81
2023-08-31	0.622	0.444	-0.097	-3.945	0.086		2	2	2	2	2561.22	2564.45	2547.72	2556.27	923.81	925.57	923.4	928.4
2023-09-01	0.083	-0.143	-0.607	-2.233	0.0	2.465	0	0	-3	-1	2556.27	2551.93	2551.04	2563.71	928.4	926.37	919.74	919.74
2023-09-04	-0.023	0.18	1.955	-3.537	0.0		-1	-1	-1	0	2563.71	2566.93	2560.32	2584.55	919.74	918.12	913.04	919.16
2023-09-05	-0.018	0.174	1.955	-3.537	0.596		-1	-1	-1	-1	2584.55	2578.91	2575.19	2582.18	919.16	918.85	913.02	921.48
2023-09-06	-0.227	-0.475	2.277	7.028	0.035		-3	-3	-4	-4	2582.18	2577.41	2560.09	2563.34	921.48	923.61	916.08	917.95
2023-09-07	-1.153	-0.742	0.515	3.141	0.0		-3	-3	-5	-4	2563.34	2554.87	2539.24	2548.26	917.95	914.63	902.95	906.36
2023-09-08	-0.865	-0.276	-0.699	-0.346	-0.104		-1	-1	-2	0	2548.26	2546.07	2530.05	2547.68	906.36	908.08	902.77	914.18
2023-09-11	0.161	0.182	-0.047	-3.889	-0.126		0	0	0	0	2547.68	2549.88	2540.44	2556.88	914.18	918.43	907.9	912.55
2023-09-12	1.076	0.617	0.705	-0.289	-0.023		3	3	0	1	2556.88	2566.42	2535.15	2536.58	912.55	918.1	895.96	898.04
2023-09-13	-1.012	-0.581	-0.56	3.116	-0.101		-3	-3	-4	-4	2536.58	2536.22	2528.18	2534.7	898.04	895.94	882.27	882.72
2023-09-14	0.398	0.191	-0.352	-5.271	0.328		1	1	1	5	2534.7	2544.89	2541.11	2572.89	882.72	888.19	886.46	899.47
2023-09-15	0.829	0.887	0.918	-4.896	0.566		3	3	3	4	2572.89	2574.98	2572.37	2601.28	899.47	900.62	897.11	899.03
2023-09-18	-1.906	-1.043	0.793	7.566	0.474		-5	-5	-7	-7	2601.28	2588.69	2573.26	2574.72	899.03	892.18	889.99	891.29
2023-09-19	0.077	0.111	-0.069	1.523	0.809		0	0	-2	-1	2574.72	2579.36	2555.46	2559.21	891.29	891.57	882.42	883.89
2023-09-20	-0.234	-0.187	1.065	0.786	0.384		0	0	-1	0	2559.21	2556.55	2551.12	2559.74	883.89	883.74	874.92	882.72
2023-09-21	-1.652	-0.984	-0.367	7.3	-1.086		-5	-6	-9	-9	2559.74	2544.81	2514.96	2514.97	882.72	875.52	859.51	860.68
2023-09-22	-1.876	-1.68	3.012	15.852	-0.011		-8	-10	-10	-8	2514.97	2491.45	2486.14	2508.13	860.68	851.93	847.56	857.35
2023-09-25	-0.02	-0.138	-0.937	-1.938	0.578		0	0	-3	-2	2508.13	2504.1	2486.44	2495.76	857.35	856.79	839.17	839.17
2023-09-26	0.543	0.477	2.343	-1.744	0.223		1	1	-1	-1	2495.76	2493.64	2461.59	2462.97	839.17	841.8	827.82	827.82
2023-09-27	-1.495	-1.346	0.352	12.071	0.155		-6	-6	-7	-5	2462.97	2447.99	2445.51	2465.07	827.82	823.2	821.71	841.02
2023-10-04	-1.871	-1.421	2.541	12.323	0.213		-7	-9	-11	-11	2465.07	2435.78	2402.84	2405.69	841.02	832.3	806.47	807.4
2023-10-05	1.213	0.666	-1.395	-6.067	0.273		4	6	3	4	2405.69	2423.35	2402.5	2403.6	807.4	817.89	800.36	801.02
2023-10-06	-0.176	-0.206	-0.38	-0.484	-0.036		0	0	0	2	2403.6	2408.81	2403.92	2408.73	801.02	803.88	803.88	816.39
2023-10-10	0.456	0.63	0.272	1.433	0.058		2	3	0	0	2408.73	2436.58	2402.44	2402.58	816.39	821.22	792.91	795.0
2023-10-11	0.658	0.532	-2.96	-3.785	-0.012		3	5	5	7	2402.58	2436.52	2436.52	2450.08	795.0	805.03	805.03	817.12
2023-10-12	0.893	0.611	-1.289	-5.52	-0.347		3	3	3	6	2450.08	2465.19	2464.84	2479.82	817.12	822.27	822.27	835.49
2023-10-13	-0.567	-0.619	2.546	3.729	0.724		-3	-4	-6	-5	2479.82	2460.85	2452.83	2456.15	835.49	831.21	817.66	822.78
2023-10-16	-1.232	-0.513	-1.761	15.758	0.034		-4	-5	-7	-6	2456.15	2442.43	2422.52	2436.24	822.78	812.57	800.62	810.54
2023-10-17	1.305	1.179	1.793	-10.921	0.462		5	7	6	7	2436.24	2454.14	2449.42	2460.17	810.54	817.47	817.29	820.38
2023-10-18	-0.28	-0.095	2.865	3.893	1.327		-1	-1	-2	-2	2460.17	2452.05	2450.78	2462.6	820.38	816.92	807.45	808.89
2023-10-19	-1.49	-1.242	1.176	7.494	-0.091		-5	-7	-9	-9	2462.6	2431.92	2412.55	2415.8	808.89	796.15	782.63	784.04
2023-10-20	-1.231	-1.034	1.713	11.342	1.018		-7	-9	-11	-11	2415.8	2391.54	2364.01	2375.0	784.04	775.81	759.4	769.25
2023-10-23	-1.426	-1.076	-1.283	1.449	-0.845		-4	-4	-6	-5	2375.0	2370.07	2354.7	2357.02	769.25	766.56	762.51	763.69
2023-10-24	0.483	0.032	-1.747	-6.172	0.772		3	4	1	6	2357.02	2371.55	2326.67	2383.51	763.69	771.03	750.32	784.86
2023-10-25	0.809	0.686	0.041	-6.873	-0.06		3	3	1	1	2383.51	2389.23	2362.69	2363.17	784.86	788.01	770.84	770.84
2023-10-26	-2.793	-1.618	2.335	6.431	-0.023		-6	-10	-10	-10	2363.17	2325.82	2299.08	2299.08	770.84	751.64	740.51	743.85
2023-10-27	-1.377	-0.931	-2.181	2.427	0.385		-3	-2	-3	-3	2299.08	2311.59	2293.05	2302.81	743.85	749.87	738.92	748.49
2023-10-30	0.872	-0.232	0.0	2.853	-0.631		1	1	1	2	2302.81	2292.34	2292.34	2310.55	748.49	747.24	744.63	757.12
2023-10-31	1.117	1.165	0.619	-7.146	0.34		5	5	1	2	2310.55	2318.39	2273.97	2277.99	757.12	758.65	734.2	736.1
2023-11-01	0.274	0.475	0.0	-8.152	0.568	0.666	2	3	1	3	2277.99	2292.89	2288.64	2301.56	736.1	742.98	737.52	739.23
2023-11-02	1.749	1.109	-1.764	-7.001	0.472		6	9	9	10	2301.56	2334.96	2333.41	2343.12	739.23	753.37	753.37	772.84
2023-11-03	1.315	1.696	-2.506	-7.173	0.146		6	8	6	8	2343.12	2365.59	2351.83	2368.34	772.84	779.28	768.38	782.05
2023-11-06	1.439	1.014	-2.377	-4.789	0.77		6	8	8	10	2368.34	2399.8	2395.03	2502.37	782.05	794.49	793.72	839.45
2023-11-07	0.186	0.078	2.282	-0.134	0.136		-1	-2	-5	-4	2502.37	2476.35	2418.74	2443.96	839.45	842.16	805.81	824.37
2023-11-08	0.888	0.318	-1.952	-0.537	-0.323		2	2	0	0	2443.96	2460.22	2418.14	2421.62	824.37	821.98	810.15	811.02
2023-11-09	-0.119	-0.042	-1.05	-2.431	0.425		0	0	-1	-1	2421.62	2425.93	2413.04	2427.08	811.02	813.89	797.44	802.87
2023-11-10	-0.953	-0.757	2.366	5.813	-0.198		-5	-7	-8	-7	2427.08	2406.4	2393.64	2409.66	802.87	792.86	785.45	789.31
2023-11-13	1.982	1.454	-0.043	-7.325	-0.026		5	7	3	3	2409.66	2431.24	2399.04	2403.76	789.31	796.41	774.33	774.42
2023-11-14	-0.149	-0.038	0.086	4.164	0.345		-1	0	0	2	2403.76	2424.93	2422.97	2433.25	774.42	779.47	779.47	794.19
2023-11-15	2.469	2.007	-4.123	-4.065	-0.115		7	11	9	11	2433.25	2482.21	2468.43	2486.67	794.19	808.68	805.27	809.36
2023-11-16	-0.2	0.049	2.117	0.141	-0.078		-1	-1	-1	-1	2486.67	2483.48	2472.69	2488.18	809.36	809.12	804.74	811.11
2023-11-17	0.071	0.219	-1.985	0.987	0.096		1	1	-2	-1	2488.18	2477.43	2463.59	2469.85	811.11	807.61	795.66	799.06
2023-11-20	0.079	0.112	-0.09	-3.631	-0.316		0	0	0	2	2469.85	2464.72	2464.04	2491.2	799.06	797.83	797.51	813.08
2023-11-21	1.132	0.728	-0.428	-2.826	0.064		3	3	3	4	2491.2	2504.7	2500.91	2510.42	813.08	816.34	811.24	817.01
2023-11-22	-0.736	-0.279	-0.09	-0.447	0.0		-1	-1	-3	-1	2510.42	2493.17	2490.43	2511.7	817.01	811.2	809.83	814.61
2023-11-23	0.386	0.335	-0.045	-3.745	0.0		0	0	0	0	2511.7	2515.83	2507.3	2514.96	814.61	816.16	813.25	815.98
2023-11-24	0.304	0.286	-0.045	-3.745	-0.402		0	0	-1	-1	2514.96	2517.88	2496.63	2496.63	815.98	817.02	814.22	815.0
2023-11-27	-0.186	0.065	1.268	-3.035	-0.304		0	0	0	0	2496.63	2501.83	2489.18	2495.66	815.0	816.55	809.26	810.25
2023-11-28	-0.091	-0.184	-1.856	1.846	0.281		1	1	1	2	2495.66	2506.14	2502.26	2521.76	810.25	811.76	811.06	816.44
2023-11-29	0.333	0.12	-1.208	0.0	0.196		0	0	-1	0	2521.76	2518.8	2501.44	2519.81	816.44	817.9	812.95	822.44
2023-11-30	-0.06	-0.029	-1.499	2.285	-0.141		0	0	0	1	2519.81	2512.11	2507.8	2535.29	822.44	819.23	819.23	831.68
2023-12-01	-0.417	0.269	1.897	-0.462	-0.487	2.344	-2	-2	-6	-3	2535.29	2520.49	2504.06	2505.01	831.68	826.3	822.03	827.24
2023-12-04	0.543	0.642	-2.895	-2.245	0.689		3	3	3	3	2505.01	2522.22	2510.52	2514.95	827.24	828.66	823.99	828.52
2023-12-05	-0.872	-0.617	1.467	3.563	0.356		-2	-2	-5	-5	2514.95	2507.45	2492.55	2494.28	828.52	823.86	810.52	813.38
2023-12-06	0.239	-0.095	-2.729	-1.758	-0.304		1	1	1	1	2494.28	2503.57	2495.38	2495.38	813.38	816.66	814.0	819.54
2023-12-07	-0.589	-0.391	-1.199	0.934	-0.144		-1	-1	-2	-1	2495.38	2493.14	2481.0	2492.07	819.54	820.46	810.9	813.2
2023-12-08	1.234	0.731	0.194	0.694	0.606		3	4	3	6	2492.07	2510.24	2507.14	2517.85	813.2	818.71	818.5	830.37
2023-12-11	0.414	0.415	2.809	-5.436	-0.112		2	2	2	2	2517.85	2524.79	2512.45	2525.36	830.37	831.83	831.64	835.25
2023-12-12	0.216	0.371	-0.141	2.267	0.154		0	0	0	0	2525.36	2535.11	2529.74	2535.27	835.25	835.41	833.67	839.53
2023-12-13	0.823	0.53	-0.778	-4.434	0.175		3	3	1	1	2535.27	2531.23	2509.89	2510.66	839.53	837.55	828.72	829.31
2023-12-14	1.366	1.36	-4.113	0.994	0.547		6	8	7	8	2510.66	2547.74	2532.16	2544.18	829.31	841.75	834.66	840.59
2023-12-15	0.133	0.143	-2.554	2.379	0.042		1	1	1	2	2544.18	2558.44	2555.3	2563.56	840.59	844.76	834.94	838.31
2023-12-18	2.109	1.616	-0.051	-1.603	0.35		4	4	4	5	2563.56	2568.77	2556.05	2566.86	838.31	844.78	843.61	850.96
2023-12-19	0.479	0.401	0.662	2.28	0.014		2	2	2	3	2566.86	2564.81	2556.52	2568.55	850.96	850.36	849.33	858.3
2023-12-20	0.666	0.55	-0.809	-0.239	0.844		2	3	2	4	2568.55	2586.99	2584.85	2614.3	858.3	861.96	860.56	862.98
2023-12-21	-1.358	-1.442	-1.147	9.098	-0.552		-6	-7	-8	-6	2614.3	2598.37	2587.16	2600.02	862.98	855.76	851.82	859.44
2023-12-22	1.255	1.009	0.438	-0.146	0.027		4	4	4	4	2600.02	2617.72	2599.51	2599.51	859.44	863.35	853.49	854.62
2023-12-26	0.103	0.062	0.18	-4.542	0.0		1	1	0	1	2599.51	2609.44	2594.65	2602.59	854.62	855.75	846.32	848.34
2023-12-27	0.584	0.48	-0.385	-0.307	-0.331		2	2	2	3	2602.59	2599.35	2590.08	2613.5	848.34	851.49	851.21	859.79
2023-12-28	0.244	0.164	-2.496	-4.311	-0.418		2	2	2	4	2613.5	2616.27	2611.72	2655.28	859.79	860.42	856.53	866.57
2024-01-02	-0.582	-0.324	0.416	-0.16	0.084		-1	-1	-1	0	2655.28	2645.47	2641.88	2669.81	866.57	866.08	865.26	878.93
2024-01-03	-1.535	-0.493	2.069	6.024	0.171		-5	-6	-8	-8	2669.81	2643.54	2607.31	2607.31	878.93	872.21	865.12	871.57
2024-01-04	-1.133	-0.728	-0.988	6.364	0.468		-4	-4	-6	-5	2607.31	2592.44	2580.09	2587.02	871.57	865.35	860.45	866.25
2024-01-05	-0.501	-0.274	2.15	0.641	0.291		-2	-2	-2	-1	2587.02	2586.89	2572.6	2578.08	866.25	866.81	864.86	878.33
2024-01-08	0.154	0.204	1.278	-5.52	-0.406		1	1	1	1	2578.08	2584.23	2566.34	2567.82	878.33	880.24	875.34	879.34
2024-01-09	2.107	1.339	-0.99	-2.022	0.198		4	5	4	4	2567.82	2598.31	2556.0	2561.24	879.34	886.1	881.97	884.64
2024-01-10	0.089	-0.19	0.425	-2.446	-0.097		0	0	-2	-2	2561.24	2563.97	2539.82	2541.98	884.64	884.08	872.68	875.46
2024-01-11	0.811	0.572	0.274	-0.549	-0.056		2	2	2	3	2541.98	2543.03	2540.27	2540.27	875.46	878.12	878.12	882.53
2024-01-12	-0.046	-0.155	-1.315	-1.97	1.375		0	0	-3	-1	2540.27	2536.55	2517.76	2525.05	882.53	878.69	865.81	868.08
2024-01-15	0.017	0.075	-0.679	2.09	0.0		0	0	-1	-1	2525.05	2525.69	2515.84	2525.99	868.08	865.45	855.0	859.71
2024-01-16	-0.027	-0.018	-0.679	2.09	-0.069		0	0	-2	-1	2525.99	2516.27	2491.13	2497.59	859.71	857.39	846.47	854.83
2024-01-17	-0.122	-0.347	2.937	8.976	-0.552		-2	-2	-6	-6	2497.59	2501.23	2435.34	2435.9	854.83	856.61	832.7	833.05
2024-01-18	-0.684	-0.63	0.984	6.864	0.303		-3	-3	-3	-2	2435.9	2439.96	2429.12	2440.04	833.05	834.01	830.06	840.33
2024-01-19	1.382	0.881	0.925	-4.462	0.0		4	6	4	5	2440.04	2468.43	2455.5	2472.74	840.33	848.66	837.87	842.67
2024-01-22	1.854	1.293	0.048	-5.874	0.0		5	5	5	5	2472.74	2489.57	2464.35	2464.35	842.67	848.87	836.89	839.69
2024-01-23	0.336	0.235	-1.254	-0.827	-0.678		0	0	0	0	2464.35	2478.32	2464.24	2478.61	839.69	840.62	833.24	840.11
2024-01-24	0.557	0.399	1.172	-4.852	0.269		2	2	0	2	2478.61	2476.22	2454.34	2469.69	840.11	841.45	828.12	836.21
2024-01-25	0.327	0.112	0.869	4.701	0.28		-1	-1	-4	-2	2469.69	2467.73	2452.36	2470.34	836.21	833.34	820.64	823.74
2024-01-26	-0.174	0.445	-1.101	2.359	-0.271		1	1	0	2	2470.34	2458.05	2453.45	2478.56	823.74	818.76	817.06	837.24
2024-01-29	-0.498	-0.218	0.678	-1.413	1.141		-1	-1	-3	-2	2478.56	2490.93	2483.81	2500.65	837.24	841.21	815.54	819.14
2024-01-30	1.15	0.67	-1.659	2.564	0.313		4	6	3	4	2500.65	2523.68	2498.81	2498.81	819.14	826.0	811.57	818.86
2024-01-31	-1.74	-0.479	-0.782	-2.132	0.026		-3	-3	-5	-5	2498.81	2487.9	2486.97	2497.09	818.86	813.8	799.24	799.24
2024-02-01	-2.05	-1.528	-2.267	7.814	0.145	0.501	-4	-4	-6	-2	2497.09	2491.93	2491.93	2542.46	799.24	796.26	786.28	798.73
2024-02-02	2.171	1.741	-2.622	-3.275	0.122		5	5	5	9	2542.46	2559.4	2559.39	2615.31	798.73	803.71	803.71	814.77
2024-02-05	1.533	0.983	4.401	-0.216	0.65		2	2	-1	0	2615.31	2612.77	2562.5	2591.31	814.77	812.28	807.36	807.99
2024-02-06	-0.209	-0.369	3.248	-1.3	-0.027		-2	-2	-4	-2	2591.31	2584.2	2563.87	2576.2	807.99	804.36	795.37	807.03
2024-02-07	-0.008	0.166	-1.777	-4.462	0.259		2	2	2	3	2576.2	2592.59	2588.09	2609.58	807.03	811.51	809.18	811.92
2024-02-08	1.027	0.834	0.489	-1.761	0.298		3	3	3	5	2609.58	2620.26	2610.21	2620.32	811.92	816.82	816.27	826.58
2024-02-13	-0.504	-0.239	-0.358	7.734	0.143		-2	-1	-1	1	2620.32	2644.17	2640.96	2649.64	826.58	831.14	830.66	845.15
2024-02-14	-1.651	-1.307	3.452	13.783	-0.077		-8	-11	-11	-8	2649.64	2609.6	2601.99	2620.42	845.15	833.24	831.56	853.3
2024-02-15	1.239	0.948	-1.135	-9.274	-0.052		6	8	6	6	2620.42	2643.81	2613.8	2613.8	853.3	860.13	852.79	859.21
2024-02-16	0.516	0.642	-0.633	-2.573	0.103		2	3	2	3	2613.8	2635.63	2625.01	2648.76	859.21	863.69	854.72	857.6
2024-02-19	-0.821	-0.48	1.297	1.642	0.0		-2	-2	-2	-1	2648.76	2653.12	2653.12	2680.26	857.6	854.28	853.52	858.47
2024-02-20	-0.904	-0.545	1.297	1.642	-0.265		-3	-3	-4	-3	2680.26	2671.55	2643.93	2657.79	858.47	858.08	854.58	866.17
2024-02-21	-1.113	-0.631	-0.466	8.287	-1.317		-4	-4	-4	-4	2657.79	2656.92	2644.04	2653.31	866.17	861.58	860.91	864.07
2024-02-22	0.626	0.522	1.17	-0.519	0.231		2	2	2	2	2653.31	2671.69	2653.99	2664.27	864.07	868.22	864.56	870.11
2024-02-23	2.823	2.044	0.046	-5.215	-0.305		5	5	5	5	2664.27	2681.03	2665.21	2667.7	870.11	873.21	866.22	868.57
2024-02-26	-0.443	-0.093	-1.548	-5.433	-0.118		1	1	0	0	2667.7	2657.35	2629.78	2647.08	868.57	869.08	866.43	867.4
2024-02-27	-0.273	-0.433	0.915	-0.073	0.052		-1	-1	-4	-3	2647.08	2654.76	2619.38	2625.05	867.4	870.1	850.77	853.75
2024-02-28	0.35	0.185	0.372	-2.256	-0.494		0	0	0	2	2625.05	2629.11	2623.15	2652.29	853.75	859.78	858.56	863.39
2024-02-29	-0.799	-0.343	-0.95	3.053	-0.433		-1	-1	-2	-1	2652.29	2643.48	2628.62	2642.36	863.39	862.55	858.3	862.96
2024-03-04	1.125	0.723	-1.693	-2.164	0.213		4	5	5	6	2642.36	2664.52	2662.32	2674.27	862.96	869.36	869.36	872.97
2024-03-05	-0.502	-0.207	0.933	2.899	0.0		-1	-1	-3	-2	2674.27	2660.8	2649.35	2649.4	872.97	869.36	863.4	866.37
2024-03-06	-1.37	-0.916	-1.944	7.191	0.0		-4	-4	-5	-4	2649.4	2638.84	2630.16	2641.49	866.37	861.67	859.71	870.67
2024-03-07	0.559	0.563	-0.798	0.277	0.0		2	2	1	1	2641.49	2653.98	2633.57	2647.62	870.67	874.3	860.01	863.37
2024-03-08	1.305	0.982	-0.292	-0.414	0.735		4	5	5	6	2647.62	2676.79	2668.38	2680.35	863.37	869.18	866.18	873.18
2024-03-11	-1.106	-0.585	-0.073	2.078	-0.269		-3	-3	-4	-4	2680.35	2665.58	2658.74	2659.84	873.18	870.41	868.48	875.93
2024-03-12	-0.19	0.005	0.367	3.256	0.205		0	0	0	2	2659.84	2673.47	2659.72	2681.81	875.93	877.37	876.62	889.71
2024-03-13	1.484	1.096	1.243	-9.067	0.645		6	6	5	6	2681.81	2694.71	2679.54	2693.57	889.71	892.41	881.33	889.93
2024-03-14	-0.453	-0.125	0.89	-0.65	-0.113		-1	-1	-2	0	2693.57	2698.37	2696.31	2718.76	889.93	889.53	881.95	887.52
2024-03-15	-0.407	-0.316	2.529	4.727	-0.148		-3	-3	-6	-5	2718.76	2701.91	2666.84	2666.84	887.52	882.67	875.87	880.46
2024-03-18	0.262	1.0	0.14	0.069	-0.012		2	2	2	4	2666.84	2678.52	2665.28	2685.84	880.46	882.58	882.58	894.48
2024-03-19	0.764	0.641	0.836	-0.555	0.157		2	2	-1	1	2685.84	2673.57	2645.14	2656.17	894.48	893.49	884.45	891.91
2024-03-20	0.415	0.527	-0.991	-3.559	-0.323		2	3	2	3	2656.17	2680.7	2674.09	2690.14	891.91	894.34	890.0	891.45
2024-03-21	1.578	1.042	-0.559	-5.644	-0.233		5	8	7	8	2690.14	2731.18	2724.25	2754.86	891.45	900.46	899.24	904.29
2024-03-22	0.299	0.404	-0.047	-0.92	-0.284		1	1	1	1	2754.86	2751.15	2738.18	2748.56	904.29	902.7	900.84	903.98
2024-03-25	0.123	-0.192	-1.241	1.084	0.273		0	0	0	1	2748.56	2756.59	2731.7	2737.57	903.98	906.45	905.7	913.69
2024-03-26	-0.174	-0.258	0.83	0.995	-0.012		0	0	0	1	2737.57	2756.42	2752.27	2757.09	913.69	915.49	910.86	916.09
2024-03-27	-0.265	-0.128	-0.447	0.379	-0.404		0	0	-1	0	2757.09	2745.0	2745.0	2755.11	916.09	914.33	905.26	911.25
2024-03-28	0.52	0.858	-0.897	-3.474	0.443		2	2	2	2	2755.11	2753.22	2742.68	2745.82	911.25	912.33	908.98	910.05
2024-03-29	-0.122	0.112	0.238	1.8	0.0		0	0	0	0	2745.82	2757.27	2739.12	2746.63	910.05	912.31	903.61	905.5
2024-04-01	0.029	0.22	0.238	1.8	-0.036	4.062	0	1	-2	0	2746.63	2766.24	2747.4	2747.86	905.5	909.62	907.48	912.45
2024-04-02	0.106	-0.216	2.924	4.919	0.394		-2	-2	-4	-4	2747.86	2744.15	2737.19	2753.16	912.45	912.07	888.88	891.59
2024-04-03	-0.872	-0.686	0.832	7.033	0.364		-3	-5	-7	-6	2753.16	2730.68	2706.97	2706.97	891.59	883.22	874.77	879.96
2024-04-04	0.311	0.19	-0.229	-1.916	0.269		0	1	1	1	2706.97	2738.24	2727.1	2742.0	879.96	885.53	878.12	882.9
2024-04-05	-1.35	-1.185	-1.056	14.096	0.312		-6	-8	-8	-8	2742.0	2713.96	2705.31	2714.21	882.9	872.47	867.45	872.29
2024-04-08	1.502	1.305	1.601	-1.957	-0.932		3	3	2	2	2714.21	2718.76	2706.74	2717.65	872.29	873.76	859.09	860.57
2024-04-09	0.141	0.053	1.051	-5.24	0.185		1	1	1	1	2717.65	2733.23	2703.96	2705.16	860.57	864.0	856.49	859.33
2024-04-11	-0.906	-1.056	4.443	5.474	0.128		-7	-9	-10	-7	2705.16	2665.4	2661.92	2706.96	859.33	850.8	847.54	858.1
2024-04-12	1.688	0.759	0.351	-5.633	0.682		4	4	3	3	2706.96	2710.89	2678.21	2681.82	858.1	863.16	858.24	860.47
2024-04-15	-1.78	-1.474	-1.683	16.097	0.315		-5	-7	-9	-6	2681.82	2661.36	2641.16	2670.43	860.47	850.21	842.84	852.42
2024-04-16	-1.778	-1.256	2.867	11.092	0.34		-7	-9	-11	-11	2670.43	2644.17	2601.45	2609.63	852.42	845.54	829.76	832.81
2024-04-17	-0.036	-0.132	0.67	-4.316	0.0		1	1	0	0	2609.63	2619.15	2584.18	2584.18	832.81	839.3	833.03	833.03
2024-04-18	-1.083	-0.563	-1.588	-1.033	0.121		-2	-2	-2	2	2584.18	2595.46	2593.26	2634.7	833.03	833.38	833.38	855.65
2024-04-19	-0.616	-0.255	1.352	-1.153	-0.133		-1	-2	-5	-4	2634.7	2600.69	2553.55	2591.86	855.65	849.99	824.99	841.91
2024-04-22	-1.771	-0.666	-0.689	3.944	-0.108		-3	-2	-3	-2	2591.86	2615.72	2604.37	2629.44	841.91	844.95	840.29	845.82
2024-04-23	1.121	0.942	0.173	-9.46	-0.869		6	6	6	6	2629.44	2632.15	2619.72	2623.02	845.82	848.88	844.5	845.44
2024-04-24	2.015	1.368	-0.541	-7.379	0.048		5	8	8	9	2623.02	2662.84	2662.84	2675.75	845.44	856.37	855.79	862.23
2024-04-25	-1.112	-0.713	1.174	1.785	0.024		-3	-4	-6	-6	2675.75	2646.8	2628.62	2628.62	862.23	855.78	853.13	853.26
2024-04-26	0.728	0.521	1.161	-3.757	0.287		2	3	2	3	2628.62	2650.94	2641.35	2656.33	853.26	860.0	852.8	856.82
2024-04-29	2.131	1.191	-0.786	-2.212	-0.191		4	5	4	6	2656.33	2675.46	2665.21	2687.44	856.82	860.53	860.53	869.72
2024-04-30	0.426	0.347	-1.178	-2.395	0.157		1	1	1	1	2687.44	2693.22	2687.29	2692.06	869.72	872.08	867.32	868.93
2024-05-02	-0.055	-0.135	-1.942	-1.661	0.19		1	1	1	1	2692.06	2679.04	2678.84	2683.65	868.93	865.78	864.98	867.48
2024-05-03	2.044	1.281	-0.522	-4.613	0.152		5	6	5	5	2683.65	2704.31	2676.63	2676.63	867.48	872.27	865.21	865.59
2024-05-07	1.161	0.999	-0.244	0.0	0.306		4	7	5	6	2676.63	2718.17	2716.62	2734.36	865.59	874.69	869.75	871.26
2024-05-08	-0.132	0.096	-0.579	-1.927	-0.051		0	0	-1	0	2734.36	2732.11	2727.93	2745.05	871.26	870.11	862.81	872.42
2024-05-09	-0.324	-0.068	0.65	-1.738	0.304		0	0	-1	-1	2745.05	2743.29	2710.25	2712.14	872.42	871.17	869.0	870.15
2024-05-10	0.33	0.542	-0.957	-2.385	0.416		1	2	1	1	2712.14	2737.95	2723.21	2727.63	870.15	873.56	864.03	864.16
2024-05-13	-0.126	0.055	1.236	-1.103	-0.102		0	0	-1	-1	2727.63	2735.2	2713.92	2727.21	864.16	866.67	852.75	854.43
2024-05-14	0.216	-0.096	-0.511	8.367	0.139		-1	-1	-1	0	2727.21	2732.98	2722.74	2730.34	854.43	857.44	856.88	862.15
2024-05-16	1.408	1.143	-2.002	-7.228	0.267		6	8	6	8	2730.34	2770.27	2748.22	2753.0	862.15	872.31	868.51	870.37
2024-05-17	-0.306	-0.246	0.482	-0.241	0.189		0	0	-3	-2	2753.0	2751.47	2724.62	2724.62	870.37	869.06	854.47	855.06
2024-05-20	-0.083	0.154	0.982	-3.462	-0.062		0	0	-1	-1	2724.62	2741.24	2734.64	2742.14	855.06	856.22	843.22	847.08
2024-05-21	0.562	0.092	0.385	1.334	-0.125		1	1	0	1	2742.14	2733.03	2719.74	2724.18	847.08	849.32	843.62	846.51
2024-05-22	0.219	0.217	-0.518	-2.387	-1.325		0	0	0	0	2724.18	2723.46	2707.87	2723.46	846.51	850.4	844.97	845.72
2024-05-23	0.208	-0.064	0.453	3.626	-0.361		0	0	-1	0	2723.46	2719.03	2704.0	2721.81	845.72	846.5	839.16	846.58
2024-05-24	-0.455	-0.729	0.925	3.906	0.221		-2	-3	-4	-4	2721.81	2693.65	2681.17	2687.6	846.58	840.7	836.95	839.41
2024-05-27	1.104	0.7	-0.179	-6.578	0.0		4	4	4	6	2687.6	2697.16	2693.66	2722.99	839.41	843.76	836.65	847.99
2024-05-28	1.097	0.705	-0.179	-6.578	0.116		4	4	4	4	2722.99	2715.52	2714.34	2722.85	847.99	847.46	846.9	851.01
2024-05-29	0.633	0.006	1.679	8.298	0.539		-1	-1	-4	-4	2722.85	2719.56	2677.07	2677.3	851.01	849.6	838.08	838.45
2024-05-30	-0.848	-0.992	1.805	10.526	0.063		-6	-6	-9	-8	2677.3	2666.63	2635.44	2635.44	838.45	835.63	831.02	831.99
2024-05-31	-1.169	-0.645	-1.514	1.331	0.0		-2	-1	-2	-1	2635.44	2657.87	2635.77	2636.52	831.99	835.01	829.81	839.98
2024-06-03	-0.016	0.878	-0.878	-10.712	-0.026		3	4	4	5	2636.52	2657.81	2657.81	2682.52	839.98	840.33	839.58	844.72
2024-06-04	0.647	0.168	-2.481	1.471	-0.269		2	2	1	1	2682.52	2668.73	2659.43	2662.1	844.72	844.62	841.81	845.84
2024-06-05	0.222	0.169	-1.499	0.381	-0.478		0	1	0	1	2662.1	2681.11	2667.63	2689.5	845.84	849.33	844.13	850.75
2024-06-07	-0.066	-0.057	-0.187	-0.396	0.159		0	1	0	3	2689.5	2718.25	2705.23	2722.67	850.75	856.17	855.06	866.18
2024-06-10	-0.3	-0.191	3.48	-2.862	-0.238		-2	-3	-3	-3	2722.67	2698.71	2689.19	2701.17	866.18	862.21	860.9	864.71
2024-06-11	0.334	0.23	0.88	4.255	0.489		-1	-1	-1	-1	2701.17	2716.72	2702.17	2705.32	864.71	866.88	865.91	868.36
2024-06-12	0.908	0.28	-1.454	0.863	0.411		2	2	2	3	2705.32	2709.65	2707.44	2728.17	868.36	871.36	867.32	870.67
2024-06-13	2.068	1.012	-2.475	-6.304	-0.166		6	8	7	7	2728.17	2764.18	2752.61	2754.89	870.67	879.52	871.12	871.33
2024-06-14	0.337	0.188	-1.327	-0.831	-0.839		0	0	-1	-1	2754.89	2759.22	2750.86	2758.42	871.33	872.69	859.69	862.19
2024-06-17	0.169	-0.076	-0.59	6.03	0.038		-1	-1	-1	-1	2758.42	2754.83	2741.03	2744.1	862.19	860.13	857.11	858.96
2024-06-18	0.937	0.798	1.567	0.711	0.124		2	3	2	3	2744.1	2765.7	2759.03	2763.92	858.96	863.32	855.35	858.95
2024-06-19	0.029	0.252	-1.449	-3.529	0.0		0	1	1	1	2763.92	2786.16	2786.16	2797.33	858.95	860.66	856.16	861.17
2024-06-20	0.084	0.284	-1.449	-3.529	-0.061		0	0	0	0	2797.33	2802.1	2796.37	2807.63	861.17	861.44	854.94	857.51
2024-06-21	-0.696	-0.248	0.877	7.967	-1.095		-2	-2	-4	-3	2807.63	2794.87	2777.33	2784.26	857.51	853.48	848.5	852.67
2024-06-24	1.173	1.061	0.071	-0.602	-0.347		4	4	2	2	2784.26	2772.85	2758.09	2764.73	852.67	852.27	841.43	841.52
2024-06-25	-1.062	-0.325	-0.211	0.985	0.086		-2	-2	-2	-2	2764.73	2765.76	2765.76	2774.39	841.52	839.5	836.12	841.99
2024-06-26	1.266	0.357	-0.235	-3.676	-0.136		2	2	2	2	2774.39	2767.43	2762.98	2792.05	841.99	845.91	839.34	842.12
2024-06-27	0.162	-0.032	1.84	-2.259	-0.049		-1	-2	-2	-1	2792.05	2767.62	2761.55	2784.06	842.12	841.12	837.8	838.65
2024-06-28	0.419	0.131	-0.649	-2.47	0.147		1	1	1	1	2784.06	2792.79	2782.4	2797.82	838.65	840.11	838.29	840.44
2024-07-01	-0.491	-0.177	1.283	1.634	-0.11	0.839	-1	-1	-2	-1	2797.82	2792.96	2783.98	2804.31	840.44	840.59	840.4	847.15
2024-07-02	0.796	0.263	3.131	-1.768	0.06		-1	-1	-4	-4	2804.31	2798.65	2776.62	2780.86	847.15	846.86	828.49	829.91
2024-07-03	0.766	0.53	-0.96	-1.555	0.471		2	2	2	2	2780.86	2797.14	2774.71	2794.01	829.91	832.98	829.5	836.1
2024-07-04	0.885	0.508	-1.826	0.499	0.0		3	4	3	4	2794.01	2817.06	2808.88	2824.94	836.1	838.9	838.9	840.81
2024-07-05	0.923	0.522	-1.826	0.499	-0.334		4	4	4	5	2824.94	2836.21	2836.21	2862.23	840.81	842.5	841.98	847.49
2024-07-08	0.762	0.376	-1.906	3.226	-0.012		2	2	2	3	2862.23	2862.58	2855.53	2857.76	847.49	848.59	848.59	859.27
2024-07-09	0.381	0.146	-0.07	-0.881	-0.134		0	0	0	0	2857.76	2872.63	2854.13	2867.38	859.27	860.18	857.6	860.42
2024-07-10	0.175	0.083	0.726	1.132	0.491		0	0	0	0	2867.38	2863.05	2858.87	2867.99	860.42	859.01	854.6	858.55
2024-07-11	1.163	0.955	-0.465	2.718	0.365		4	5	4	5	2867.99	2888.76	2879.28	2891.35	858.55	861.73	851.72	852.42
2024-07-12	-1.996	-0.898	-2.033	0.545	0.29		-2	-3	-5	-3	2891.35	2867.75	2844.88	2857.0	852.42	848.04	845.03	850.37
2024-07-15	0.902	0.839	-0.095	-3.56	-0.061		3	3	3	3	2857.0	2869.15	2848.93	2860.92	850.37	852.62	847.68	852.88
2024-07-16	0.618	0.384	0.955	5.297	0.012		0	0	-2	-1	2860.92	2861.71	2857.07	2866.09	852.88	850.96	837.29	839.61
2024-07-17	0.165	0.6	-1.466	0.534	0.111		1	1	-1	-1	2866.09	2865.9	2841.33	2843.29	839.61	841.28	829.09	829.41
2024-07-18	-2.635	-1.304	-0.504	9.78	0.314		-6	-8	-10	-7	2843.29	2805.64	2799.02	2824.35	829.41	820.14	812.9	822.48
2024-07-19	-0.418	-0.639	1.037	10.014	-0.423		-4	-5	-6	-5	2824.35	2800.21	2776.99	2795.46	822.48	820.29	819.13	828.72
2024-07-22	-0.625	-0.52	1.194	3.704	0.324		-2	-2	-6	-5	2795.46	2790.99	2752.63	2763.51	828.72	827.98	806.79	809.96
2024-07-23	1.488	1.026	0.495	-9.746	-1.893		6	7	6	6	2763.51	2788.83	2765.81	2774.29	809.96	816.3	808.79	812.12
2024-07-24	-0.268	-0.41	-0.493	-1.274	0.637		-1	-1	-2	-1	2774.29	2755.5	2748.65	2758.71	812.12	809.45	807.55	814.25
2024-07-25	-3.344	-2.123	1.109	22.554	-0.116		-6	-8	-10	-10	2758.71	2721.29	2703.86	2710.65	814.25	802.28	794.23	797.29
2024-07-26	-0.87	-0.427	-0.7	2.328	0.089		-2	-2	-2	-1	2710.65	2724.99	2715.75	2731.9	797.29	799.97	795.02	797.56
2024-07-29	1.011	1.064	-1.316	-11.213	0.181		6	6	6	8	2731.9	2748.32	2742.69	2765.53	797.56	800.64	800.39	807.99
2024-07-30	0.111	0.109	-0.524	1.281	0.132		0	-1	-2	-1	2765.53	2744.4	2732.82	2738.19	807.99	805.17	800.36	803.78
2024-07-31	-1.655	-0.82	-0.838	6.566	0.682		-4	-4	-5	-3	2738.19	2745.58	2733.63	2770.69	803.78	802.0	795.18	803.15
2024-08-01	3.087	1.881	-0.821	-7.518	0.873	0.858	5	5	4	6	2770.69	2787.27	2772.97	2777.68	803.15	807.52	807.5	813.53
2024-08-02	-2.654	-1.661	-3.237	13.631	0.734		-4	-7	-8	-8	2777.68	2719.39	2666.4	2676.19	813.53	799.45	778.39	779.33
2024-08-05	-3.327	-2.694	-4.628	25.82	0.939		-4	-7	-8	-8	2676.19	2611.3	2386.96	2441.55	779.33	765.57	672.57	691.28
2024-08-06	-2.587	-2.374	-0.185	64.9	1.261		-6	-2	-2	-2	2441.55	2533.34	2491.47	2522.15	691.28	709.04	707.72	732.87
2024-08-07	0.226	0.565	2.721	-28.157	-0.492		2	2	2	6	2522.15	2515.27	2510.82	2568.41	732.87	731.82	731.44	748.54
2024-08-08	-1.565	-1.142	2.058	0.505	0.319		-5	-7	-9	-5	2568.41	2530.21	2518.52	2556.73	748.54	738.29	732.74	745.28
2024-08-09	3.001	2.304	0.731	-14.578	-0.223		6	10	9	9	2556.73	2603.08	2575.9	2588.43	745.28	759.91	759.91	764.43
2024-08-12	0.372	0.355	-1.376	-14.376	0.195		2	2	2	4	2588.43	2602.16	2602.01	2618.3	764.43	767.21	767.21	772.72
2024-08-13	0.258	0.056	-0.837	1.669	-0.4		0	0	-2	-1	2618.3	2624.5	2607.52	2621.5	772.72	771.98	757.19	764.86
2024-08-14	2.399	1.657	-1.458	-12.506	0.485		6	8	7	8	2621.5	2649.11	2632.44	2644.5	764.86	775.11	774.17	776.83
2024-08-16	2.281	1.631	2.775	-5.93	0.0		4	7	6	7	2644.5	2695.49	2680.74	2697.23	776.83	787.34	783.88	786.33
2024-08-19	0.33	0.302	-0.866	-2.823	-0.091		0	0	-2	-2	2697.23	2697.97	2664.28	2674.36	786.33	787.32	776.71	777.47
2024-08-20	1.39	0.963	-0.642	-1.014	-0.04		4	6	4	6	2674.36	2699.74	2686.06	2696.63	777.47	783.73	783.35	787.44
2024-08-21	-0.367	-0.203	-1.267	8.396	-1.243		-1	-1	-2	-2	2696.63	2687.2	2684.61	2701.13	787.44	783.98	775.3	779.87
2024-08-22	0.632	0.433	-1.048	2.456	0.0		2	2	1	1	2701.13	2710.95	2690.35	2707.67	779.87	782.59	768.48	773.47
2024-08-23	-1.451	-0.826	2.223	7.867	-0.068		-5	-6	-6	-5	2707.67	2690.8	2689.54	2701.69	773.47	765.49	764.83	773.26
2024-08-26	1.452	1.113	-1.424	-9.63	0.361		6	6	5	5	2701.69	2716.88	2688.79	2698.01	773.26	776.94	764.46	766.79
2024-08-27	-1.016	-0.44	0.289	1.828	-0.284		-3	-3	-4	-3	2698.01	2696.24	2681.92	2689.25	766.79	765.1	757.08	764.95
2024-08-28	0.071	0.142	0.393	-4.458	0.291		1	1	1	1	2689.25	2690.59	2671.59	2689.83	764.95	766.32	761.06	762.5
2024-08-29	-2.143	-1.128	0.209	10.888	-0.134		-6	-8	-8	-8	2689.83	2657.18	2649.56	2662.28	762.5	756.33	754.0	756.04
2024-08-30	0.045	0.148	0.677	-8.533	-0.053		1	1	1	2	2662.28	2676.72	2668.66	2674.31	756.04	758.19	757.87	767.66
2024-09-02	1.126	1.009	1.138	-4.153	0.0		5	5	5	5	2674.31	2683.8	2658.31	2681.0	767.66	769.85	764.15	769.21
2024-09-03	1.003	0.925	1.138	-4.153	-0.027		5	5	4	4	2681.0	2683.12	2664.63	2664.63	769.21	769.68	760.07	760.37
2024-09-04	-3.326	-2.174	-1.713	38.133	-0.085		-5	-9	-9	-9	2664.63	2589.94	2578.07	2580.8	760.37	738.59	729.32	731.75
2024-09-05	-0.286	-0.205	-1.977	2.896	0.101		1	1	-2	0	2580.8	2598.36	2560.65	2575.5	731.75	736.96	718.25	725.28
2024-09-06	0.03	-0.288	-0.982	-6.66	0.26		1	1	-3	-2	2575.5	2576.66	2529.31	2544.28	725.28	725.88	705.67	706.59
2024-09-09	-2.866	-1.901	-0.563	12.462	0.68		-6	-9	-10	-5	2544.28	2498.67	2491.3	2535.93	706.59	696.25	693.86	714.46
2024-09-10	1.347	1.318	-0.35	-13.092	0.102		6	6	5	5	2535.93	2542.69	2522.48	2523.43	714.46	717.97	706.12	706.2
2024-09-11	0.698	0.361	-1.38	-1.902	0.806		1	1	0	1	2523.43	2524.86	2493.37	2513.37	706.2	709.5	706.93	709.42
2024-09-12	2.018	1.008	0.192	-7.285	0.119		5	7	7	9	2513.37	2547.5	2537.87	2572.09	709.42	719.29	719.29	731.03
2024-09-13	0.858	0.683	0.739	-3.505	0.493		2	2	2	2	2572.09	2571.81	2562.91	2575.41	731.03	733.36	726.37	733.2
2024-09-19	0.058	-0.098	1.181	3.521	-1.1		0	1	-1	1	2575.41	2594.67	2550.09	2580.8	733.2	738.41	729.93	739.51
2024-09-20	2.412	1.645	1.493	-10.422	0.208		6	8	6	7	2580.8	2603.83	2591.4	2593.37	739.51	746.13	745.32	748.33
2024-09-23	0.807	0.894	-0.321	-1.102	-0.848		2	2	2	3	2593.37	2596.47	2588.49	2602.01	748.33	749.24	747.83	755.12
2024-09-24	0.061	0.233	0.295	-1.61	0.554		0	0	0	2	2602.01	2612.45	2597.81	2631.68	755.12	757.37	757.23	767.35
2024-09-25	0.637	0.255	-0.08	-3.147	-0.028		1	2	-1	-1	2631.68	2652.71	2596.32	2596.32	767.35	769.87	758.02	759.3
2024-09-26	0.29	-0.108	1.204	0.13	0.287		0	1	1	4	2596.32	2630.91	2630.3	2671.57	759.3	764.33	764.15	779.18
2024-09-27	0.592	0.4	0.264	-0.26	-0.325		1	1	0	0	2671.57	2674.58	2649.78	2649.78	779.18	777.72	773.36	774.49
2024-09-30	-0.502	-0.251	-1.108	10.345	0.66		-3	-3	-6	-6	2649.78	2665.24	2593.27	2593.27	774.49	777.06	762.67	763.88
2024-10-02	-1.532	-0.924	-1.552	15.123	1.389		-5	-7	-7	-6	2593.27	2566.55	2555.46	2561.69	763.88	757.3	754.38	762.13
2024-10-04	-0.161	-0.233	1.717	8.413	0.326		-2	-2	-2	-1	2561.69	2563.7	2555.57	2569.71	762.13	763.73	763.2	768.98
2024-10-07	1.188	0.932	3.403	-6.247	0.027		3	3	3	6	2569.71	2579.2	2561.46	2610.38	768.98	774.77	771.11	781.01
2024-10-08	-1.015	-0.824	1.13	17.855	0.246		-5	-5	-6	-5	2610.38	2592.65	2581.79	2594.36	781.01	776.37	776.2	778.24
2024-10-10	0.509	0.621	0.843	-2.614	0.205		2	2	2	2	2594.36	2611.65	2596.86	2599.16	778.24	781.91	772.7	775.48
2024-10-11	-0.027	-0.173	0.713	0.336	-0.145		0	0	0	0	2599.16	2612.02	2594.43	2596.91	775.48	779.0	769.68	770.98
2024-10-14	0.247	0.516	-0.562	-2.246	-0.675		1	1	1	2	2596.91	2602.63	2602.63	2623.29	770.98	770.85	765.27	770.26
2024-10-15	0.965	0.872	0.614	-3.715	-3.142		4	4	4	4	2623.29	2632.37	2615.47	2633.45	770.26	773.37	768.13	773.81
2024-10-16	-1.048	-0.791	-1.464	4.772	0.581		-4	-5	-6	-6	2633.45	2606.7	2601.35	2610.36	773.81	769.19	764.97	765.79
2024-10-17	0.175	0.396	-0.545	-5.136	0.412		1	1	1	1	2610.36	2620.74	2603.52	2609.3	765.79	768.15	763.21	765.06
2024-10-18	0.114	0.004	1.992	-2.4	0.113		-1	-1	-4	-2	2609.3	2616.04	2587.96	2593.82	765.06	765.71	749.53	753.22
2024-10-21	0.693	0.49	-0.562	-5.651	0.347		3	3	3	4	2593.82	2600.77	2594.05	2604.92	753.22	754.35	749.64	759.95
2024-10-22	0.356	-0.106	2.676	1.886	-0.099		-1	-1	-5	-4	2604.92	2600.87	2564.46	2570.7	759.95	758.72	738.33	738.34
2024-10-23	0.112	-0.137	0.526	-0.925	-1.026		0	0	-1	2	2570.7	2575.25	2567.42	2599.62	738.34	740.93	729.28	745.19
2024-10-24	-1.267	-0.812	0.904	5.714	0.353		-4	-4	-6	-6	2599.62	2591.69	2578.8	2581.03	745.19	742.7	734.26	734.59
2024-10-25	0.8	0.287	-0.99	-0.832	0.199		1	1	0	0	2581.03	2597.44	2577.0	2583.27	734.59	739.05	725.27	727.41
2024-10-28	0.69	0.158	0.762	6.551	-3.901		1	1	1	3	2583.27	2588.45	2587.2	2612.43	727.41	729.75	729.75	740.48
2024-10-29	0.34	0.359	1.087	-2.607	0.95		0	0	-1	0	2612.43	2606.94	2595.86	2617.8	740.48	740.05	733.28	744.18
2024-10-30	0.965	0.366	-0.093	-2.323	0.387		2	2	0	0	2617.8	2606.99	2586.88	2593.79	744.18	743.53	738.13	738.19
2024-10-31	-0.817	-0.535	-0.187	5.222	0.714		-3	-4	-6	-4	2593.79	2575.24	2552.36	2556.15	738.19	734.25	728.34	743.06
2024-11-01	-2.51	-1.8	0.422	13.808	1.704	2.793	-6	-7	-11	-8	2556.15	2542.96	2536.84	2542.36	743.06	735.67	729.05	729.05
2024-11-04	0.724	0.123	1.797	-5.527	1.151		1	1	1	5	2542.36	2549.04	2542.68	2588.97	729.05	730.5	728.11	754.08
2024-11-05	-0.106	-0.125	-1.192	0.457	0.21		0	-1	-1	0	2588.97	2570.24	2564.66	2576.88	754.08	752.17	750.17	751.81
2024-11-06	1.518	1.364	-0.464	-6.779	0.042		5	5	2	4	2576.88	2591.9	2544.04	2563.51	751.81	757.23	737.77	743.31
2024-11-07	3.093	2.618	3.194	-20.595	0.251		4	4	1	3	2563.51	2557.23	2540.48	2564.63	743.31	743.47	727.1	733.52
2024-11-08	1.504	0.81	-1.92	-6.577	-0.207		5	7	6	6	2564.63	2586.7	2553.42	2561.15	733.52	739.91	739.66	743.38
2024-11-11	0.177	0.455	-0.806	-1.711	-0.185		1	1	-2	-2	2561.15	2562.05	2525.56	2531.66	743.38	744.86	727.04	728.84
2024-11-12	0.077	0.055	0.046	0.201	0.162		0	0	-4	-4	2531.66	2527.94	2481.53	2482.57	728.84	728.72	707.96	710.52
2024-11-13	-0.144	-0.302	2.878	-1.737	-0.206		-1	-1	-5	-5	2482.57	2468.27	2415.77	2417.08	710.52	708.52	689.64	689.65
2024-11-14	-0.227	0.052	0.429	-4.691	-0.438		1	1	0	0	2417.08	2430.26	2410.93	2418.86	689.65	694.16	681.3	681.56
2024-11-15	-0.803	-0.71	-0.741	2.068	-0.116		-2	-3	-5	-2	2418.86	2413.05	2390.56	2416.86	681.56	675.64	668.38	685.42
2024-11-18	-2.187	-1.265	0.226	12.788	-0.239		-6	-5	-5	-4	2416.86	2440.31	2437.53	2469.07	685.42	683.53	681.0	689.55
2024-11-19	0.597	0.375	-0.316	-3.47	-0.217		1	1	0	1	2469.07	2469.13	2465.15	2471.95	689.55	690.45	682.5	686.12
2024-11-20	1.015	0.38	-0.793	4.942	0.231		1	1	1	1	2471.95	2475.76	2471.79	2482.29	686.12	689.03	682.03	682.91
2024-11-21	-0.165	-0.006	0.617	4.954	0.247		-1	-1	-2	-1	2482.29	2474.62	2474.62	2480.63	682.91	683.1	672.83	680.67
2024-11-22	-0.137	0.475	0.59	-1.69	0.114		1	1	1	2	2480.63	2493.42	2492.21	2501.24	680.67	682.37	676.06	677.01
2024-11-25	0.573	0.664	-0.496	-9.662	0.281		4	6	5	7	2501.24	2524.11	2517.98	2534.34	677.01	683.37	683.37	696.83
2024-11-26	0.394	0.414	-3.288	-4.199	0.203		4	4	2	4	2534.34	2521.39	2512.21	2520.36	696.83	697.59	689.53	693.15
2024-11-27	0.614	0.63	0.868	-3.425	0.204		2	2	0	2	2520.36	2518.82	2498.32	2503.06	693.15	693.8	686.37	692.0
2024-11-28	-0.594	-0.38	-1.395	0.0	0.0		-1	-1	-1	-1	2503.06	2499.69	2495.64	2504.67	692.0	694.96	691.61	694.39
2024-11-29	-0.594	-0.38	-1.395	0.0	0.073		-1	-1	-5	-5	2504.67	2496.93	2446.96	2455.91	694.39	694.24	677.08	678.19
2024-12-02	0.836	0.561	-1.509	-4.184	0.0		4	6	4	4	2455.91	2479.02	2448.45	2454.48	678.19	684.15	675.78	675.84
2024-12-03	0.976	0.282	0.431	-1.258	0.088		2	3	2	6	2454.48	2472.06	2471.55	2500.1	675.84	678.98	678.98	690.8
2024-12-04	0.592	0.107	0.643	-0.3	0.114		1	-3	-3	-2	2500.1	2450.76	2442.46	2464.0	690.8	677.59	671.6	677.15
2024-12-05	1.197	0.552	-1.018	1.128	0.292		3	3	1	1	2464.0	2471.45	2434.78	2441.85	677.15	679.79	669.27	670.94
2024-12-06	-0.285	-0.24	0.0	0.669	0.205		0	0	-4	-1	2441.85	2451.6	2397.73	2428.16	670.94	670.7	644.39	661.33
2024-12-09	0.774	0.204	-0.694	-5.687	-0.074		2	-1	-2	-2	2428.16	2392.37	2360.18	2360.58	661.33	649.35	627.01	627.01
2024-12-10	-0.641	-0.623	1.156	11.12	-0.263		-4	-2	-2	0	2360.58	2384.51	2384.51	2417.84	627.01	635.94	635.94	661.59
2024-12-11	-0.107	-0.189	0.524	-0.07	-0.131		0	0	0	3	2417.84	2412.15	2411.38	2442.51	661.59	661.71	661.71	675.92
2024-12-12	1.597	0.73	1.185	-4.231	0.199		4	4	4	7	2442.51	2456.63	2448.76	2482.12	675.92	680.97	674.31	683.35
2024-12-13	-0.338	-0.471	1.241	2.504	0.057		-1	-1	-1	0	2482.12	2473.75	2470.24	2494.46	683.35	684.25	683.3	693.73
2024-12-16	0.049	-0.003	1.735	-0.79	0.21		-1	0	-1	-1	2494.46	2511.08	2483.43	2488.97	693.73	699.81	695.67	698.53
2024-12-17	1.262	0.322	-0.045	6.372	-0.141		1	1	-1	0	2488.97	2487.31	2455.05	2456.81	698.53	699.52	691.58	694.47
2024-12-18	-0.343	-0.391	-0.273	8.033	0.2		-1	-1	-1	0	2456.81	2463.06	2462.82	2484.43	694.47	694.94	690.4	697.57
2024-12-19	-3.564	-2.788	2.486	74.039	-0.623		-7	-11	-11	-11	2484.43	2426.55	2423.59	2435.93	697.57	682.53	679.85	684.36
2024-12-20	0.081	0.097	1.691	-12.781	-0.973		1	1	-3	-2	2435.93	2429.63	2389.86	2404.15	684.36	684.79	667.0	668.31
2024-12-23	3.982	3.852	-1.007	-23.786	-0.086		6	8	6	9	2404.15	2423.36	2413.62	2442.01	668.31	674.26	671.09	679.24
2024-12-24	0.936	0.758	1.658	-8.606	0.462		3	3	3	3	2442.01	2450.55	2432.42	2440.52	679.24	683.02	679.23	680.11
2024-12-26	1.442	1.125	-0.174	-14.958	0.143		6	6	6	6	2440.52	2449.52	2428.82	2429.67	680.11	684.21	674.81	675.64
2024-12-27	-0.132	-0.094	-0.261	3.224	0.086		0	0	-4	-2	2429.67	2419.46	2388.33	2404.77	675.64	674.3	661.24	665.97
2024-12-30	-1.433	-1.077	0.874	8.282	-0.255		-5	-5	-5	-3	2404.77	2397.49	2390.44	2399.49	665.97	662.68	661.92	678.19
2025-01-02	-0.703	-0.201	0.616	-0.287	0.181		-1	-1	-1	0	2399.49	2400.87	2386.84	2398.94	678.19	678.98	675.96	686.63
2025-01-03	-0.064	-0.146	0.044	3.343	0.0		0	0	0	4	2398.94	2402.58	2402.58	2441.92	686.63	688.04	687.73	705.76
2025-01-06	1.841	1.343	0.459	-10.039	0.122		6	6	6	9	2441.92	2453.3	2446.82	2488.64	705.76	707.87	707.87	717.96
2025-01-07	1.409	0.678	0.479	-0.558	-0.163		3	4	3	3	2488.64	2513.49	2492.09	2492.1	717.96	719.68	717.07	718.29
2025-01-08	-1.791	-1.089	1.408	11.097	0.364		-6	-6	-6	-5	2492.1	2481.25	2481.25	2521.05	718.29	713.78	712.62	719.63
2025-01-09	-0.177	0.085	0.214	-0.673	0.0		0	0	-1	0	2521.05	2526.1	2515.82	2521.9	719.63	718.89	712.35	723.52
2025-01-10	-0.05	0.139	0.214	-0.673	0.501		0	0	-1	0	2521.9	2528.42	2506.29	2515.78	723.52	722.21	715.68	717.89
2025-01-13	-1.574	-1.571	1.769	10.395	-0.039		-7	-7	-9	-9	2515.78	2508.15	2483.73	2489.56	717.89	713.98	707.6	708.21
2025-01-14	-0.036	0.375	0.565	-1.791	0.0		0	0	0	1	2489.56	2501.49	2482.74	2497.4	708.21	712.03	709.11	718.04
2025-01-15	0.046	0.272	-0.312	-2.501	0.684		0	0	-1	-1	2497.4	2511.07	2493.1	2496.81	718.04	722.16	709.82	711.61
2025-01-16	2.399	1.823	-2.82	-13.843	0.45		7	9	9	9	2496.81	2528.27	2519.86	2527.49	711.61	720.35	720.35	724.24
2025-01-17	-0.991	-0.299	-1.01	2.978	0.089		-2	-2	-2	-2	2527.49	2520.85	2513.84	2523.55	724.24	723.05	722.28	724.69
2025-01-20	1.509	0.999	0.065	-3.795	0.0		4	4	4	4	2523.55	2533.68	2516.28	2520.05	724.69	727.59	722.77	727.66
2025-01-21	1.534	0.978	0.065	-3.795	0.398		4	4	3	4	2520.05	2533.23	2507.95	2518.03	727.66	728.57	720.73	726.07
2025-01-22	1.104	1.037	-0.759	-5.698	-0.013		5	6	5	7	2518.03	2535.8	2526.89	2547.06	726.07	731.17	729.46	732.31
2025-01-23	1.193	0.606	0.547	0.266	-0.066		3	3	1	1	2547.06	2541.24	2515.49	2515.49	732.31	731.69	723.49	724.01
2025-01-24	0.132	0.466	0.848	-0.53	-0.429		1	1	1	2	2515.49	2529.29	2522.64	2536.8	724.01	725.78	722.82	728.74
2025-01-31	0.507	0.638	-0.944	-4.348	0.646		3	3	1	2	2536.8	2534.33	2496.95	2517.37	728.74	724.96	723.3	728.29
2025-02-03	-2.079	-1.906	1.263	3.725	2.22		-5	-8	-9	-9	2517.37	2468.74	2437.61	2453.95	728.29	718.26	700.57	703.8
2025-02-04	-0.326	0.015	-0.569	13.329	-1.107		-2	0	0	1	2453.95	2481.44	2471.63	2481.69	703.8	713.55	713.55	719.92
2025-02-05	0.852	0.388	-0.66	-7.573	0.083		2	3	2	4	2481.69	2503.94	2498.74	2509.27	719.92	724.6	724.6	730.98
2025-02-06	0.202	0.452	-2.016	-8.367	0.211		3	3	3	5	2509.27	2521.82	2515.34	2536.75	730.98	735.94	734.91	740.32
2025-02-07	0.259	0.098	0.407	-1.712	-0.071		0	0	0	0	2536.75	2532.09	2519.01	2521.92	740.32	739.88	737.61	742.9
2025-02-10	-1.948	-1.5	1.059	6.71	0.0		-5	-5	-7	-4	2521.92	2510.64	2499.18	2521.27	742.9	740.12	735.71	749.67
2025-02-11	0.911	0.618	0.134	-4.414	0.235		4	4	4	5	2521.27	2532.87	2527.74	2539.05	749.67	751.25	749.36	749.59
2025-02-12	-0.323	0.009	0.979	1.328	-0.164		0	0	-1	0	2539.05	2534.71	2528.74	2548.39	749.59	748.65	742.85	745.18
2025-02-13	0.29	-0.157	2.204	-0.811	-0.182		-1	-1	-1	0	2548.39	2558.95	2555.98	2583.17	745.18	748.69	744.83	749.28
2025-02-14	1.314	0.986	-2.415	-4.972	0.323		6	6	6	7	2583.17	2588.2	2582.84	2591.05	749.28	752.08	752.04	756.32
2025-02-17	0.407	-0.007	-1.171	-2.185	0.0		1	1	1	3	2591.05	2595.99	2592.57	2610.42	756.32	759.21	757.77	768.48
2025-02-18	0.585	0.095	-1.171	-2.185	-0.057		1	1	1	1	2610.42	2613.25	2605.15	2626.81	768.48	769.93	765.99	773.65
2025-02-19	0.037	0.196	1.61	3.927	-0.097		-1	-1	-1	1	2626.81	2633.91	2633.91	2671.52	773.65	774.12	772.63	778.27
2025-02-20	-0.094	0.088	-0.198	-0.521	-0.097		0	0	-2	-1	2671.52	2661.72	2645.53	2654.06	778.27	777.78	766.83	768.27
2025-02-21	-0.494	-0.499	-0.772	2.554	0.014		-2	-2	-2	-1	2654.06	2653.76	2638.44	2654.58	768.27	768.39	767.18	774.65
2025-02-24	-2.097	-1.512	-1.778	16.284	-0.852		-5	-6	-7	-5	2654.58	2636.12	2626.88	2645.27	774.65	766.94	764.48	773.33
2025-02-25	-1.11	-0.401	-0.611	4.228	0.311		-4	-6	-6	-4	2645.27	2617.64	2617.12	2630.29	773.33	766.85	765.26	769.43
2025-02-26	-0.965	-0.267	-2.163	2.371	0.261		-1	-1	-1	-1	2630.29	2629.86	2620.16	2641.09	769.43	769.0	766.69	771.41
2025-02-27	0.549	0.169	-1.14	-1.698	0.291		1	1	0	0	2641.09	2637.63	2610.47	2621.75	771.41	774.13	769.6	770.85
2025-02-28	-2.571	-1.472	0.847	10.628	-0.256		-6	-8	-10	-10	2621.75	2585.61	2531.24	2532.78	770.85	760.1	743.95	743.96
2025-03-04	-2.35	-1.534	-1.205	16.047	0.132		-6	-6	-8	-7	2532.78	2522.2	2513.31	2528.92	743.96	739.68	730.96	737.9
2025-03-05	0.41	-0.489	0.718	3.205	-0.264		0	1	0	2	2528.92	2548.45	2535.18	2558.13	737.9	743.35	740.69	746.95
2025-03-06	1.174	1.005	1.306	-6.721	0.121		5	5	3	5	2558.13	2573.55	2565.57	2576.16	746.95	750.43	733.49	734.92
2025-03-07	-1.982	-1.438	0.492	13.406	-0.03		-6	-7	-8	-7	2576.16	2553.44	2541.49	2563.48	734.92	729.43	725.97	727.7
2025-03-10	0.294	0.154	0.723	-6.031	0.104		1	1	0	1	2563.48	2555.4	2549.99	2570.39	727.7	724.78	720.13	725.82
2025-03-11	-4.066	-2.675	-2.409	19.213	-0.121		-5	-9	-9	-6	2570.39	2516.69	2505.91	2537.6	725.82	710.2	706.96	721.5
2025-03-12	-0.114	-0.703	1.78	-3.374	0.558		-2	-2	-2	0	2537.6	2552.6	2541.66	2574.82	721.5	724.58	723.52	729.49
2025-03-13	0.981	0.341	0.7	-9.993	0.015		4	6	3	3	2574.82	2598.06	2561.02	2573.64	729.49	735.75	722.28	722.8
2025-03-14	-1.626	-1.163	-1.019	1.775	0.346		-4	-4	-4	-3	2573.64	2565.18	2559.24	2566.36	722.8	723.75	723.71	734.26
2025-03-17	2.385	1.892	0.796	-11.719	0.253		6	8	7	9	2566.36	2588.32	2587.52	2610.69	734.26	740.14	735.32	743.51
2025-03-18	0.253	0.637	-0.046	-5.788	-0.266		2	2	2	2	2610.69	2627.27	2606.91	2612.34	743.51	747.71	742.29	745.54
2025-03-19	-1.71	-1.056	-0.581	5.802	-0.269		-5	-5	-6	-6	2612.34	2613.48	2613.48	2628.62	745.54	743.21	737.52	738.35
2025-03-20	1.409	1.106	-0.584	-8.295	0.194		5	6	4	4	2628.62	2648.16	2629.2	2637.1	738.35	743.06	725.1	725.15
2025-03-21	-0.271	-0.192	-0.54	-0.503	0.132		0	0	-2	0	2637.1	2633.9	2617.78	2643.13	725.15	724.94	713.82	719.41
2025-03-24	3.606	2.258	0.449	-2.626	0.103		4	4	4	4	2643.13	2636.43	2629.38	2632.07	719.41	721.39	718.67	720.22
2025-03-25	2.17	1.722	1.858	-9.336	0.072		5	6	3	4	2632.07	2653.04	2612.74	2615.81	720.22	725.34	709.67	711.26
2025-03-26	0.57	0.235	-0.554	-1.888	0.232		1	1	0	2	2615.81	2628.09	2618.05	2643.94	711.26	714.36	705.38	716.48
2025-03-27	-2.391	-1.502	0.72	6.88	0.445		-5	-6	-8	-7	2643.94	2620.28	2603.41	2607.15	716.48	710.98	706.86	707.49
2025-03-28	-0.506	-0.287	0.715	1.964	-0.014		-1	-1	-5	-5	2607.15	2592.63	2549.26	2557.98	707.49	708.97	691.76	693.76
2025-03-31	-3.407	-2.561	-2.609	15.837	0.101		-5	-8	-9	-9	2557.98	2513.44	2479.46	2481.12	693.76	683.42	671.91	672.85
2025-04-01	-0.282	0.395	-0.212	2.91	-0.126	1.015	0	2	-2	4	2481.12	2511.24	2494.43	2521.39	672.85	681.58	677.86	691.45
2025-04-02	0.85	0.334	-2.12	-2.289	0.0		2	2	0	1	2521.39	2525.62	2499.83	2505.86	691.45	695.37	683.3	684.85
2025-04-03	-2.869	-2.159	0.962	-1.194	-1.855		-4	-8	-8	-5	2505.86	2437.43	2437.43	2486.7	684.85	670.75	669.85	683.49
2025-04-04	-6.051	-5.019	-3.36	39.563	-0.463		-4	-6	-7	-5	2486.7	2450.49	2438.02	2465.42	683.49	677.23	674.66	687.39
2025-04-07	-8.32	-7.995	-1.726	50.933	-1.403		-5	-9	-9	-9	2465.42	2359.25	2327.01	2328.2	687.39	667.02	651.29	651.3
2025-04-08	0.679	0.341	4.266	3.686	0.544		-1	3	-1	0	2328.2	2381.2	2328.94	2334.23	651.3	666.01	656.07	658.45
2025-04-09	-2.286	-1.849	2.575	11.388	-2.115		-6	-6	-10	-10	2334.23	2329.99	2284.72	2293.7	658.45	653.84	637.55	643.39
2025-04-10	12.049	9.725	3.238	-35.754	0.577		4	8	8	8	2293.7	2395.13	2391.39	2445.06	643.39	670.12	669.99	681.79
2025-04-11	-4.414	-3.513	-0.136	21.118	0.216		-6	-9	-9	-4	2445.06	2400.74	2394.25	2432.72	681.79	673.09	672.74	695.59
2025-04-14	4.277	2.945	2.253	-7.76	0.325		4	5	4	7	2432.72	2454.28	2449.48	2455.89	695.59	699.99	699.21	708.98
2025-04-15	0.47	0.629	-2.871	-17.758	0.081		5	5	5	6	2455.89	2464.51	2461.23	2477.41	708.98	709.51	704.61	711.92
2025-04-16	-0.947	-0.624	-0.94	-2.493	0.342		-3	-3	-6	-5	2477.41	2472.78	2442.72	2447.43	711.92	710.38	698.58	699.11
2025-04-17	-3.035	-2.198	-1.018	8.367	0.256		-5	-5	-5	-2	2447.43	2451.7	2447.4	2470.41	699.11	700.11	700.11	711.75
2025-04-18	-0.127	0.133	1.262	-9.161	0.0		2	2	2	3	2470.41	2473.3	2466.9	2483.42	711.75	713.52	708.2	717.77
2025-04-21	-0.532	-0.413	1.262	-9.161	-0.588		0	0	0	0	2483.42	2486.38	2479.23	2488.42	717.77	717.25	714.05	715.45
2025-04-22	-2.598	-2.4	1.662	14.064	0.555		-7	-7	-7	-7	2488.42	2481.18	2476.14	2486.64	715.45	711.42	711.03	716.12
2025-04-23	4.126	3.735	-0.363	-9.61	-0.482		6	8	7	9	2486.64	2520.56	2507.1	2525.56	716.12	724.33	720.42	726.08
2025-04-24	2.62	1.8	-0.046	-6.935	0.112		5	5	4	5	2525.56	2525.34	2507.21	2522.33	726.08	726.95	723.33	726.08
2025-04-25	3.171	2.348	-1.869	-6.96	0.111		6	7	6	7	2522.33	2544.59	2534.94	2546.3	726.08	729.56	728.21	729.69
2025-04-28	1.209	0.634	-0.906	-6.158	0.746		4	4	3	3	2546.3	2551.23	2541.97	2548.86	729.69	730.58	718.14	719.41
2025-04-29	-0.351	-0.116	-1.172	1.248	-0.29		0	0	0	1	2548.86	2550.25	2542.25	2565.42	719.41	722.94	721.42	726.46
2025-04-30	0.333	0.504	-1.02	-3.897	-0.43		1	1	-1	0	2565.42	2561.04	2544.46	2556.61	726.46	726.19	715.33	717.24
2025-05-02	1.071	0.368	1.293	-0.405	-0.422		2	2	2	2	2556.61	2556.52	2540.57	2559.79	717.24	716.6	714.07	721.86
2025-05-07	-1.206	-1.076	-0.806	4.738	-0.186		-5	-5	-6	-5	2559.79	2577.04	2559.17	2573.8	721.86	722.41	714.8	722.81
2025-05-08	0.141	0.28	-0.766	-4.887	-0.241		1	1	1	2	2573.8	2581.27	2575.78	2579.48	722.81	725.81	725.81	729.59
2025-05-09	1.116	0.65	2.292	-4.544	0.568		3	3	2	2	2579.48	2587.93	2571.2	2577.27	729.59	731.01	719.83	722.52
2025-05-12	1.304	1.391	0.046	-2.58	0.606		4	4	4	5	2577.27	2593.94	2585.6	2607.33	722.52	724.47	719.23	725.4
2025-05-13	4.376	3.307	1.874	-16.027	0.081		5	5	5	6	2607.33	2601.76	2601.58	2608.42	725.4	731.11	730.76	731.88
2025-05-14	1.481	0.682	0.942	-0.924	-0.079		3	3	3	5	2608.42	2625.36	2619.15	2640.57	731.88	732.2	726.51	739.05
2025-05-15	0.66	0.026	0.645	2.195	-0.428		1	1	-1	0	2640.57	2634.5	2618.08	2621.36	739.05	738.15	732.59	733.23
2025-05-16	-0.2	0.443	-1.612	-4.243	0.13		3	3	2	2	2621.36	2630.64	2619.1	2626.87	733.23	734.38	722.99	725.07
2025-05-19	-0.391	-0.057	-0.314	-3.309	0.416		0	0	-3	-2	2626.87	2613.7	2593.44	2603.42	725.07	721.27	710.47	713.75
2025-05-20	-0.042	0.046	0.766	5.22	-0.016		-1	0	-1	-1	2603.42	2622.68	2598.1	2601.8	713.75	719.36	715.12	715.55
2025-05-21	-0.53	-0.493	0.134	-0.276	-0.464		-2	-2	-2	0	2601.8	2615.9	2614.73	2625.58	715.55	720.64	719.96	723.62
2025-05-22	-1.466	-1.669	2.566	15.368	-0.39		-7	-7	-9	-9	2625.58	2614.66	2588.09	2593.67	723.62	720.96	714.71	717.67
2025-05-23	0.496	0.169	-0.936	-2.827	-0.637		1	1	1	1	2593.67	2603.57	2589.51	2592.09	717.67	720.5	713.22	715.98
2025-05-26	-0.996	-0.671	-0.966	9.911	0.0		-5	-5	-5	-2	2592.09	2598.45	2595.96	2644.4	715.98	718.48	716.86	725.27
2025-05-27	-0.982	-0.619	-0.966	9.911	0.276		-5	-5	-6	-5	2644.4	2630.29	2625.66	2637.22	725.27	727.0	723.66	727.11
2025-05-28	2.556	2.155	-1.663	-14.939	0.246		7	7	7	8	2637.22	2648.86	2643.5	2670.15	727.11	731.06	727.6	728.79
2025-05-29	0.112	-0.206	0.97	1.846	-0.016		0	1	0	3	2670.15	2691.06	2686.64	2720.64	728.79	733.22	731.64	736.29
2025-05-30	0.218	0.224	-1.184	-0.673	0.0		0	0	-1	-1	2720.64	2713.24	2689.87	2697.67	736.29	735.26	732.55	734.35
2025-06-02	-0.665	-0.3	-0.181	-3.18	0.526		-1	-1	-1	0	2697.67	2692.91	2685.14	2698.97	734.35	735.14	733.97	740.29
2025-06-04	0.731	0.555	-0.045	-3.649	-0.079		2	4	4	5	2698.97	2737.92	2734.02	2770.84	740.29	749.13	747.35	750.21
2025-06-05	0.217	-0.105	-2.13	-0.452	-0.143		1	2	1	3	2770.84	2790.33	2787.76	2812.05	750.21	751.59	750.17	756.23
2025-06-09	1.244	1.082	2.64	-9.253	0.341		5	6	6	8	2812.05	2841.56	2841.39	2855.77	756.23	759.27	757.29	764.21
2025-06-10	0.325	0.125	-0.621	2.326	0.26		0	0	0	1	2855.77	2872.62	2849.67	2871.85	764.21	767.91	761.36	771.2
2025-06-11	0.555	0.445	-0.178	-1.224	-0.339		2	2	2	5	2871.85	2887.32	2879.92	2907.04	771.2	775.43	774.84	786.29
2025-06-12	-0.578	-0.386	-1.386	1.829	1.291		-1	-1	-1	-1	2907.04	2909.99	2909.99	2920.03	786.29	786.27	784.96	789.45
2025-06-13	0.13	0.308	-1.247	4.403	1.264		-1	-1	-4	-4	2920.03	2930.57	2877.07	2894.62	789.45	792.68	761.42	768.86
2025-06-16	-1.717	-1.636	1.538	15.538	4.878		-9	-9	-9	-6	2894.62	2903.5	2886.13	2946.66	768.86	767.64	763.81	777.26
2025-06-17	1.556	0.985	0.633	-8.213	-0.92		5	5	3	5	2946.66	2959.93	2925.79	2950.3	777.26	780.08	766.56	775.65
2025-06-18	-1.032	-0.965	-1.325	13.03	1.029		-6	-6	-6	-5	2950.3	2933.63	2933.63	2972.19	775.65	772.6	772.6	779.73
2025-06-19	0.129	-0.031	0.091	-6.759	0.0		1	1	1	1	2972.19	2989.56	2954.47	2977.74	779.73	783.29	776.21	782.51
2025-06-20	0.178	0.011	0.091	-6.759	-0.719		1	1	1	3	2977.74	2986.52	2972.37	3021.84	782.51	783.63	780.65	791.53
2025-06-23	-1.61	-0.987	-0.5	2.383	4.097		-6	-8	-10	-7	3021.84	2992.2	2971.36	3014.47	791.53	779.67	772.91	784.79
2025-06-24	0.969	0.977	-1.257	-3.831	-1.124		4	7	7	8	3014.47	3061.14	3061.14	3103.64	784.79	796.06	794.87	800.93
2025-06-25	1.431	1.088	-0.625	-11.851	1.165		6	7	5	6	3103.64	3127.79	3084.86	3108.25	800.93	802.92	793.03	798.21
2025-06-26	0.308	-0.037	0.0	-4.119	0.092		1	1	-3	-1	3108.25	3108.34	3036.55	3079.56	798.21	799.21	779.72	787.95
2025-06-27	1.004	0.842	-0.932	-1.014	0.092		3	3	1	1	3079.56	3077.87	3041.85	3055.94	787.95	789.93	778.6	781.56
2025-06-30	0.523	0.514	0.705	-1.627	-0.565		2	2	2	2	3055.94	3072.75	3063.42	3071.7	781.56	783.53	778.58	781.5
2025-07-01	0.362	0.389	-1.237	2.512	-0.23	3.614	0	0	-2	0	3071.7	3089.64	3088.45	3089.65	781.5	783.65	783.29	783.67
2025-07-02	-0.811	-0.128	0.496	0.598	0.168		-1	-1	-4	-1	3089.65	3083.82	3032.47	3075.06	783.67	784.73	769.91	782.17
2025-07-03	0.95	0.498	0.988	-1.129	0.074		3	4	3	5	3075.06	3100.33	3085.98	3116.27	782.17	785.77	783.53	793.33
2025-07-04	1.006	0.779	1.281	-1.563	0.194		3	3	-1	-1	3116.27	3122.28	3052.91	3054.28	793.33	792.65	775.58	775.8
2025-07-07	1.296	1.22	1.281	-1.563	-1.203		4	4	4	4	3054.28	3044.78	3032.99	3059.47	775.8	774.19	771.46	778.46
2025-07-08	-1.121	-1.001	1.081	8.608	0.044		-5	-5	-5	-3	3059.47	3071.74	3066.03	3114.95	778.46	779.28	775.57	784.24
2025-07-09	0.072	-0.072	0.455	-5.509	-0.22		1	1	1	1	3114.95	3123.22	3111.02	3133.74	784.24	786.33	783.48	790.36
2025-07-10	0.894	0.586	-1.653	-5.175	-0.132		4	4	4	7	3133.74	3144.14	3133.81	3183.23	790.36	794.64	792.05	797.7
2025-07-11	0.087	0.255	0.092	-1.004	0.421		0	0	0	0	3183.23	3186.35	3170.46	3175.77	797.7	799.96	798.83	800.47
2025-07-14	-0.647	-0.742	1.772	3.929	0.336		-3	-3	-3	-2	3175.77	3175.59	3170.72	3202.03	800.47	802.73	795.57	799.37
2025-07-15	0.261	0.117	0.09	4.878	-0.179		-1	-1	-1	0	3202.03	3194.82	3183.83	3215.28	799.37	800.24	798.83	812.88
2025-07-16	0.017	-0.559	1.4	1.047	0.316		-1	-1	-3	-2	3215.28	3207.48	3178.42	3186.38	812.88	810.09	805.13	812.23
2025-07-17	0.207	0.256	-0.757	-1.266	0.331		0	0	-1	0	3186.38	3201.42	3152.42	3192.29	812.23	814.92	806.63	818.27
2025-07-18	0.793	0.569	0.18	-3.73	0.089		2	2	1	2	3192.29	3200.44	3169.69	3188.07	818.27	821.58	815.45	820.67
2025-07-21	0.083	0.007	-0.695	-0.666	-0.03		0	0	0	1	3188.07	3191.11	3188.87	3210.81	820.67	819.84	817.34	821.69
2025-07-22	0.365	0.175	-1.354	1.463	-0.119		0	0	-3	-2	3210.81	3210.12	3155.25	3169.94	821.69	822.33	808.81	812.97
2025-07-23	-0.539	0.06	-0.823	-0.901	-1.087		-1	-1	-3	-1	3169.94	3189.65	3141.93	3183.77	812.97	815.88	802.3	813.56
2025-07-24	1.002	0.902	1.199	-6.848	0.261		5	6	5	5	3183.77	3209.43	3183.05	3190.45	813.56	816.94	809.26	809.89
2025-07-25	0.24	0.152	0.456	0.13	0.182		0	0	0	0	3190.45	3184.37	3184.37	3196.05	809.89	809.43	805.83	806.95
2025-07-28	0.661	0.787	-0.499	-2.989	-0.015		2	3	2	2	3196.05	3228.61	3180.18	3209.52	806.95	811.26	800.76	804.4
2025-07-29	0.388	0.041	0.775	0.67	0.495		0	0	-2	0	3209.52	3192.17	3169.03	3230.57	804.4	803.38	795.67	804.45
2025-07-30	-0.379	-0.327	-2.036	6.321	0.188		0	0	0	1	3230.57	3233.31	3227.28	3254.47	804.45	804.76	803.34	803.67
2025-07-31	1.105	0.489	1.062	-3.129	0.429		3	3	2	3	3254.47	3275.78	3227.46	3245.44	803.67	806.21	799.51	805.24
2025-08-01	-0.276	-0.601	-0.366	8.01	0.13	1.041	-2	-4	-8	-6	3245.44	3210.32	3117.92	3119.41	805.24	796.24	772.66	772.79
2025-08-04	-2.384	-1.719	-3.211	21.89	-0.713		-4	-4	-4	-2	3119.41	3114.27	3105.63	3147.75	772.79	773.83	770.35	784.06
2025-08-05	2.201	1.694	-0.474	-14.033	-0.121		6	8	8	10	3147.75	3187.15	3174.23	3198.0	784.06	791.94	791.94	798.6
2025-08-06	-0.825	-0.521	-0.095	1.884	-0.015		-2	-2	-2	-2	3198.0	3182.06	3176.61	3198.14	798.6	796.48	793.85	803.49
2025-08-07	1.191	0.728	0.572	-6.05	0.016		4	4	4	5	3198.14	3214.81	3200.28	3227.68	803.49	805.27	801.7	805.81
2025-08-08	0.44	0.014	0.569	-1.193	-0.047		1	1	0	1	3227.68	3220.58	3198.31	3210.01	805.81	806.43	806.43	809.27
2025-08-11	1.188	0.924	0.966	-8.57	-0.626		5	5	5	5	3210.01	3220.72	3199.9	3206.77	809.27	810.51	805.9	811.85
2025-08-12	-0.312	-0.309	-0.28	7.261	0.063		-1	-1	-1	-1	3206.77	3209.75	3189.58	3189.91	811.85	813.12	806.84	807.19
2025-08-13	1.416	1.127	0.468	-9.354	-0.158		6	8	6	8	3189.91	3225.4	3192.17	3224.37	807.19	816.54	806.26	814.1
2025-08-14	0.066	0.265	-1.281	-1.629	0.223		0	0	0	0	3224.37	3226.52	3210.83	3225.66	814.1	814.48	812.38	815.26
2025-08-18	-0.442	-0.359	0.815	1.753	0.318		-1	-2	-4	-4	3225.66	3202.63	3177.28	3177.28	815.26	811.52	798.05	798.05
2025-08-19	0.044	-0.022	0.3	-0.663	-0.237		0	0	-2	-2	3177.28	3185.04	3142.48	3151.56	798.05	799.54	785.95	787.96
2025-08-20	-1.492	-0.578	-0.898	3.869	0.401		-3	-5	-7	-4	3151.56	3121.52	3079.27	3130.09	787.96	778.63	766.57	777.61
2025-08-21	-0.671	-0.228	-0.139	0.771	-0.57		-1	-1	-1	-1	3130.09	3140.71	3134.86	3141.74	777.61	780.32	776.31	777.24
2025-08-22	-0.319	-0.342	0.791	5.8	-0.031		-1	0	-1	0	3141.74	3165.41	3159.45	3168.73	777.24	778.77	778.73	782.51
2025-08-25	2.015	1.669	-1.617	-14.337	0.346		7	9	8	10	3168.73	3195.14	3180.12	3209.86	782.51	791.66	791.66	798.02
2025-08-26	-0.188	-0.353	0.352	4.008	-0.077		-1	-1	-2	-2	3209.86	3199.92	3175.31	3179.36	798.02	793.99	793.37	801.66
2025-08-27	0.496	0.479	-0.398	-1.149	0.095		2	2	2	2	3179.36	3185.87	3165.77	3187.16	801.66	802.57	797.6	801.72
2025-08-28	-0.153	0.07	-0.47	1.573	-0.436		0	0	-1	0	3187.16	3175.33	3164.08	3196.32	801.72	800.49	797.37	798.43
2025-08-29	0.497	0.293	-0.731	-2.828	-0.526		1	1	1	1	3196.32	3208.8	3184.48	3186.01	798.43	801.96	795.56	796.91
2025-09-01	-1.15	-0.64	0.475	6.445	0.0	1.793	-4	-4	-10	-6	3186.01	3164.58	3135.02	3142.93	796.91	795.3	782.54	785.0
2025-09-02	-1.076	-0.547	0.475	6.445	-0.094		-4	-4	-4	-2	3142.93	3155.73	3151.93	3172.35	785.0	789.35	785.3	794.0
2025-09-03	-0.36	-0.342	1.183	11.784	0.046		-2	-2	-2	-2	3172.35	3177.75	3167.23	3184.42	794.0	793.28	789.27	796.81
2025-09-04	1.059	0.553	-1.543	-4.776	-0.234		5	5	5	6	3184.42	3188.84	3185.49	3200.83	796.81	799.53	799.53	805.42
2025-09-05	1.112	0.911	-0.831	-6.422	-0.236		5	5	5	5	3200.83	3208.83	3196.19	3205.12	805.42	809.09	807.2	811.4
2025-09-08	-0.078	-0.409	-2.155	-0.784	0.21		0	0	0	1	3205.12	3209.81	3206.34	3219.59	811.4	815.9	813.43	818.6
2025-09-09	0.45	0.237	-0.979	-0.461	0.273		1	1	1	2	3219.59	3231.31	3221.98	3260.05	818.6	820.75	817.4	824.82
2025-09-10	0.473	0.43	0.692	-0.463	0.176		2	2	2	5	3260.05	3272.2	3272.07	3314.53	824.82	828.4	827.57	833.0
2025-09-11	-0.07	0.237	-1.031	2.061	0.204		0	0	0	1	3314.53	3336.6	3311.86	3344.2	833.0	834.68	831.23	834.76
2025-09-12	0.761	0.905	-0.521	-4.169	-0.16		4	5	4	7	3344.2	3374.65	3362.86	3395.54	834.76	839.73	839.56	847.08
2025-09-15	0.453	-0.048	1.247	0.34	0.447		1	1	1	1	3395.54	3407.78	3391.33	3407.31	847.08	849.64	843.43	852.69
2025-09-16	0.859	0.391	-0.665	6.301	0.016		0	0	0	1	3407.31	3421.13	3418.1	3449.62	852.69	854.4	850.15	851.84
2025-09-17	-0.041	-0.095	-0.198	4.27	0.108		-1	-1	-3	-2	3449.62	3433.83	3406.75	3413.4	851.84	850.15	844.16	845.53
2025-09-18	-0.211	-0.025	1.242	-3.912	-0.094		0	0	0	2	3413.4	3432.77	3422.77	3461.3	845.53	851.94	850.23	857.11
2025-09-19	0.973	0.554	0.687	-0.127	0.031		3	3	2	3	3461.3	3461.23	3434.61	3445.24	857.11	858.08	854.0	863.11
2025-09-22	1.863	1.348	0.853	-1.592	0.096		4	4	4	5	3445.24	3463.84	3458.87	3468.65	863.11	869.06	867.11	874.36
2025-09-23	0.664	0.397	0.097	4.207	-0.495		0	0	-1	0	3468.65	3489.46	3467.83	3486.19	874.36	877.18	866.65	872.21
2025-09-24	-0.896	-0.509	-0.555	3.354	0.363		-2	-2	-5	-3	3486.19	3492.03	3442.41	3472.14	872.21	870.54	851.38	860.94
2025-09-25	-0.308	-0.21	0.655	-2.764	-0.292		0	0	-1	-1	3472.14	3458.98	3454.08	3471.11	860.94	858.45	850.13	852.48
2025-09-26	-0.449	-0.456	0.603	3.461	0.339		-2	-3	-6	-6	3471.11	3440.39	3365.73	3386.05	852.48	847.67	829.47	835.19
2025-09-29	0.443	0.598	0.36	-8.662	-0.989		3	4	4	5	3386.05	3414.43	3413.33	3431.21	835.19	840.62	837.89	846.71
2025-09-30	0.396	0.182	-1.099	5.428	-0.489		-1	-1	-1	-1	3431.21	3436.0	3421.89	3424.6	846.71	847.52	841.65	841.99
2025-10-01	0.069	0.212	0.169	0.993	0.144	2.72	0	0	-2	1	3424.6	3444.06	3440.42	3455.83	841.99	846.32	844.0	845.34
2025-10-02	0.387	0.273	-1.013	0.061	0.0		0	3	2	3	3455.83	3525.48	3512.16	3549.21	845.34	853.4	848.75	854.25
2025-10-10	-0.087	-0.272	0.46	0.798	-0.033		0	1	0	2	3549.21	3598.11	3569.44	3610.6	854.25	858.86	849.64	859.49
2025-10-13	-2.968	-2.154	-2.338	31.832	0.17		-5	-8	-9	-6	3610.6	3550.08	3522.54	3584.55	859.49	845.76	840.28	860.49
2025-10-14	2.173	1.504	0.0	-12.142	0.151		6	6	3	5	3584.55	3604.12	3535.52	3561.81	860.49	865.37	839.27	847.96
2025-10-15	-0.796	-0.19	-0.716	9.354	-0.17		-3	-3	-3	1	3561.81	3580.64	3577.06	3657.28	847.96	853.17	850.3	864.72
2025-10-16	0.709	0.406	0.597	-0.817	0.858		2	2	2	4	3657.28	3675.82	3675.82	3748.37	864.72	866.82	862.63	865.41
2025-10-17	-0.625	-0.772	-1.73	22.626	0.07		-3	-3	-4	-3	3748.37	3732.76	3722.07	3748.89	865.41	862.71	859.19	859.54
2025-10-20	0.838	0.803	0.78	-17.898	0.33		4	5	4	8	3748.89	3775.4	3728.38	3814.69	859.54	864.98	862.01	875.77
2025-10-21	1.454	1.152	-0.524	-12.271	-0.261		6	7	5	6	3814.69	3851.01	3816.19	3823.84	875.77	881.53	867.62	872.5
2025-10-22	-0.204	0.044	-0.577	-1.975	-0.398		0	0	-1	2	3823.84	3827.23	3794.52	3883.68	872.5	872.51	866.21	879.15
2025-10-23	-1.037	-0.586	-0.252	4.085	2.462		-5	-6	-8	-7	3883.68	3835.79	3822.33	3845.56	879.15	874.13	868.74	872.03
2025-10-24	1.001	0.631	0.961	-6.989	0.0		4	6	5	7	3845.56	3893.23	3886.64	3941.59	872.03	880.61	876.38	883.08
2025-10-27	1.987	1.581	0.15	-5.376	0.52		5	7	6	9	3941.59	3999.79	3999.79	4042.83	883.08	890.23	888.87	902.7
2025-10-28	2.013	1.312	0.0	-3.543	0.31		4	3	2	3	4042.83	4010.47	3972.56	4010.41	902.7	902.82	896.36	903.3
2025-10-29	0.866	0.279	-0.35	3.99	0.05		1	2	1	3	4010.41	4061.54	4014.84	4081.15	903.3	906.5	896.11	901.59
2025-10-30	0.138	-0.239	1.883	3.045	-0.149		-1	-1	-3	-2	4081.15	4105.95	4070.79	4086.89	901.59	903.24	883.68	890.86
2025-10-31	-0.54	-0.385	0.862	-0.059	-0.446		-1	-1	-1	0	4086.89	4083.25	4059.74	4107.5	890.86	894.54	891.32	900.42
2025-11-03	0.703	0.32	0.195	3.134	0.689		1	1	1	4	4107.5	4123.36	4123.36	4221.87	900.42	906.19	902.29	914.55
2025-11-04	0.467	0.19	0.122	-1.548	-0.033		1	1	-1	0	4221.87	4219.24	4117.91	4121.74	914.55	914.87	912.78	926.57
2025-11-05	-2.158	-1.185	-0.414	10.658	-0.215		-6	-8	-10	-10	4121.74	4055.47	3867.81	4004.42	926.57	919.28	871.79	901.89
2025-11-06	0.617	0.413	1.663	-5.211	0.134		2	5	1	2	4004.42	4092.46	3985.29	4026.45	901.89	915.43	890.58	898.17
2025-11-07	-1.618	-0.888	-1.54	8.273	0.37		-3	-6	-7	-7	4026.45	3963.72	3887.32	3953.76	898.17	882.94	864.67	876.81
2025-11-10	0.399	0.633	0.0	-2.154	0.201		1	2	2	4	3953.76	3991.87	3984.24	4073.24	876.81	882.44	872.13	888.35
2025-11-11	2.302	1.547	0.415	-7.757	-0.1		5	6	4	6	4073.24	4124.3	4066.58	4106.39	888.35	893.91	876.56	884.27
2025-11-12	-0.144	0.244	0.243	-1.818	0.016		0	0	0	3	4106.39	4097.44	4088.86	4150.39	884.27	890.99	887.2	906.51
2025-11-13	-0.263	0.027	-1.335	1.331	-0.034		0	0	0	1	4150.39	4127.57	4123.84	4170.63	906.51	904.36	902.34	918.37
2025-11-14	-2.288	-1.615	1.156	14.22	0.034		-6	-10	-10	-10	4170.63	4061.91	4011.4	4011.57	918.37	900.42	897.09	897.9
2025-11-17	0.324	0.09	0.875	-0.85	-0.483		0	2	1	2	4011.57	4078.57	4045.4	4089.25	897.9	904.15	895.69	902.67
2025-11-18	-0.734	-0.849	-0.362	12.859	-0.284		-4	-5	-8	-8	4089.25	4044.47	3953.26	3953.62	902.67	899.62	873.04	878.7
2025-11-19	-1.394	-0.961	-0.242	10.322	-0.198		-6	-6	-10	-7	3953.62	3966.64	3854.95	3929.51	878.7	881.49	854.23	871.32
2025-11-20	1.577	0.916	0.243	-4.172	0.32		5	8	8	9	3929.51	4030.97	4001.31	4004.85	871.32	884.1	884.1	891.94
2025-11-21	-2.244	-1.519	-0.653	11.665	-0.575		-6	-10	-10	-10	4004.85	3908.7	3838.46	3853.26	891.94	867.45	860.17	863.95
2025-11-24	1.502	1.503	-1.047	-11.317	-0.017		6	9	5	5	3853.26	3915.16	3838.2	3846.06	863.95	873.3	850.09	856.44
2025-11-25	2.761	1.621	-0.615	-12.42	0.085		6	9	6	6	3846.06	3942.36	3833.35	3857.78	856.44	867.84	851.41	856.03
2025-11-26	0.615	0.899	-0.892	-9.552	0.173		4	6	4	8	3857.78	3891.88	3866.66	3960.87	856.03	863.28	859.32	877.32
2025-11-27	0.821	0.691	-0.1	-7.381	0.0		3	4	3	3	3960.87	3989.45	3968.43	3986.91	877.32	879.44	878.04	880.06
2025-11-28	0.864	0.724	-0.1	-7.381	-0.119		3	4	2	3	3986.91	3995.3	3921.89	3926.59	880.06	888.75	888.1	912.67
2025-12-01	0.652	0.466	0.475	-4.887	0.7	1.268	3	5	0	4	3926.59	3967.92	3892.08	3920.37	912.67	920.69	917.18	922.38
2025-12-02	-0.304	-0.499	1.967	5.443	0.337		-3	-3	-4	-1	3920.37	3939.09	3935.14	3994.93	922.38	921.37	914.67	928.42
2025-12-03	0.611	0.286	-0.244	-3.77	0.017		1	1	1	2	3994.93	4010.26	3987.76	4036.3	928.42	931.49	926.08	932.01
2025-12-04	0.144	0.356	-0.71	-3.074	0.237		0	0	-1	0	4036.3	4018.91	3982.54	4028.51	932.01	934.01	924.62	929.83
2025-12-05	0.245	0.09	1.257	-1.866	0.05		0	0	-1	2	4028.51	4023.5	4003.29	4100.05	929.83	930.75	916.11	924.74
2025-12-08	0.38	0.263	0.755	-2.345	0.117		0	0	0	1	4100.05	4109.25	4081.26	4154.85	924.74	928.52	922.17	927.79
2025-12-09	0.054	-0.213	0.797	8.112	-0.017		-1	-1	-2	-1	4154.85	4129.77	4121.21	4143.55	927.79	926.93	924.55	931.35
2025-12-10	0.053	-0.102	0.336	1.621	0.206		0	0	0	0	4143.55	4159.05	4123.6	4135.0	931.35	932.37	927.36	935.0
2025-12-11	0.219	0.606	-0.526	-6.852	0.77		2	2	1	2	4135.0	4163.32	4103.2	4110.62	935.0	940.59	929.56	934.64
2025-12-12	-0.303	0.306	-0.552	-5.834	0.503		1	1	1	2	4110.62	4123.83	4120.73	4167.16	934.64	933.99	930.21	937.34
2025-12-15	-1.65	-1.063	1.28	5.993	0.104		-5	-8	-8	-7	4167.16	4053.74	4052.65	4090.59	937.34	925.6	921.09	938.83
2025-12-16	-0.562	-0.127	-0.286	4.828	-0.246		-2	-2	-6	-6	4090.59	4093.32	3996.23	3999.13	938.83	938.23	915.49	916.11
2025-12-17	0.046	-0.312	-0.789	-0.121	-0.072		0	0	-1	1	3999.13	4019.43	3994.65	4056.41	916.11	922.03	907.24	911.07
2025-12-18	-1.504	-0.97	0.048	6.917	1.716		-5	-8	-8	-8	4056.41	3989.6	3975.5	3994.51	911.07	899.3	895.19	901.33
2025-12-19	1.277	0.705	-0.843	-4.257	-0.214		4	7	4	5	3994.51	4055.78	3997.05	4020.55	901.33	909.7	899.25	915.27
2025-12-22	3.309	2.496	0.85	-11.618	-0.053		6	9	9	9	4020.55	4096.26	4083.13	4105.93	915.27	923.97	923.2	929.14
2025-12-23	0.554	0.651	0.434	-5.567	-0.103		3	3	2	2	4105.93	4127.4	4110.25	4117.32	929.14	932.48	918.54	919.56
2025-12-24	0.581	0.433	0.0	-0.568	0.154		2	2	2	2	4117.32	4136.24	4106.62	4108.62	919.56	921.01	913.21	915.2
2025-12-26	0.17	0.279	-0.792	-3.786	0.0		0	0	0	0	4108.62	4130.37	4116.53	4129.68	915.2	920.9	913.85	919.67
2025-12-29	-0.086	-0.013	0.0	0.965	0.529		0	0	0	3	4129.68	4146.48	4146.48	4220.56	919.67	923.22	921.12	932.59
2025-12-30	-0.502	-0.328	-0.484	4.412	-0.465		-2	-2	-4	-2	4220.56	4193.75	4186.95	4214.17	932.59	928.99	920.56	925.47
2026-01-02	-0.671	-0.598	0.799	4.327	-0.017		-3	-3	-3	1	4214.17	4224.53	4216.68	4309.63	925.47	930.35	930.35	945.57
2026-01-05	0.156	0.349	0.576	-2.943	0.262		0	2	2	3	4309.63	4385.92	4381.93	4457.52	945.57	948.56	945.27	957.5
2026-01-06	0.71	0.661	-0.525	2.688	0.034		2	2	1	4	4457.52	4446.08	4395.0	4525.48	957.5	959.38	950.07	955.97
2026-01-07	0.683	0.63	0.336	-1.007	-0.228		2	3	-1	1	4525.48	4566.34	4488.2	4551.06	955.97	957.74	937.95	947.39
2026-01-08	0.158	-0.283	-0.981	4.271	0.768		-1	-1	-1	-1	4551.06	4531.46	4527.5	4552.37	947.39	950.71	943.08	944.06
2026-01-09	-0.296	0.169	1.087	0.455	1.108		0	0	-2	1	4552.37	4530.03	4500.48	4586.32	944.06	944.74	935.54	947.92
2026-01-12	0.856	0.676	-0.287	-6.214	-0.203		3	4	2	4	4586.32	4639.89	4567.55	4624.79	947.92	948.48	939.33	949.81
2026-01-13	0.252	0.122	0.384	4.348	0.756		-1	0	-2	0	4624.79	4662.44	4641.58	4692.64	949.81	954.75	941.34	948.98
2026-01-14	-0.122	-0.24	-0.382	5.688	-0.049		-1	-1	-2	-1	4692.64	4685.11	4669.32	4723.1	948.98	951.03	937.72	942.18
2026-01-15	-1.153	-0.684	-0.743	4.819	-1.548		-4	-4	-4	-1	4723.1	4710.28	4705.44	4797.55	942.18	940.66	937.74	951.16
2026-01-16	0.306	0.33	0.483	-5.433	0.118		1	1	0	2	4797.55	4820.66	4797.75	4840.74	951.16	950.83	943.43	954.59
2026-01-19	-0.062	-0.064	1.707	0.126	0.0		-1	-1	-1	1	4840.74	4829.4	4827.95	4904.66	954.59	952.93	950.63	968.36
2026-01-20	-0.911	-0.903	1.707	0.126	-0.723		-5	-5	-8	-4	4904.66	4900.28	4823.88	4885.75	968.36	973.17	954.64	976.37
2026-01-21	-2.305	-1.924	1.513	26.671	-1.276		-7	-11	-11	-9	4885.75	4808.94	4807.13	4909.93	976.37	958.05	933.31	951.29
2026-01-22	1.408	1.303	-0.978	-15.879	0.099		6	9	6	9	4909.93	4987.06	4934.17	4952.53	951.29	963.77	956.09	970.35
2026-01-23	0.702	0.448	-0.094	-7.456	0.505		3	3	3	6	4952.53	4984.08	4926.22	4990.07	970.35	977.15	975.25	993.93
2026-01-26	-0.315	-0.568	-0.235	2.877	0.246		-1	0	-1	0	4990.07	4997.54	4940.78	4949.59	993.93	1003.9	1003.85	1064.41
2026-01-27	0.475	0.44	-0.613	0.373	0.247		2	1	0	5	4949.59	4932.89	4890.72	5084.85	1064.41	1054.19	1054.16	1082.59
2026-01-28	1.061	0.433	0.237	1.238	0.305		3	5	5	7	5084.85	5145.39	5124.8	5170.81	1082.59	1093.47	1092.62	1133.52
2026-01-29	0.652	0.195	0.663	0.0	0.459		1	3	-3	4	5170.81	5243.42	5073.12	5221.25	1133.52	1153.43	1108.43	1164.41
2026-01-30	-0.725	-0.129	-0.565	3.242	0.153		-1	-1	-2	-2	5221.25	5210.35	5199.78	5224.36	1164.41	1166.23	1146.34	1149.44
2026-02-02	-1.488	-0.821	0.331	3.318	-0.751		-3	-7	-7	-7	5224.36	5122.62	4933.58	4949.67	1149.44	1128.57	1089.89	1098.36
2026-02-03	0.658	0.564	0.802	-6.307	0.225		3	7	7	7	4949.67	5114.81	5101.31	5288.08	1098.36	1135.94	1119.65	1144.33
2026-02-04	-1.682	-0.952	-0.023	10.159	0.933		-6	-6	-7	-4	5288.08	5260.71	5243.11	5371.1	1144.33	1139.02	1136.73	1149.43
2026-02-05	-1.258	-0.373	0.023	3.556	-0.998		-2	-5	-6	-6	5371.1	5251.03	5142.2	5163.57	1149.43	1137.08	1104.63	1108.41
2026-02-06	-2.542	-1.742	-1.52	16.792	-0.3		-5	-9	-9	-8	5163.57	5013.15	4899.3	5089.14	1108.41	1077.08	1048.28	1080.77
2026-02-09	2.139	2.077	-0.095	-6.431	-0.881		5	9	9	9	5089.14	5299.1	5265.08	5298.04	1080.77	1109.91	1106.07	1127.55
2026-02-10	0.936	0.494	-0.19	-14.777	0.124		5	6	4	4	5298.04	5350.21	5286.67	5301.69	1127.55	1132.24	1109.44	1115.2
2026-02-11	-0.424	-0.187	-1.215	2.477	0.375		-1	-1	-2	0	5301.69	5293.75	5257.53	5354.49	1115.2	1120.62	1110.53	1114.87
2026-02-12	-0.154	0.053	0.603	-0.787	0.371		0	1	1	3	5354.49	5425.39	5399.52	5522.27	1114.87	1122.55	1110.18	1125.99
2026-02-13	-1.735	-1.354	-1.63	17.96	0.239		-5	-6	-8	-6	5522.27	5513.71	5480.92	5507.01	1125.99	1113.53	1099.62	1106.08
2026-02-19	0.726	0.52	0.666	-3.302	-0.138		2	5	4	6	5507.01	5642.09	5614.97	5677.25	1106.08	1122.2	1111.28	1160.71
2026-02-20	-0.396	-0.322	-0.098	3.109	0.361		0	0	-1	2	5677.25	5696.89	5684.58	5808.53	1160.71	1161.4	1147.72	1154.0
2026-02-23	0.762	0.618	0.27	-5.635	-0.753		3	6	2	3	5808.53	5903.11	5792.57	5846.09	1154.0	1166.94	1143.38	1151.99
2026-02-24	-1.029	-0.94	-1.395	10.058	0.0		-6	-6	-7	-3	5846.09	5853.48	5775.61	5969.64	1151.99	1159.76	1146.22	1165.0
2026-02-25	0.995	0.714	0.099	-6.949	0.67		4	5	4	6	5969.64	6022.7	5984.28	6083.86	1165.0	1174.27	1158.18	1165.25
2026-02-26	1.286	0.889	0.372	-8.286	0.352		4	5	4	8	6083.86	6121.03	6107.41	6307.27	1165.25	1176.15	1161.4	1188.15
2026-02-27	-1.408	-0.84	-0.766	3.904	0.215		-3	-6	-6	-4	6307.27	6197.49	6153.87	6244.13	1188.15	1175.4	1173.16	1192.78
2026-03-03	0.266	-0.029	2.171	7.956	0.0		-2	-5	-6	-6	6244.13	6165.15	5791.65	5791.91	1192.78	1169.82	1137.7	1137.7
2026-03-04	-1.202	-1.113	0.198	9.935	0.241		-6	-10	-10	-10	5791.91	5592.59	5059.45	5093.54	1137.7	1112.08	976.54	978.44
2026-03-05	1.404	0.881	0.592	-10.267	1.996		5	9	9	9	5093.54	5250.92	5248.13	5583.9	978.44	1023.84	1023.84	1116.41
2026-03-06	-0.375	-0.7	1.618	12.293	-2.382		-3	-5	-7	-1	5583.9	5491.02	5381.27	5584.87	1116.41	1117.49	1092.43	1154.67
2026-03-09	-2.541	-2.191	-0.314	24.168	7.811		-8	-12	-12	-12	5584.87	5265.37	5096.16	5251.87	1154.67	1096.48	1067.24	1102.28
2026-03-10	1.339	0.827	0.073	-13.53	-9.518		7	11	11	11	5251.87	5523.21	5427.88	5532.59	1102.28	1147.99	1123.79	1137.68
2026-03-11	0.116	-0.074	0.0	-2.235	4.122		-2	1	-3	-1	5532.59	5658.72	5559.69	5609.95	1137.68	1155.48	1121.45	1136.83
2026-03-12	-0.112	-0.283	1.741	-2.808	2.372		-2	-3	-3	-1	5609.95	5567.65	5527.47	5583.25	1136.83	1132.0	1128.22	1148.4
2026-03-13	-1.751	-1.422	1.545	12.629	1.055		-7	-11	-11	-9	5583.25	5412.39	5392.52	5487.24	1148.4	1122.28	1119.74	1152.96
2026-03-16	-1.374	-1.02	0.281	-0.366	2.249		-5	-5	-8	-5	5487.24	5510.82	5448.75	5549.85	1152.96	1156.5	1124.98	1138.29
2026-03-17	1.188	0.942	-1.517	-13.534	0.973		7	10	8	9	5549.85	5711.8	5632.86	5640.48	1138.29	1156.83	1136.94	1136.94
2026-03-18	0.473	0.261	-0.427	-4.849	-0.218		2	5	5	6	5640.48	5767.1	5766.14	5925.03	1136.94	1156.46	1149.88	1164.38
2026-03-19	-1.597	-1.421	1.356	12.159	2.917		-7	-11	-11	-10	5925.03	5761.4	5738.95	5763.22	1164.38	1139.12	1138.8	1143.48
2026-03-20	-0.06	-0.071	0.517	-4.105	-1.186		1	3	1	2	5763.22	5813.35	5764.64	5781.2	1143.48	1153.67	1144.37	1161.52
2026-03-23	-3.61	-2.797	2.569	11.305	2.227		-8	-12	-12	-12	5781.2	5580.15	5397.94	5405.75	1161.52	1129.86	1095.56	1096.89
2026-03-24	1.419	1.149	-1.298	-2.353	0.738		4	8	4	8	5405.75	5638.2	5395.17	5553.92	1096.89	1134.16	1094.67	1121.44
2026-03-25	0.009	0.239	1.338	3.059	-4.18		2	5	4	6	5553.92	5680.33	5630.07	5642.21	1121.44	1133.31	1131.77	1159.55
2026-03-26	0.795	0.553	-1.457	-6.011	1.174		3	2	-1	-1	5642.21	5594.06	5448.12	5460.46	1159.55	1159.61	1135.33	1136.64
2026-03-27	-2.254	-1.572	2.033	8.33	-1.238		-6	-9	-10	-6	5460.46	5300.61	5220.1	5438.87	1136.64	1119.77	1101.93	1141.51
2026-03-30	-2.743	-2.175	0.543	13.156	2.971		-7	-11	-11	-11	5438.87	5181.8	5151.22	5277.3	1141.51	1101.77	1094.48	1107.05
2026-03-31	-0.821	-0.442	-2.207	-1.417	2.129		-2	-4	-6	-6	5277.3	5143.75	5042.99	5052.46	1107.05	1099.08	1049.76	1052.39
2026-04-01	3.719	2.78	-0.714	-17.511	0.335	1.018	6	10	8	10	5052.46	5330.04	5272.45	5478.7	1052.39	1090.36	1089.31	1116.18
2026-04-02	1.098	0.728	0.186	-2.812	-1.199		3	5	-1	-1	5478.7	5551.69	5170.27	5234.05	1116.18	1130.16	1040.07	1056.34
2026-04-03	0.175	0.112	-0.139	-2.73	0.0		0	4	2	2	5234.05	5375.5	5316.42	5377.3	1056.34	1079.17	1054.12	1063.75
2026-04-06	-0.339	-0.375	-0.139	-2.73	1.273		0	1	-1	0	5377.3	5423.35	5404.91	5450.33	1063.75	1068.33	1044.85	1047.37
2026-04-07	0.495	0.435	0.51	1.257	0.187		2	5	0	2	5450.33	5552.19	5424.46	5494.78	1047.37	1060.25	1026.95	1036.73
2026-04-08	0.685	0.56	0.185	6.661	-3.727		2	6	6	6	5494.78	5804.7	5774.0	5872.34	1036.73	1084.57	1071.35	1089.85
2026-04-09	2.657	2.369	-1.197	-18.386	2.51		5	4	1	2	5872.34	5826.45	5757.49	5778.01	1089.85	1083.4	1068.82	1076.0
2026-04-10	0.771	0.541	0.047	-7.367	0.368		3	6	4	5	5778.01	5876.12	5850.83	5858.87	1076.0	1089.14	1082.92	1093.63
2026-04-13	-0.839	-1.212	0.559	-1.334	5.623		-5	-8	-8	-6	5858.87	5737.28	5730.23	5808.62	1093.63	1076.85	1074.84	1099.84
2026-04-14	1.351	1.053	-0.463	-0.572	-1.1		4	8	7	8	5808.62	5960.0	5938.33	5967.75	1099.84	1120.61	1118.05	1121.88
2026-04-15	1.922	1.168	-0.954	-3.975	0.811		4	7	7	8	5967.75	6141.6	6064.23	6091.39	1121.88	1140.62	1135.35	1152.43
2026-04-16	1.536	0.752	0.611	-1.035	0.197		3	5	3	6	6091.39	6149.49	6126.06	6226.05	1152.43	1163.0	1156.31	1162.97
2026-04-17	0.258	0.265	0.631	-1.266	-1.595		0	0	-1	0	6226.05	6227.33	6159.88	6191.92	1162.97	1166.78	1156.02	1170.04
2026-04-20	0.676	0.38	-1.462	-2.564	6.142		-1	-1	-1	-1	6191.92	6213.92	6176.75	6219.09	1170.04	1167.1	1161.0	1174.85
2026-04-21	-0.157	-0.199	0.094	7.952	-1.919		-1	1	0	1	6219.09	6302.54	6302.54	6388.47	1174.85	1186.23	1172.18	1179.03
2026-04-22	-0.236	-0.283	0.988	3.339	-2.312		1	1	-1	1	6388.47	6387.57	6318.51	6417.93	1179.03	1176.83	1160.5	1181.12
2026-04-23	1.609	0.931	0.047	-2.974	-0.065		4	5	0	5	6417.93	6488.83	6309.1	6475.81	1181.12	1189.1	1152.34	1174.31
2026-04-24	-0.673	-0.42	0.675	2.061	0.803		-2	-2	-3	0	6475.81	6496.1	6403.74	6475.63	1174.31	1176.42	1172.32	1203.84
2026-04-27	1.513	0.662	-0.301	-3.107	1.271		3	4	4	7	6475.63	6533.6	6529.19	6615.03	1203.84	1213.13	1209.28	1226.18
2026-04-28	0.14	0.106	0.603	-3.688	0.311		0	0	-1	-1	6615.03	6646.8	6621.73	6641.02	1226.18	1226.76	1207.47	1215.58
2026-04-29	-0.792	-0.468	0.415	-1.054	-0.22		-2	-2	-2	-1	6641.02	6619.0	6596.03	6690.9	1215.58	1213.28	1206.11	1220.26
2026-04-30	-0.394	-0.291	1.47	5.496	2.049		-2	-1	-5	-5	6690.9	6739.39	6597.83	6598.87	1220.26	1224.75	1189.52	1192.35
2026-05-04	1.087	0.544	-0.273	0.592	-2.168		4	7	7	7	6598.87	6782.93	6741.63	6936.99	1192.35	1212.28	1211.39	1213.74
2026-05-06	1.436	0.994	-0.675	-4.975	0.42		5	7	6	7	6936.99	7093.01	7093.01	7384.56	1213.74	1220.9	1197.01	1210.17
2026-05-07	1.837	1.337	-1.359	0.058	1.283		4	6	1	4	7384.56	7499.07	7257.89	7490.05	1210.17	1210.83	1196.63	1199.18
2026-05-08	-0.476	-0.693	0.826	-1.783	3.628		-3	-5	-5	-3	7490.05	7353.94	7318.96	7498.0	1199.18	1199.47	1194.56	1207.72
2026-05-11	1.577	0.634	-0.638	0.644	2.903		2	4	3	4	7498.0	7775.31	7713.49	7822.24	1207.72	1212.88	1190.6	1207.34
2026-05-12	0.018	0.171	1.054	6.923	0.326		-1	1	-5	-5	7822.24	7953.41	7421.71	7643.15	1207.34	1214.9	1142.49	1179.29
2026-05-13	-0.798	-0.258	1.202	-2.122	-0.02		-1	-3	-5	1	7643.15	7513.65	7402.36	7844.01	1179.29	1176.43	1153.65	1176.93
2026-05-14	1.4	0.692	0.403	-0.667	0.0		3	4	2	6	7844.01	7873.91	7842.72	7981.41	1176.93	1187.02	1162.2	1191.09
2026-05-15	0.89	0.722	-0.446	-3.414	0.88		2	2	-2	-2	7981.41	7951.75	7371.68	7493.18	1191.09	1197.23	1110.16	1129.82
2026-05-18	-1.871	-1.536	3.004	6.779	0.55		-7	-7	-11	-8	7493.18	7443.29	7142.71	7516.04	1129.82	1122.57	1071.66	1111.09
2026-05-19	-0.499	-0.104	0.609	-3.31	-1.426		-1	-2	-5	-5	7516.04	7425.66	7141.91	7271.66	1111.09	1111.36	1063.28	1084.36
2026-05-20	-0.824	-0.681	0.952	1.347	-3.387		-1	0	-5	-4	7271.66	7324.52	7053.84	7208.95	1084.36	1081.04	1038.23	1056.07
2026-05-21	1.077	0.824	-2.036	-3.433	0.702		4	8	8	8	7208.95	7486.37	7486.37	7815.59	1056.07	1085.3	1085.3	1105.97
2026-05-22	0.076	0.185	0.306	-3.899	1.713		0	2	1	2	7815.59	7873.12	7780.13	7847.71	1105.97	1119.43	1119.43	1161.13
2026-05-26	0.591	0.746	-0.611	-0.659	-2.816		3	7	5	6	7847.71	8070.91	8008.19	8047.51	1161.13	1189.28	1170.41	1172.52
2026-05-27	1.107	0.558	-1.426	2.532	-0.533		3	5	3	3	8047.51	8242.12	8220.04	8228.7	1172.52	1173.8	1128.75	1133.13
2026-05-28	0.312	0.199	-0.267	-4.233	0.485		1	0	-3	-1	8228.7	8165.73	7841.01	8185.29	1133.13	1135.84	1066.79	1104.36
2026-05-29	0.979	0.651	-0.58	-3.376	-0.394		3	5	2	3	8185.29	8384.31	8273.74	8476.15	1104.36	1112.15	1058.13	1074.8
2026-06-01	0.239	0.207	-0.045	-2.668	1.305	3.373	0	0	-4	0	8476.15	8485.67	8485.67	8788.38	1074.8	1072.77	1043.91	1050.03
2026-06-02	0.353	0.246	0.494	4.765	0.315		-1	0	-5	-3	8788.38	8883.19	8503.12	8801.49	1050.03	1044.89	1009.75	1026.03
2026-06-04	-1.474	-1.16	0.808	1.839	-0.281		-4	-6	-6	-4	8801.49	8623.82	8577.3	8639.41	1026.03	1032.91	1032.29	1049.73
2026-06-05	-0.329	0.254	-0.312	-4.11	-0.236		1	-2	-3	-3	8639.41	8323.2	8038.1	8160.59	1049.73	1035.22	992.8	1002.44
2026-06-08	-4.807	-3.084	1.318	39.675	2.717		-7	-10	-11	-11	8160.59	8048.09	7442.73	7484.41	1002.44	959.61	908.46	911.39
2026-06-09	0.79	0.254	0.353	-12.041	-0.022		3	7	7	7	7484.41	7697.76	7598.87	8096.93	911.39	937.69	937.04	967.81
2026-06-10	-1.044	-0.43	-0.527	5.021	1.361		-4	-7	-8	-7	8096.93	7899.77	7541.11	7730.82	967.81	958.58	932.27	951.63
2026-06-11	-2.33	-1.884	0.309	11.827	2.466		-7	-10	-11	-5	7730.82	7509.62	7394.46	7763.95	951.63	937.17	921.08	996.93
2026-06-12	2.516	1.772	-1.739	-12.511	-1.22		7	11	11	11	7763.95	8263.85	8079.77	8123.62	996.93	1027.05	1021.49	1029.05
2026-06-15	1.133	1.108	0.538	-9.053	-4.1		8	12	10	10	8123.62	8526.12	8450.24	8545.98	1029.05	1048.19	1025.42	1034.03
2026-06-16	3.007	1.646	-0.401	-8.371	0.433		5	7	4	6	8545.98	8696.55	8540.41	8726.6	1034.03	1039.0	1015.73	1018.68
2026-06-17	-1.114	-0.622	-0.917	1.296	0.71		-3	-4	-5	0	8726.6	8622.13	8605.66	8864.24	1018.68	1019.88	1008.57	1031.96
2026-06-18	-1.106	-0.999	0.79	12.371	-1.641		-6	-6	-8	-6	8864.24	8884.92	8867.34	9063.84	1031.96	1029.81	996.93	1000.93
2026-06-19	1.907	1.085	-0.269	-11.063	0.0		6	8	2	4	9063.84	9288.89	8831.72	9052.42	1000.93	1001.4	946.15	966.59
2026-06-22	2.944	1.548	-0.269	-11.063	3.042		5	3	1	5	9052.42	8954.43	8900.68	9114.55	966.59	957.49	944.31	968.4
2026-06-23	-1.295	-0.371	1.303	5.366	-0.909		-3	-4	-7	-7	9114.55	9083.54	8203.84	8203.84	968.4	958.64	891.52	891.52
2026-06-24	-1.864	-1.278	-0.355	12.789	-0.109		-6	-3	-7	-2	8203.84	8356.79	8080.99	8471.02	891.52	905.13	886.17	909.31
2026-06-25	1.518	0.548	-2.025	-4.413	-0.554		5	8	5	5	8471.02	8703.42	8693.62	8930.3	909.31	923.66	884.05	887.81
2026-06-26	-0.405	0.094	-0.227	1.396	-0.667		-1	-2	-5	-5	8930.3	8813.18	8126.84	8411.21	887.81	884.43	838.53	851.37
2026-06-29	-0.532	-0.098	-0.455	-2.541	1.834		-1	-1	-2	1	8411.21	8334.28	8127.99	8394.65	851.37	860.4	859.33	920.57
2026-06-30	1.914	1.112	0.046	-4.128	-0.452		5	5	2	6	8394.65	8416.7	8220.8	8476.48	920.57	925.21	910.3	916.18
2026-07-01	1.466	0.726	1.006	-6.799	0.691	2.294	4	6	-1	3	8476.48	8591.5	8143.33	8303.41	916.18	924.09	905.87	929.35
2026-07-02	-0.678	-0.315	1.29	0.851	-0.802		-1	-5	-5	-5	8303.41	7933.1	7616.33	7648.09	929.35	904.53	863.74	866.72
2026-07-03	-0.796	0.0	0.223	-2.652	0.0		-1	1	-5	1	7648.09	7739.75	7378.1	8088.34	866.72	875.18	823.98	868.41
2026-07-06	0.47	0.452	0.223	-2.652	-0.015		2	3	-2	0	8088.34	8186.82	7815.53	8051.33	868.41	866.4	825.73	847.07
2026-07-07	1.18	0.797	-0.134	-3.591	0.044		3	1	-1	-1	8051.33	7919.2	7389.22	7656.31	847.07	843.74	812.7	831.23
2026-07-08	-1.218	-0.528	1.116	3.597	2.754		-4	-7	-8	-8	7656.31	7452.48	7186.21	7246.79	831.23	816.39	778.7	785.0
2026-07-09	0.01	-0.434	0.883	4.774	1.945		-2	1	-5	-1	7246.79	7486.64	7063.76	7291.91	785.0	792.99	778.17	794.0
2026-07-10	1.302	0.795	-0.657	-6.272	-0.305		4	7	7	8	7291.91	7552.49	7429.51	7475.94	794.0	807.0	800.39	837.43
2026-07-13	0.018	0.247	0.661	-5.114	3.193		0	-1	-4	-4	7475.94	7412.03	6783.43	6806.93	837.43	839.72	797.34	799.36
2026-07-14	-1.655	-0.872	0.875	14.172	-0.128		-5	-5	-9	-6	6806.93	6769.06	6448.86	6856.83	799.36	797.16	749.76	783.98
2026-07-15	0.953	0.356	-0.521	-3.846	0.504		2	6	6	6	6856.83	7082.91	7082.91	7284.41	783.98	805.71	805.59	829.43
2026-07-16	0.674	0.385	-0.872	-5.03	0.503		2	-2	-2	-2	7284.41	6960.5	6730.87	6820.6	829.43	813.32	786.59	791.84
2026-07-20	-1.486	-1.18	-0.613	12.194	1.54		-6	-10	-10	-10	6820.6	6643.58	6472.8	6516.27	791.84	773.21	747.0	749.64
2026-07-21	-0.049	-0.197	1.255	-0.639	0.3		0	0	-3	2	6516.27	6553.88	6429.03	6747.95	749.64	750.07	730.81	753.34
2026-07-22	1.272	0.876	0.652	-8.579	-0.259		4	8	4	5	6747.95	7052.09	6791.06	6797.7	753.34	772.41	751.09	751.09
2026-07-23	-0.845	-0.269	0.627	-2.405	1.025		-1	2	1	3	6797.7	6963.35	6892.64	7096.89	751.09	763.51	760.83	790.28
2026-07-24	-1.876	-1.135	0.988	12.38	0.39		-6	-8	-10	-10	7096.89	7000.78	6650.41	6690.62	790.28	777.5	746.5	748.22
2026-07-27	0.126	0.62	-0.51	-0.642	-3.572		2	5	0	5	6690.62	6806.27	6557.39	6755.75	748.22	760.54	753.73	764.86
2026-07-28	-0.102	0.08	-0.812	0.484	-0.738		0	-4	-4	-4	6755.75	6400.27	5992.91	6023.66	764.86	742.13	697.45	705.85
2026-07-29	-0.078	0.194	-0.797	-2.464	0.984		0	2	-4	-4	6023.66	6089.11	5262.77	5663.24	705.85	713.71	630.99	662.68
2026-07-30	-2.257	-1.696	0.391	13.454	0.225		-6	-7	-10	-9	5663.24	5681.77	5547.41	5593.56	662.68	654.72	642.95	644.78
2026-07-31	3.06	1.754	0.887	-17.28	0.395		6	9	8	10	5593.56	5657.79	5629.76	6595.45	644.78	666.47	663.25	719.76
2026-08-03	1.568	1.109	1.759	-6.437	-5.397		6	3	2	6	6595.45	6358.27	6223.29	6257.45	719.76	709.99	705.07	737.35
2026-08-04	2.261	1.515	-1.243	-0.813	-0.299		4	7	3	8	6257.45	6351.38	6080.25	6358.95	737.35	748.19	748.19	780.72
2026-08-05	2.301	1.873	-1.259	4.035	-0.792		3	7	5	7	6358.95	6603.48	6540.27	6598.26	780.72	794.93	783.32	799.59
2026-08-06	-0.987	-0.074	-0.216	-4.182	-0.106		-1	-3	-5	-3	6598.26	6478.75	6238.32	6296.38	799.59	797.44	779.08	801.67
2026-08-07	0.031	-0.173	1.148	-4.175	1.139		1	2	-3	1	6296.38	6365.07	6158.73	6258.77	801.67	807.62	776.6	798.81
2026-08-10	1.354	0.58	-0.214	-1.65	0.307		3	5	4	5	6258.77	6306.33	6232.45	6299.66	798.81	807.66	807.66	854.47
2026-08-11	-0.227	-0.039	0.837	3.758	0.268		0	-1	-2	1	6299.66	6240.06	6213.78	6345.53	854.47	848.59	840.45	857.84
2026-08-12	-0.494	-0.212	-0.319	-1.164	0.349		-1	0	-2	1	6345.53	6438.5	6413.5	6579.04	857.84	854.85	839.86	858.91
2026-08-13	0.446	0.256	-0.043	-4.777	-0.685		2	4	4	4	6579.04	6773.92	6748.13	6813.34	858.91	863.15	853.09	861.37
2026-08-14	0.881	0.684	-0.876	0.55	0.025		2	4	0	4	6813.34	6995.67	6848.43	6977.94	861.37	868.07	845.41	864.65
2026-08-18	-0.378	-0.558	0.596	6.596	0.568		-2	0	-6	-6	6977.94	7127.77	6788.78	6869.83	864.65	866.59	827.97	834.2
2026-08-19	-1.399	-0.688	-0.381	4.279	0.565		-4	-8	-8	-7	6869.83	6528.77	6400.81	6471.17	834.2	810.08	804.02	824.46
2026-08-20	0.323	0.263	-1.126	-5.997	-0.035		1	5	4	5	6471.17	6680.34	6600.09	6852.58	824.46	843.99	834.69	840.89
2026-08-21	-0.912	-0.782	0.924	7.522	-1.776		-4	-7	-8	-5	6852.58	6759.95	6742.44	6912.95	840.89	824.05	795.57	801.94
2026-08-24	0.45	0.464	0.894	-5.497	-0.643		3	3	1	2	6912.95	6881.07	6656.07	6696.96	801.94	804.27	804.27	813.33
2026-08-25	-0.646	-0.199	-0.718	4.759	0.024		-2	-4	-6	-1	6696.96	6535.93	6408.82	6742.74	813.33	806.93	781.89	827.15
2026-08-26	0.697	0.313	-1.382	-2.524	-1.518		1	1	0	2	6742.74	6727.25	6704.1	6808.21	827.15	824.77	815.53	826.87
2026-08-27	0.636	0.396	0.539	-1.553	-0.28		1	3	1	4	6808.21	6996.12	6841.88	6912.37	826.87	828.42	824.22	837.65
2026-08-28	1.371	0.607	0.172	-4.602	0.168		4	3	1	2	6912.37	6846.54	6780.13	6788.88	837.65	835.23	829.59	838.41
2026-08-31	-0.36	-0.229	1.027	-0.551	1.547		0	-4	-4	0	6788.88	6613.58	6547.76	6820.02	838.41	821.67	805.14	834.29
2026-09-01	-0.102	-0.303	0.805	3.396	0.641	1.605	0	0	-5	-1	6820.02	6784.29	6732.47	6835.8	834.29	831.96	815.52	821.25
2026-09-02	-0.99	-0.682	0.799	9.517	0.477		-5	-9	-9	-9	6835.8	6625.47	6558.3	6562.72	821.25	802.8	796.34	803.98
2026-09-03	0.421	0.421	0.0	-6.977	-0.341		3	5	-1	2	6562.72	6650.33	6439.49	6579.48	803.98	814.31	782.87	790.21
2026-09-04	1.33	0.993	-0.709	-5.789	0.405		5	7	7	9	6579.48	6654.36	6632.77	6687.21	790.21	802.32	798.97	813.5
2026-09-07	-0.29	-0.376	0.462	1.466	0.0		0	3	2	3	6687.21	6910.78	6867.91	6995.39	813.5	822.91	819.78	822.19
2026-09-08	-0.391	-0.46	0.462	5.299	0.853		-2	-1	-3	-3	6995.39	7045.79	6951.78	6954.52	822.19	825.03	811.88	811.88
2026-09-09	-0.364	-0.578	0.46	2.745	1.376		-1	-1	-1	2	6954.52	6972.87	6968.06	7051.64	811.88	815.06	814.79	830.37
2026-09-10	-0.603	-0.448	0.645	4.707	0.864		-3	-3	-7	-3	7051.64	7038.85	6898.45	7033.92	830.37	825.06	813.66	836.92
2026-09-11	-0.634	-0.572	2.212	8.384	1.795		-4	-8	-8	-8	7033.92	6802.5	6802.5	6909.91	836.92	816.91	816.91	820.64
2026-09-14	-0.361	0.204	0.627	-11.211	2.199		1	-2	-3	-2	6909.91	6692.61	6654.82	6684.37	820.64	806.27	799.77	806.79
2026-09-15	-0.393	-0.405	-0.281	7.955	0.612		-2	-2	-4	-3	6684.37	6659.25	6582.2	6627.26	806.79	806.49	801.97	812.41
2026-09-16	-0.702	-0.354	0.705	0.585	-0.331		-1	-1	-2	0	6627.26	6611.24	6598.87	6717.97	812.41	808.37	801.12	815.98
2026-09-17	0.002	-0.434	0.2	2.965	-0.244		-1	0	-1	-1	6717.97	6779.02	6697.85	6715.41	815.98	820.16	814.98	822.18
2026-09-18	1.666	1.099	-1.179	-12.818	-0.834		6	9	8	8	6715.41	6885.7	6830.95	6894.23	822.18	832.72	824.73	827.12
2026-09-21	1.49	1.011	1.031	-4.08	0.698		5	5	5	8	6894.23	6938.34	6938.34	7007.72	827.12	830.71	822.41	836.27
2026-09-22	2.245	1.448	-0.7	0.405	-0.407		4	7	4	4	7007.72	7161.61	6986.27	7017.91	836.27	846.14	831.13	834.38
2026-09-23	0.386	-0.023	0.101	-4.438	-4.969		3	6	3	5	7017.91	7153.99	7014.98	7080.92	834.38	841.73	835.46	844.48
2026-09-28	0.418	0.411	0.426	-5.105	1.266		3	3	1	1	7080.92	7057.86	6889.68	6889.74	844.48	845.48	841.23	846.58
2026-09-29	-0.936	-0.774	1.08	8.07	1.004		-4	-4	-7	-4	6889.74	6844.41	6782.99	6870.81	846.58	843.87	833.62	849.8
2026-09-30	0.221	-0.329	0.286	-0.187	1.141		0	1	-1	0	6870.81	6943.47	6818.39	6838.04	849.8	854.78	852.1	855.91
